age,annual_income,occupation,gender,category,education,land_owned_acres,is_bpl,is_disabled,scheme_id,rule_score_pct,matched_count,missed_count,is_disqualified,synthetic_outcome_approved
57,40000,salaried,other,general,postgraduate,5,1,0,ayushman_bharat,100.0,2,0,0,1
57,40000,salaried,other,general,postgraduate,5,1,0,pm_suraksha_bima,100.0,2,0,0,1
57,40000,salaried,other,general,postgraduate,5,1,0,pm_awas_yojana_gramin,85.7,3,1,0,0
57,40000,salaried,other,general,postgraduate,5,1,0,mgnregs,66.7,2,1,0,1
57,40000,salaried,other,general,postgraduate,5,1,0,pm_kisan,0.0,3,1,1,0
57,40000,salaried,other,general,postgraduate,5,1,0,pm_fasal_bima,0.0,2,1,1,0
57,40000,salaried,other,general,postgraduate,5,1,0,kisan_credit_card,0.0,2,1,1,0
57,40000,salaried,other,general,postgraduate,5,1,0,pm_matru_vandana,0.0,2,1,1,0
57,40000,salaried,other,general,postgraduate,5,1,0,mahila_shakti_kendra,0.0,1,1,1,0
57,40000,salaried,other,general,postgraduate,5,1,0,national_scholarship_portal,0.0,1,3,1,0
57,40000,salaried,other,general,postgraduate,5,1,0,pm_scholarship_scheme,0.0,1,2,1,0
57,40000,salaried,other,general,postgraduate,5,1,0,pm_jeevan_jyoti,0.0,1,1,1,0
57,40000,salaried,other,general,postgraduate,5,1,0,pm_mudra_yojana,0.0,2,1,1,0
57,40000,salaried,other,general,postgraduate,5,1,0,startup_india_seed_fund,0.0,0,2,1,0
57,40000,salaried,other,general,postgraduate,5,1,0,deen_dayal_disability,0.0,1,1,1,0
57,40000,salaried,other,general,postgraduate,5,1,0,post_matric_sc,0.0,1,2,1,0
57,40000,salaried,other,general,postgraduate,5,1,0,eklavya_model_school,0.0,0,3,1,0
57,40000,salaried,other,general,postgraduate,5,1,0,indira_gandhi_old_age,0.0,2,1,1,0
23,250000,daily_wage,female,general,graduate,0,0,0,pm_matru_vandana,100.0,3,0,0,1
23,250000,daily_wage,female,general,graduate,0,0,0,mahila_shakti_kendra,100.0,2,0,0,1
23,250000,daily_wage,female,general,graduate,0,0,0,pm_suraksha_bima,100.0,2,0,0,1
23,250000,daily_wage,female,general,graduate,0,0,0,pm_jeevan_jyoti,100.0,2,0,0,1
23,250000,daily_wage,female,general,graduate,0,0,0,mgnregs,66.7,2,1,0,1
23,250000,daily_wage,female,general,graduate,0,0,0,pm_kisan,0.0,2,2,1,0
23,250000,daily_wage,female,general,graduate,0,0,0,pm_fasal_bima,0.0,1,2,1,0
23,250000,daily_wage,female,general,graduate,0,0,0,kisan_credit_card,0.0,1,2,1,0
23,250000,daily_wage,female,general,graduate,0,0,0,national_scholarship_portal,0.0,2,2,1,0
23,250000,daily_wage,female,general,graduate,0,0,0,pm_scholarship_scheme,0.0,2,1,1,0
23,250000,daily_wage,female,general,graduate,0,0,0,ayushman_bharat,0.0,0,2,1,0
23,250000,daily_wage,female,general,graduate,0,0,0,pm_awas_yojana_gramin,0.0,3,1,1,0
23,250000,daily_wage,female,general,graduate,0,0,0,pm_mudra_yojana,0.0,2,1,1,0
23,250000,daily_wage,female,general,graduate,0,0,0,startup_india_seed_fund,0.0,1,1,1,0
23,250000,daily_wage,female,general,graduate,0,0,0,deen_dayal_disability,0.0,1,1,1,0
23,250000,daily_wage,female,general,graduate,0,0,0,post_matric_sc,0.0,1,2,1,0
23,250000,daily_wage,female,general,graduate,0,0,0,eklavya_model_school,0.0,0,3,1,0
23,250000,daily_wage,female,general,graduate,0,0,0,indira_gandhi_old_age,0.0,0,3,1,0
42,150000,unemployed,other,st,secondary,2.5,0,0,pm_suraksha_bima,100.0,2,0,0,1
42,150000,unemployed,other,st,secondary,2.5,0,0,pm_jeevan_jyoti,100.0,2,0,0,1
42,150000,unemployed,other,st,secondary,2.5,0,0,mgnregs,100.0,3,0,0,1
42,150000,unemployed,other,st,secondary,2.5,0,0,pm_kisan,0.0,3,1,1,0
42,150000,unemployed,other,st,secondary,2.5,0,0,pm_fasal_bima,0.0,2,1,1,0
42,150000,unemployed,other,st,secondary,2.5,0,0,kisan_credit_card,0.0,2,1,1,0
42,150000,unemployed,other,st,secondary,2.5,0,0,pm_matru_vandana,0.0,2,1,1,0
42,150000,unemployed,other,st,secondary,2.5,0,0,mahila_shakti_kendra,0.0,1,1,1,0
42,150000,unemployed,other,st,secondary,2.5,0,0,national_scholarship_portal,0.0,2,2,1,0
42,150000,unemployed,other,st,secondary,2.5,0,0,pm_scholarship_scheme,0.0,1,2,1,0
42,150000,unemployed,other,st,secondary,2.5,0,0,ayushman_bharat,0.0,0,2,1,0
42,150000,unemployed,other,st,secondary,2.5,0,0,pm_awas_yojana_gramin,0.0,3,1,1,0
42,150000,unemployed,other,st,secondary,2.5,0,0,pm_mudra_yojana,0.0,2,1,1,0
42,150000,unemployed,other,st,secondary,2.5,0,0,startup_india_seed_fund,0.0,1,1,1,0
42,150000,unemployed,other,st,secondary,2.5,0,0,deen_dayal_disability,0.0,1,1,1,0
42,150000,unemployed,other,st,secondary,2.5,0,0,post_matric_sc,0.0,1,2,1,0
42,150000,unemployed,other,st,secondary,2.5,0,0,eklavya_model_school,0.0,1,2,1,0
42,150000,unemployed,other,st,secondary,2.5,0,0,indira_gandhi_old_age,0.0,0,3,1,0
73,90000,daily_wage,male,general,graduate,0.5,0,0,mgnregs,100.0,3,0,0,1
73,90000,daily_wage,male,general,graduate,0.5,0,0,pm_kisan,0.0,3,1,1,0
73,90000,daily_wage,male,general,graduate,0.5,0,0,pm_fasal_bima,0.0,2,1,1,0
73,90000,daily_wage,male,general,graduate,0.5,0,0,kisan_credit_card,0.0,2,1,1,0
73,90000,daily_wage,male,general,graduate,0.5,0,0,pm_matru_vandana,0.0,2,1,1,0
73,90000,daily_wage,male,general,graduate,0.5,0,0,mahila_shakti_kendra,0.0,1,1,1,0
73,90000,daily_wage,male,general,graduate,0.5,0,0,national_scholarship_portal,0.0,1,3,1,0
73,90000,daily_wage,male,general,graduate,0.5,0,0,pm_scholarship_scheme,0.0,1,2,1,0
73,90000,daily_wage,male,general,graduate,0.5,0,0,ayushman_bharat,0.0,1,1,1,0
73,90000,daily_wage,male,general,graduate,0.5,0,0,pm_suraksha_bima,0.0,1,1,1,0
73,90000,daily_wage,male,general,graduate,0.5,0,0,pm_jeevan_jyoti,0.0,1,1,1,0
73,90000,daily_wage,male,general,graduate,0.5,0,0,pm_awas_yojana_gramin,0.0,3,1,1,0
73,90000,daily_wage,male,general,graduate,0.5,0,0,pm_mudra_yojana,0.0,1,2,1,0
73,90000,daily_wage,male,general,graduate,0.5,0,0,startup_india_seed_fund,0.0,0,2,1,0
73,90000,daily_wage,male,general,graduate,0.5,0,0,deen_dayal_disability,0.0,1,1,1,0
73,90000,daily_wage,male,general,graduate,0.5,0,0,post_matric_sc,0.0,1,2,1,0
73,90000,daily_wage,male,general,graduate,0.5,0,0,eklavya_model_school,0.0,0,3,1,0
73,90000,daily_wage,male,general,graduate,0.5,0,0,indira_gandhi_old_age,0.0,2,1,1,0
56,90000,unemployed,female,st,graduate,0,0,0,pm_matru_vandana,100.0,3,0,0,1
56,90000,unemployed,female,st,graduate,0,0,0,mahila_shakti_kendra,100.0,2,0,0,1
56,90000,unemployed,female,st,graduate,0,0,0,pm_suraksha_bima,100.0,2,0,0,1
56,90000,unemployed,female,st,graduate,0,0,0,mgnregs,100.0,3,0,0,1
56,90000,unemployed,female,st,graduate,0,0,0,pm_kisan,0.0,3,1,1,0
56,90000,unemployed,female,st,graduate,0,0,0,pm_fasal_bima,0.0,1,2,1,0
56,90000,unemployed,female,st,graduate,0,0,0,kisan_credit_card,0.0,1,2,1,0
56,90000,unemployed,female,st,graduate,0,0,0,national_scholarship_portal,0.0,2,2,1,0
56,90000,unemployed,female,st,graduate,0,0,0,pm_scholarship_scheme,0.0,1,2,1,0
56,90000,unemployed,female,st,graduate,0,0,0,ayushman_bharat,0.0,1,1,1,0
56,90000,unemployed,female,st,graduate,0,0,0,pm_jeevan_jyoti,0.0,1,1,1,0
56,90000,unemployed,female,st,graduate,0,0,0,pm_awas_yojana_gramin,0.0,3,1,1,0
56,90000,unemployed,female,st,graduate,0,0,0,pm_mudra_yojana,0.0,2,1,1,0
56,90000,unemployed,female,st,graduate,0,0,0,startup_india_seed_fund,0.0,0,2,1,0
56,90000,unemployed,female,st,graduate,0,0,0,deen_dayal_disability,0.0,1,1,1,0
56,90000,unemployed,female,st,graduate,0,0,0,post_matric_sc,0.0,1,2,1,0
56,90000,unemployed,female,st,graduate,0,0,0,eklavya_model_school,0.0,1,2,1,0
56,90000,unemployed,female,st,graduate,0,0,0,indira_gandhi_old_age,0.0,1,2,1,0
60,0,salaried,female,obc,primary,2.5,1,0,pm_matru_vandana,100.0,3,0,0,1
60,0,salaried,female,obc,primary,2.5,1,0,mahila_shakti_kendra,100.0,2,0,0,1
60,0,salaried,female,obc,primary,2.5,1,0,ayushman_bharat,100.0,2,0,0,1
60,0,salaried,female,obc,primary,2.5,1,0,pm_suraksha_bima,100.0,2,0,0,1
60,0,salaried,female,obc,primary,2.5,1,0,pm_awas_yojana_gramin,100.0,4,0,0,1
60,0,salaried,female,obc,primary,2.5,1,0,indira_gandhi_old_age,100.0,3,0,0,1
60,0,salaried,female,obc,primary,2.5,1,0,mgnregs,66.7,2,1,0,0
60,0,salaried,female,obc,primary,2.5,1,0,pm_kisan,0.0,3,1,1,0
60,0,salaried,female,obc,primary,2.5,1,0,pm_fasal_bima,0.0,2,1,1,0
60,0,salaried,female,obc,primary,2.5,1,0,kisan_credit_card,0.0,2,1,1,0
60,0,salaried,female,obc,primary,2.5,1,0,national_scholarship_portal,0.0,2,2,1,0
60,0,salaried,female,obc,primary,2.5,1,0,pm_scholarship_scheme,0.0,1,2,1,0
60,0,salaried,female,obc,primary,2.5,1,0,pm_jeevan_jyoti,0.0,1,1,1,0
60,0,salaried,female,obc,primary,2.5,1,0,pm_mudra_yojana,0.0,2,1,1,0
60,0,salaried,female,obc,primary,2.5,1,0,startup_india_seed_fund,0.0,0,2,1,0
60,0,salaried,female,obc,primary,2.5,1,0,deen_dayal_disability,0.0,1,1,1,0
60,0,salaried,female,obc,primary,2.5,1,0,post_matric_sc,0.0,1,2,1,0
60,0,salaried,female,obc,primary,2.5,1,0,eklavya_model_school,0.0,0,3,1,0
35,0,student,male,obc,secondary,0,0,0,pm_suraksha_bima,100.0,2,0,0,1
35,0,student,male,obc,secondary,0,0,0,pm_jeevan_jyoti,100.0,2,0,0,1
35,0,student,male,obc,secondary,0,0,0,national_scholarship_portal,87.5,3,1,0,1
35,0,student,male,obc,secondary,0,0,0,pm_scholarship_scheme,83.3,2,1,0,1
35,0,student,male,obc,secondary,0,0,0,mgnregs,66.7,2,1,0,1
35,0,student,male,obc,secondary,0,0,0,pm_kisan,0.0,3,1,1,0
35,0,student,male,obc,secondary,0,0,0,pm_fasal_bima,0.0,1,2,1,0
35,0,student,male,obc,secondary,0,0,0,kisan_credit_card,0.0,1,2,1,0
35,0,student,male,obc,secondary,0,0,0,pm_matru_vandana,0.0,2,1,1,0
35,0,student,male,obc,secondary,0,0,0,mahila_shakti_kendra,0.0,1,1,1,0
35,0,student,male,obc,secondary,0,0,0,ayushman_bharat,0.0,1,1,1,0
35,0,student,male,obc,secondary,0,0,0,pm_awas_yojana_gramin,0.0,3,1,1,0
35,0,student,male,obc,secondary,0,0,0,pm_mudra_yojana,0.0,2,1,1,0
35,0,student,male,obc,secondary,0,0,0,startup_india_seed_fund,0.0,1,1,1,0
35,0,student,male,obc,secondary,0,0,0,deen_dayal_disability,0.0,1,1,1,0
35,0,student,male,obc,secondary,0,0,0,post_matric_sc,0.0,2,1,1,0
35,0,student,male,obc,secondary,0,0,0,eklavya_model_school,0.0,1,2,1,0
35,0,student,male,obc,secondary,0,0,0,indira_gandhi_old_age,0.0,1,2,1,0
66,150000,salaried,female,general,primary,2.5,1,1,pm_matru_vandana,100.0,3,0,0,1
66,150000,salaried,female,general,primary,2.5,1,1,mahila_shakti_kendra,100.0,2,0,0,1
66,150000,salaried,female,general,primary,2.5,1,1,pm_suraksha_bima,100.0,2,0,0,1
66,150000,salaried,female,general,primary,2.5,1,1,pm_awas_yojana_gramin,100.0,4,0,0,1
66,150000,salaried,female,general,primary,2.5,1,1,deen_dayal_disability,100.0,2,0,0,1
66,150000,salaried,female,general,primary,2.5,1,1,indira_gandhi_old_age,75.0,2,1,0,1
66,150000,salaried,female,general,primary,2.5,1,1,mgnregs,66.7,2,1,0,1
66,150000,salaried,female,general,primary,2.5,1,1,ayushman_bharat,60.0,1,1,0,0
66,150000,salaried,female,general,primary,2.5,1,1,pm_kisan,0.0,3,1,1,0
66,150000,salaried,female,general,primary,2.5,1,1,pm_fasal_bima,0.0,2,1,1,0
66,150000,salaried,female,general,primary,2.5,1,1,kisan_credit_card,0.0,2,1,1,0
66,150000,salaried,female,general,primary,2.5,1,1,national_scholarship_portal,0.0,1,3,1,0
66,150000,salaried,female,general,primary,2.5,1,1,pm_scholarship_scheme,0.0,1,2,1,0
66,150000,salaried,female,general,primary,2.5,1,1,pm_jeevan_jyoti,0.0,1,1,1,0
66,150000,salaried,female,general,primary,2.5,1,1,pm_mudra_yojana,0.0,1,2,1,0
66,150000,salaried,female,general,primary,2.5,1,1,startup_india_seed_fund,0.0,0,2,1,0
66,150000,salaried,female,general,primary,2.5,1,1,post_matric_sc,0.0,1,2,1,0
66,150000,salaried,female,general,primary,2.5,1,1,eklavya_model_school,0.0,0,3,1,0
75,150000,salaried,female,general,graduate,0,0,0,pm_matru_vandana,100.0,3,0,0,1
75,150000,salaried,female,general,graduate,0,0,0,mahila_shakti_kendra,100.0,2,0,0,1
75,150000,salaried,female,general,graduate,0,0,0,mgnregs,66.7,2,1,0,0
75,150000,salaried,female,general,graduate,0,0,0,pm_kisan,0.0,3,1,1,0
75,150000,salaried,female,general,graduate,0,0,0,pm_fasal_bima,0.0,1,2,1,0
75,150000,salaried,female,general,graduate,0,0,0,kisan_credit_card,0.0,1,2,1,0
75,150000,salaried,female,general,graduate,0,0,0,national_scholarship_portal,0.0,1,3,1,0
75,150000,salaried,female,general,graduate,0,0,0,pm_scholarship_scheme,0.0,1,2,1,0
75,150000,salaried,female,general,graduate,0,0,0,ayushman_bharat,0.0,0,2,1,0
75,150000,salaried,female,general,graduate,0,0,0,pm_suraksha_bima,0.0,1,1,1,0
75,150000,salaried,female,general,graduate,0,0,0,pm_jeevan_jyoti,0.0,1,1,1,0
75,150000,salaried,female,general,graduate,0,0,0,pm_awas_yojana_gramin,0.0,3,1,1,0
75,150000,salaried,female,general,graduate,0,0,0,pm_mudra_yojana,0.0,1,2,1,0
75,150000,salaried,female,general,graduate,0,0,0,startup_india_seed_fund,0.0,0,2,1,0
75,150000,salaried,female,general,graduate,0,0,0,deen_dayal_disability,0.0,1,1,1,0
75,150000,salaried,female,general,graduate,0,0,0,post_matric_sc,0.0,1,2,1,0
75,150000,salaried,female,general,graduate,0,0,0,eklavya_model_school,0.0,0,3,1,0
75,150000,salaried,female,general,graduate,0,0,0,indira_gandhi_old_age,0.0,1,2,1,0
19,800000,daily_wage,female,general,primary,5,0,0,pm_matru_vandana,100.0,3,0,0,1
19,800000,daily_wage,female,general,primary,5,0,0,pm_suraksha_bima,66.7,1,1,0,1
19,800000,daily_wage,female,general,primary,5,0,0,pm_jeevan_jyoti,66.7,1,1,0,0
19,800000,daily_wage,female,general,primary,5,0,0,mgnregs,66.7,2,1,0,1
19,800000,daily_wage,female,general,primary,5,0,0,mahila_shakti_kendra,60.0,1,1,0,0
19,800000,daily_wage,female,general,primary,5,0,0,pm_kisan,0.0,2,2,1,0
19,800000,daily_wage,female,general,primary,5,0,0,pm_fasal_bima,0.0,2,1,1,0
19,800000,daily_wage,female,general,primary,5,0,0,kisan_credit_card,0.0,2,1,1,0
19,800000,daily_wage,female,general,primary,5,0,0,national_scholarship_portal,0.0,1,3,1,0
19,800000,daily_wage,female,general,primary,5,0,0,pm_scholarship_scheme,0.0,1,2,1,0
19,800000,daily_wage,female,general,primary,5,0,0,ayushman_bharat,0.0,0,2,1,0
19,800000,daily_wage,female,general,primary,5,0,0,pm_awas_yojana_gramin,0.0,1,3,1,0
19,800000,daily_wage,female,general,primary,5,0,0,pm_mudra_yojana,0.0,2,1,1,0
19,800000,daily_wage,female,general,primary,5,0,0,startup_india_seed_fund,0.0,1,1,1,0
19,800000,daily_wage,female,general,primary,5,0,0,deen_dayal_disability,0.0,0,2,1,0
19,800000,daily_wage,female,general,primary,5,0,0,post_matric_sc,0.0,0,3,1,0
19,800000,daily_wage,female,general,primary,5,0,0,eklavya_model_school,0.0,0,3,1,0
19,800000,daily_wage,female,general,primary,5,0,0,indira_gandhi_old_age,0.0,0,3,1,0
41,250000,salaried,female,general,postgraduate,1,0,0,pm_matru_vandana,100.0,3,0,0,0
41,250000,salaried,female,general,postgraduate,1,0,0,mahila_shakti_kendra,100.0,2,0,0,0
41,250000,salaried,female,general,postgraduate,1,0,0,pm_suraksha_bima,100.0,2,0,0,1
41,250000,salaried,female,general,postgraduate,1,0,0,pm_jeevan_jyoti,100.0,2,0,0,1
41,250000,salaried,female,general,postgraduate,1,0,0,mgnregs,33.3,1,2,0,0
41,250000,salaried,female,general,postgraduate,1,0,0,pm_kisan,0.0,2,2,1,0
41,250000,salaried,female,general,postgraduate,1,0,0,pm_fasal_bima,0.0,2,1,1,0
41,250000,salaried,female,general,postgraduate,1,0,0,kisan_credit_card,0.0,2,1,1,0
41,250000,salaried,female,general,postgraduate,1,0,0,national_scholarship_portal,0.0,1,3,1,0
41,250000,salaried,female,general,postgraduate,1,0,0,pm_scholarship_scheme,0.0,1,2,1,0
41,250000,salaried,female,general,postgraduate,1,0,0,ayushman_bharat,0.0,0,2,1,0
41,250000,salaried,female,general,postgraduate,1,0,0,pm_awas_yojana_gramin,0.0,3,1,1,0
41,250000,salaried,female,general,postgraduate,1,0,0,pm_mudra_yojana,0.0,2,1,1,0
41,250000,salaried,female,general,postgraduate,1,0,0,startup_india_seed_fund,0.0,1,1,1,0
41,250000,salaried,female,general,postgraduate,1,0,0,deen_dayal_disability,0.0,1,1,1,0
41,250000,salaried,female,general,postgraduate,1,0,0,post_matric_sc,0.0,1,2,1,0
41,250000,salaried,female,general,postgraduate,1,0,0,eklavya_model_school,0.0,0,3,1,0
41,250000,salaried,female,general,postgraduate,1,0,0,indira_gandhi_old_age,0.0,0,3,1,0
16,150000,unemployed,female,general,graduate,2.5,0,0,mahila_shakti_kendra,100.0,2,0,0,1
16,150000,unemployed,female,general,graduate,2.5,0,0,pm_kisan,0.0,2,2,1,0
16,150000,unemployed,female,general,graduate,2.5,0,0,pm_fasal_bima,0.0,1,2,1,0
16,150000,unemployed,female,general,graduate,2.5,0,0,kisan_credit_card,0.0,1,2,1,0
16,150000,unemployed,female,general,graduate,2.5,0,0,pm_matru_vandana,0.0,2,1,1,0
16,150000,unemployed,female,general,graduate,2.5,0,0,national_scholarship_portal,0.0,2,2,1,0
16,150000,unemployed,female,general,graduate,2.5,0,0,pm_scholarship_scheme,0.0,1,2,1,0
16,150000,unemployed,female,general,graduate,2.5,0,0,ayushman_bharat,0.0,0,2,1,0
16,150000,unemployed,female,general,graduate,2.5,0,0,pm_suraksha_bima,0.0,1,1,1,0
16,150000,unemployed,female,general,graduate,2.5,0,0,pm_jeevan_jyoti,0.0,1,1,1,0
16,150000,unemployed,female,general,graduate,2.5,0,0,pm_awas_yojana_gramin,0.0,2,2,1,0
16,150000,unemployed,female,general,graduate,2.5,0,0,mgnregs,0.0,2,1,1,0
16,150000,unemployed,female,general,graduate,2.5,0,0,pm_mudra_yojana,0.0,1,2,1,0
16,150000,unemployed,female,general,graduate,2.5,0,0,startup_india_seed_fund,0.0,0,2,1,0
16,150000,unemployed,female,general,graduate,2.5,0,0,deen_dayal_disability,0.0,1,1,1,0
16,150000,unemployed,female,general,graduate,2.5,0,0,post_matric_sc,0.0,1,2,1,0
16,150000,unemployed,female,general,graduate,2.5,0,0,eklavya_model_school,0.0,1,2,1,0
16,150000,unemployed,female,general,graduate,2.5,0,0,indira_gandhi_old_age,0.0,0,3,1,0
27,800000,unemployed,female,st,primary,0,0,0,pm_matru_vandana,100.0,3,0,0,0
27,800000,unemployed,female,st,primary,0,0,0,pm_suraksha_bima,66.7,1,1,0,1
27,800000,unemployed,female,st,primary,0,0,0,pm_jeevan_jyoti,66.7,1,1,0,0
27,800000,unemployed,female,st,primary,0,0,0,mgnregs,66.7,2,1,0,1
27,800000,unemployed,female,st,primary,0,0,0,mahila_shakti_kendra,60.0,1,1,0,1
27,800000,unemployed,female,st,primary,0,0,0,pm_kisan,0.0,2,2,1,0
27,800000,unemployed,female,st,primary,0,0,0,pm_fasal_bima,0.0,1,2,1,0
27,800000,unemployed,female,st,primary,0,0,0,kisan_credit_card,0.0,1,2,1,0
27,800000,unemployed,female,st,primary,0,0,0,national_scholarship_portal,0.0,2,2,1,0
27,800000,unemployed,female,st,primary,0,0,0,pm_scholarship_scheme,0.0,0,3,1,0
27,800000,unemployed,female,st,primary,0,0,0,ayushman_bharat,0.0,0,2,1,0
27,800000,unemployed,female,st,primary,0,0,0,pm_awas_yojana_gramin,0.0,2,2,1,0
27,800000,unemployed,female,st,primary,0,0,0,pm_mudra_yojana,0.0,2,1,1,0
27,800000,unemployed,female,st,primary,0,0,0,startup_india_seed_fund,0.0,1,1,1,0
27,800000,unemployed,female,st,primary,0,0,0,deen_dayal_disability,0.0,0,2,1,0
27,800000,unemployed,female,st,primary,0,0,0,post_matric_sc,0.0,0,3,1,0
27,800000,unemployed,female,st,primary,0,0,0,eklavya_model_school,0.0,1,2,1,0
27,800000,unemployed,female,st,primary,0,0,0,indira_gandhi_old_age,0.0,0,3,1,0
17,800000,unemployed,other,general,primary,2.5,0,0,pm_kisan,0.0,1,3,1,0
17,800000,unemployed,other,general,primary,2.5,0,0,pm_fasal_bima,0.0,1,2,1,0
17,800000,unemployed,other,general,primary,2.5,0,0,kisan_credit_card,0.0,1,2,1,0
17,800000,unemployed,other,general,primary,2.5,0,0,pm_matru_vandana,0.0,1,2,1,0
17,800000,unemployed,other,general,primary,2.5,0,0,mahila_shakti_kendra,0.0,0,2,1,0
17,800000,unemployed,other,general,primary,2.5,0,0,national_scholarship_portal,0.0,1,3,1,0
17,800000,unemployed,other,general,primary,2.5,0,0,pm_scholarship_scheme,0.0,0,3,1,0
17,800000,unemployed,other,general,primary,2.5,0,0,ayushman_bharat,0.0,0,2,1,0
17,800000,unemployed,other,general,primary,2.5,0,0,pm_suraksha_bima,0.0,0,2,1,0
17,800000,unemployed,other,general,primary,2.5,0,0,pm_jeevan_jyoti,0.0,0,2,1,0
17,800000,unemployed,other,general,primary,2.5,0,0,pm_awas_yojana_gramin,0.0,1,3,1,0
17,800000,unemployed,other,general,primary,2.5,0,0,mgnregs,0.0,1,2,1,0
17,800000,unemployed,other,general,primary,2.5,0,0,pm_mudra_yojana,0.0,1,2,1,0
17,800000,unemployed,other,general,primary,2.5,0,0,startup_india_seed_fund,0.0,0,2,1,0
17,800000,unemployed,other,general,primary,2.5,0,0,deen_dayal_disability,0.0,0,2,1,0
17,800000,unemployed,other,general,primary,2.5,0,0,post_matric_sc,0.0,0,3,1,0
17,800000,unemployed,other,general,primary,2.5,0,0,eklavya_model_school,0.0,1,2,1,0
17,800000,unemployed,other,general,primary,2.5,0,0,indira_gandhi_old_age,0.0,0,3,1,0
48,40000,self_employed,other,obc,none,1,0,0,pm_suraksha_bima,100.0,2,0,0,1
48,40000,self_employed,other,obc,none,1,0,0,pm_jeevan_jyoti,100.0,2,0,0,1
48,40000,self_employed,other,obc,none,1,0,0,mgnregs,100.0,3,0,0,0
48,40000,self_employed,other,obc,none,1,0,0,pm_mudra_yojana,100.0,3,0,0,1
48,40000,self_employed,other,obc,none,1,0,0,startup_india_seed_fund,100.0,2,0,0,1
48,40000,self_employed,other,obc,none,1,0,0,pm_kisan,0.0,3,1,1,0
48,40000,self_employed,other,obc,none,1,0,0,pm_fasal_bima,0.0,2,1,1,0
48,40000,self_employed,other,obc,none,1,0,0,kisan_credit_card,0.0,2,1,1,0
48,40000,self_employed,other,obc,none,1,0,0,pm_matru_vandana,0.0,2,1,1,0
48,40000,self_employed,other,obc,none,1,0,0,mahila_shakti_kendra,0.0,1,1,1,0
48,40000,self_employed,other,obc,none,1,0,0,national_scholarship_portal,0.0,2,2,1,0
48,40000,self_employed,other,obc,none,1,0,0,pm_scholarship_scheme,0.0,1,2,1,0
48,40000,self_employed,other,obc,none,1,0,0,ayushman_bharat,0.0,1,1,1,0
48,40000,self_employed,other,obc,none,1,0,0,pm_awas_yojana_gramin,0.0,3,1,1,0
48,40000,self_employed,other,obc,none,1,0,0,deen_dayal_disability,0.0,1,1,1,0
48,40000,self_employed,other,obc,none,1,0,0,post_matric_sc,0.0,1,2,1,0
48,40000,self_employed,other,obc,none,1,0,0,eklavya_model_school,0.0,0,3,1,0
48,40000,self_employed,other,obc,none,1,0,0,indira_gandhi_old_age,0.0,1,2,1,0
72,800000,student,other,general,none,0.5,1,0,indira_gandhi_old_age,75.0,2,1,0,0
72,800000,student,other,general,none,0.5,1,0,pm_awas_yojana_gramin,71.4,3,1,0,1
72,800000,student,other,general,none,0.5,1,0,ayushman_bharat,60.0,1,1,0,0
72,800000,student,other,general,none,0.5,1,0,pm_scholarship_scheme,50.0,1,2,0,1
72,800000,student,other,general,none,0.5,1,0,national_scholarship_portal,37.5,1,3,0,1
72,800000,student,other,general,none,0.5,1,0,mgnregs,33.3,1,2,0,1
72,800000,student,other,general,none,0.5,1,0,pm_kisan,0.0,2,2,1,0
72,800000,student,other,general,none,0.5,1,0,pm_fasal_bima,0.0,2,1,1,0
72,800000,student,other,general,none,0.5,1,0,kisan_credit_card,0.0,2,1,1,0
72,800000,student,other,general,none,0.5,1,0,pm_matru_vandana,0.0,2,1,1,0
72,800000,student,other,general,none,0.5,1,0,mahila_shakti_kendra,0.0,0,2,1,0
72,800000,student,other,general,none,0.5,1,0,pm_suraksha_bima,0.0,0,2,1,0
72,800000,student,other,general,none,0.5,1,0,pm_jeevan_jyoti,0.0,0,2,1,0
72,800000,student,other,general,none,0.5,1,0,pm_mudra_yojana,0.0,1,2,1,0
72,800000,student,other,general,none,0.5,1,0,startup_india_seed_fund,0.0,0,2,1,0
72,800000,student,other,general,none,0.5,1,0,deen_dayal_disability,0.0,0,2,1,0
72,800000,student,other,general,none,0.5,1,0,post_matric_sc,0.0,1,2,1,0
72,800000,student,other,general,none,0.5,1,0,eklavya_model_school,0.0,1,2,1,0
24,150000,self_employed,other,obc,postgraduate,2.5,0,0,pm_suraksha_bima,100.0,2,0,0,1
24,150000,self_employed,other,obc,postgraduate,2.5,0,0,pm_jeevan_jyoti,100.0,2,0,0,1
24,150000,self_employed,other,obc,postgraduate,2.5,0,0,mgnregs,100.0,3,0,0,0
24,150000,self_employed,other,obc,postgraduate,2.5,0,0,pm_mudra_yojana,100.0,3,0,0,1
24,150000,self_employed,other,obc,postgraduate,2.5,0,0,startup_india_seed_fund,100.0,2,0,0,1
24,150000,self_employed,other,obc,postgraduate,2.5,0,0,pm_kisan,0.0,3,1,1,0
24,150000,self_employed,other,obc,postgraduate,2.5,0,0,pm_fasal_bima,0.0,2,1,1,0
24,150000,self_employed,other,obc,postgraduate,2.5,0,0,kisan_credit_card,0.0,2,1,1,0
24,150000,self_employed,other,obc,postgraduate,2.5,0,0,pm_matru_vandana,0.0,2,1,1,0
24,150000,self_employed,other,obc,postgraduate,2.5,0,0,mahila_shakti_kendra,0.0,1,1,1,0
24,150000,self_employed,other,obc,postgraduate,2.5,0,0,national_scholarship_portal,0.0,3,1,1,0
24,150000,self_employed,other,obc,postgraduate,2.5,0,0,pm_scholarship_scheme,0.0,2,1,1,0
24,150000,self_employed,other,obc,postgraduate,2.5,0,0,ayushman_bharat,0.0,0,2,1,0
24,150000,self_employed,other,obc,postgraduate,2.5,0,0,pm_awas_yojana_gramin,0.0,3,1,1,0
24,150000,self_employed,other,obc,postgraduate,2.5,0,0,deen_dayal_disability,0.0,1,1,1,0
24,150000,self_employed,other,obc,postgraduate,2.5,0,0,post_matric_sc,0.0,1,2,1,0
24,150000,self_employed,other,obc,postgraduate,2.5,0,0,eklavya_model_school,0.0,0,3,1,0
24,150000,self_employed,other,obc,postgraduate,2.5,0,0,indira_gandhi_old_age,0.0,0,3,1,0
25,400000,student,female,general,primary,1,0,0,pm_matru_vandana,100.0,3,0,0,1
25,400000,student,female,general,primary,1,0,0,pm_scholarship_scheme,100.0,3,0,0,1
25,400000,student,female,general,primary,1,0,0,pm_suraksha_bima,100.0,2,0,0,1
25,400000,student,female,general,primary,1,0,0,pm_jeevan_jyoti,100.0,2,0,0,0
25,400000,student,female,general,primary,1,0,0,mahila_shakti_kendra,60.0,1,1,0,0
25,400000,student,female,general,primary,1,0,0,national_scholarship_portal,50.0,2,2,0,0
25,400000,student,female,general,primary,1,0,0,mgnregs,33.3,1,2,0,1
25,400000,student,female,general,primary,1,0,0,pm_kisan,0.0,2,2,1,0
25,400000,student,female,general,primary,1,0,0,pm_fasal_bima,0.0,2,1,1,0
25,400000,student,female,general,primary,1,0,0,kisan_credit_card,0.0,2,1,1,0
25,400000,student,female,general,primary,1,0,0,ayushman_bharat,0.0,0,2,1,0
25,400000,student,female,general,primary,1,0,0,pm_awas_yojana_gramin,0.0,2,2,1,0
25,400000,student,female,general,primary,1,0,0,pm_mudra_yojana,0.0,2,1,1,0
25,400000,student,female,general,primary,1,0,0,startup_india_seed_fund,0.0,1,1,1,0
25,400000,student,female,general,primary,1,0,0,deen_dayal_disability,0.0,0,2,1,0
25,400000,student,female,general,primary,1,0,0,post_matric_sc,0.0,1,2,1,0
25,400000,student,female,general,primary,1,0,0,eklavya_model_school,0.0,1,2,1,0
25,400000,student,female,general,primary,1,0,0,indira_gandhi_old_age,0.0,0,3,1,0
69,40000,self_employed,female,general,none,0,1,0,pm_matru_vandana,100.0,3,0,0,1
69,40000,self_employed,female,general,none,0,1,0,mahila_shakti_kendra,100.0,2,0,0,1
69,40000,self_employed,female,general,none,0,1,0,ayushman_bharat,100.0,2,0,0,1
69,40000,self_employed,female,general,none,0,1,0,pm_suraksha_bima,100.0,2,0,0,1
69,40000,self_employed,female,general,none,0,1,0,pm_awas_yojana_gramin,100.0,4,0,0,1
69,40000,self_employed,female,general,none,0,1,0,mgnregs,100.0,3,0,0,1
69,40000,self_employed,female,general,none,0,1,0,indira_gandhi_old_age,100.0,3,0,0,1
69,40000,self_employed,female,general,none,0,1,0,startup_india_seed_fund,75.0,1,1,0,0
69,40000,self_employed,female,general,none,0,1,0,pm_kisan,0.0,3,1,1,0
69,40000,self_employed,female,general,none,0,1,0,pm_fasal_bima,0.0,1,2,1,0
69,40000,self_employed,female,general,none,0,1,0,kisan_credit_card,0.0,1,2,1,0
69,40000,self_employed,female,general,none,0,1,0,national_scholarship_portal,0.0,1,3,1,0
69,40000,self_employed,female,general,none,0,1,0,pm_scholarship_scheme,0.0,1,2,1,0
69,40000,self_employed,female,general,none,0,1,0,pm_jeevan_jyoti,0.0,1,1,1,0
69,40000,self_employed,female,general,none,0,1,0,pm_mudra_yojana,0.0,2,1,1,0
69,40000,self_employed,female,general,none,0,1,0,deen_dayal_disability,0.0,1,1,1,0
69,40000,self_employed,female,general,none,0,1,0,post_matric_sc,0.0,1,2,1,0
69,40000,self_employed,female,general,none,0,1,0,eklavya_model_school,0.0,0,3,1,0
49,150000,student,other,st,primary,0,1,0,pm_suraksha_bima,100.0,2,0,0,1
49,150000,student,other,st,primary,0,1,0,pm_jeevan_jyoti,100.0,2,0,0,1
49,150000,student,other,st,primary,0,1,0,pm_awas_yojana_gramin,100.0,4,0,0,1
49,150000,student,other,st,primary,0,1,0,national_scholarship_portal,87.5,3,1,0,1
49,150000,student,other,st,primary,0,1,0,pm_scholarship_scheme,83.3,2,1,0,1
49,150000,student,other,st,primary,0,1,0,eklavya_model_school,83.3,2,1,0,1
49,150000,student,other,st,primary,0,1,0,mgnregs,66.7,2,1,0,1
49,150000,student,other,st,primary,0,1,0,ayushman_bharat,60.0,1,1,0,0
49,150000,student,other,st,primary,0,1,0,pm_kisan,0.0,3,1,1,0
49,150000,student,other,st,primary,0,1,0,pm_fasal_bima,0.0,1,2,1,0
49,150000,student,other,st,primary,0,1,0,kisan_credit_card,0.0,1,2,1,0
49,150000,student,other,st,primary,0,1,0,pm_matru_vandana,0.0,2,1,1,0
49,150000,student,other,st,primary,0,1,0,mahila_shakti_kendra,0.0,1,1,1,0
49,150000,student,other,st,primary,0,1,0,pm_mudra_yojana,0.0,2,1,1,0
49,150000,student,other,st,primary,0,1,0,startup_india_seed_fund,0.0,1,1,1,0
49,150000,student,other,st,primary,0,1,0,deen_dayal_disability,0.0,1,1,1,0
49,150000,student,other,st,primary,0,1,0,post_matric_sc,0.0,2,1,1,0
49,150000,student,other,st,primary,0,1,0,indira_gandhi_old_age,0.0,1,2,1,0
30,40000,self_employed,male,obc,primary,1,0,0,pm_suraksha_bima,100.0,2,0,0,1
30,40000,self_employed,male,obc,primary,1,0,0,pm_jeevan_jyoti,100.0,2,0,0,1
30,40000,self_employed,male,obc,primary,1,0,0,mgnregs,100.0,3,0,0,1
30,40000,self_employed,male,obc,primary,1,0,0,pm_mudra_yojana,100.0,3,0,0,1
30,40000,self_employed,male,obc,primary,1,0,0,startup_india_seed_fund,100.0,2,0,0,1
30,40000,self_employed,male,obc,primary,1,0,0,pm_kisan,0.0,3,1,1,0
30,40000,self_employed,male,obc,primary,1,0,0,pm_fasal_bima,0.0,2,1,1,0
30,40000,self_employed,male,obc,primary,1,0,0,kisan_credit_card,0.0,2,1,1,0
30,40000,self_employed,male,obc,primary,1,0,0,pm_matru_vandana,0.0,2,1,1,0
30,40000,self_employed,male,obc,primary,1,0,0,mahila_shakti_kendra,0.0,1,1,1,0
30,40000,self_employed,male,obc,primary,1,0,0,national_scholarship_portal,0.0,3,1,1,0
30,40000,self_employed,male,obc,primary,1,0,0,pm_scholarship_scheme,0.0,1,2,1,0
30,40000,self_employed,male,obc,primary,1,0,0,ayushman_bharat,0.0,1,1,1,0
30,40000,self_employed,male,obc,primary,1,0,0,pm_awas_yojana_gramin,0.0,3,1,1,0
30,40000,self_employed,male,obc,primary,1,0,0,deen_dayal_disability,0.0,1,1,1,0
30,40000,self_employed,male,obc,primary,1,0,0,post_matric_sc,0.0,1,2,1,0
30,40000,self_employed,male,obc,primary,1,0,0,eklavya_model_school,0.0,0,3,1,0
30,40000,self_employed,male,obc,primary,1,0,0,indira_gandhi_old_age,0.0,1,2,1,0
47,150000,farmer,other,st,postgraduate,5,0,0,pm_kisan,100.0,4,0,0,0
47,150000,farmer,other,st,postgraduate,5,0,0,pm_fasal_bima,100.0,3,0,0,1
47,150000,farmer,other,st,postgraduate,5,0,0,kisan_credit_card,100.0,3,0,0,1
47,150000,farmer,other,st,postgraduate,5,0,0,pm_suraksha_bima,100.0,2,0,0,1
47,150000,farmer,other,st,postgraduate,5,0,0,pm_jeevan_jyoti,100.0,2,0,0,1
47,150000,farmer,other,st,postgraduate,5,0,0,mgnregs,100.0,3,0,0,0
47,150000,farmer,other,st,postgraduate,5,0,0,pm_matru_vandana,0.0,2,1,1,0
47,150000,farmer,other,st,postgraduate,5,0,0,mahila_shakti_kendra,0.0,1,1,1,0
47,150000,farmer,other,st,postgraduate,5,0,0,national_scholarship_portal,0.0,2,2,1,0
47,150000,farmer,other,st,postgraduate,5,0,0,pm_scholarship_scheme,0.0,1,2,1,0
47,150000,farmer,other,st,postgraduate,5,0,0,ayushman_bharat,0.0,0,2,1,0
47,150000,farmer,other,st,postgraduate,5,0,0,pm_awas_yojana_gramin,0.0,2,2,1,0
47,150000,farmer,other,st,postgraduate,5,0,0,pm_mudra_yojana,0.0,2,1,1,0
47,150000,farmer,other,st,postgraduate,5,0,0,startup_india_seed_fund,0.0,1,1,1,0
47,150000,farmer,other,st,postgraduate,5,0,0,deen_dayal_disability,0.0,1,1,1,0
47,150000,farmer,other,st,postgraduate,5,0,0,post_matric_sc,0.0,1,2,1,0
47,150000,farmer,other,st,postgraduate,5,0,0,eklavya_model_school,0.0,1,2,1,0
47,150000,farmer,other,st,postgraduate,5,0,0,indira_gandhi_old_age,0.0,0,3,1,0
48,150000,student,male,general,primary,5,0,0,pm_suraksha_bima,100.0,2,0,0,1
48,150000,student,male,general,primary,5,0,0,pm_jeevan_jyoti,100.0,2,0,0,1
48,150000,student,male,general,primary,5,0,0,pm_scholarship_scheme,83.3,2,1,0,0
48,150000,student,male,general,primary,5,0,0,mgnregs,66.7,2,1,0,1
48,150000,student,male,general,primary,5,0,0,national_scholarship_portal,62.5,2,2,0,0
48,150000,student,male,general,primary,5,0,0,pm_kisan,0.0,3,1,1,0
48,150000,student,male,general,primary,5,0,0,pm_fasal_bima,0.0,2,1,1,0
48,150000,student,male,general,primary,5,0,0,kisan_credit_card,0.0,2,1,1,0
48,150000,student,male,general,primary,5,0,0,pm_matru_vandana,0.0,2,1,1,0
48,150000,student,male,general,primary,5,0,0,mahila_shakti_kendra,0.0,1,1,1,0
48,150000,student,male,general,primary,5,0,0,ayushman_bharat,0.0,0,2,1,0
48,150000,student,male,general,primary,5,0,0,pm_awas_yojana_gramin,0.0,2,2,1,0
48,150000,student,male,general,primary,5,0,0,pm_mudra_yojana,0.0,2,1,1,0
48,150000,student,male,general,primary,5,0,0,startup_india_seed_fund,0.0,1,1,1,0
48,150000,student,male,general,primary,5,0,0,deen_dayal_disability,0.0,1,1,1,0
48,150000,student,male,general,primary,5,0,0,post_matric_sc,0.0,2,1,1,0
48,150000,student,male,general,primary,5,0,0,eklavya_model_school,0.0,1,2,1,0
48,150000,student,male,general,primary,5,0,0,indira_gandhi_old_age,0.0,0,3,1,0
55,40000,self_employed,male,general,primary,2.5,1,0,ayushman_bharat,100.0,2,0,0,1
55,40000,self_employed,male,general,primary,2.5,1,0,pm_suraksha_bima,100.0,2,0,0,1
55,40000,self_employed,male,general,primary,2.5,1,0,pm_awas_yojana_gramin,100.0,4,0,0,1
55,40000,self_employed,male,general,primary,2.5,1,0,mgnregs,100.0,3,0,0,1
55,40000,self_employed,male,general,primary,2.5,1,0,pm_mudra_yojana,100.0,3,0,0,1
55,40000,self_employed,male,general,primary,2.5,1,0,startup_india_seed_fund,75.0,1,1,0,0
55,40000,self_employed,male,general,primary,2.5,1,0,pm_kisan,0.0,3,1,1,0
55,40000,self_employed,male,general,primary,2.5,1,0,pm_fasal_bima,0.0,2,1,1,0
55,40000,self_employed,male,general,primary,2.5,1,0,kisan_credit_card,0.0,2,1,1,0
55,40000,self_employed,male,general,primary,2.5,1,0,pm_matru_vandana,0.0,2,1,1,0
55,40000,self_employed,male,general,primary,2.5,1,0,mahila_shakti_kendra,0.0,1,1,1,0
55,40000,self_employed,male,general,primary,2.5,1,0,national_scholarship_portal,0.0,1,3,1,0
55,40000,self_employed,male,general,primary,2.5,1,0,pm_scholarship_scheme,0.0,1,2,1,0
55,40000,self_employed,male,general,primary,2.5,1,0,pm_jeevan_jyoti,0.0,1,1,1,0
55,40000,self_employed,male,general,primary,2.5,1,0,deen_dayal_disability,0.0,1,1,1,0
55,40000,self_employed,male,general,primary,2.5,1,0,post_matric_sc,0.0,1,2,1,0
55,40000,self_employed,male,general,primary,2.5,1,0,eklavya_model_school,0.0,0,3,1,0
55,40000,self_employed,male,general,primary,2.5,1,0,indira_gandhi_old_age,0.0,2,1,1,0
65,800000,self_employed,other,st,none,1,0,0,pm_mudra_yojana,100.0,3,0,0,1
65,800000,self_employed,other,st,none,1,0,0,startup_india_seed_fund,75.0,1,1,0,0
65,800000,self_employed,other,st,none,1,0,0,pm_suraksha_bima,66.7,1,1,0,0
65,800000,self_employed,other,st,none,1,0,0,mgnregs,66.7,2,1,0,0
65,800000,self_employed,other,st,none,1,0,0,pm_kisan,0.0,2,2,1,0
65,800000,self_employed,other,st,none,1,0,0,pm_fasal_bima,0.0,2,1,1,0
65,800000,self_employed,other,st,none,1,0,0,kisan_credit_card,0.0,2,1,1,0
65,800000,self_employed,other,st,none,1,0,0,pm_matru_vandana,0.0,2,1,1,0
65,800000,self_employed,other,st,none,1,0,0,mahila_shakti_kendra,0.0,0,2,1,0
65,800000,self_employed,other,st,none,1,0,0,national_scholarship_portal,0.0,1,3,1,0
65,800000,self_employed,other,st,none,1,0,0,pm_scholarship_scheme,0.0,0,3,1,0
65,800000,self_employed,other,st,none,1,0,0,ayushman_bharat,0.0,0,2,1,0
65,800000,self_employed,other,st,none,1,0,0,pm_jeevan_jyoti,0.0,0,2,1,0
65,800000,self_employed,other,st,none,1,0,0,pm_awas_yojana_gramin,0.0,2,2,1,0
65,800000,self_employed,other,st,none,1,0,0,deen_dayal_disability,0.0,0,2,1,0
65,800000,self_employed,other,st,none,1,0,0,post_matric_sc,0.0,0,3,1,0
65,800000,self_employed,other,st,none,1,0,0,eklavya_model_school,0.0,1,2,1,0
65,800000,self_employed,other,st,none,1,0,0,indira_gandhi_old_age,0.0,1,2,1,0
18,800000,unemployed,other,obc,none,0,1,0,pm_awas_yojana_gramin,71.4,3,1,0,1
18,800000,unemployed,other,obc,none,0,1,0,pm_suraksha_bima,66.7,1,1,0,1
18,800000,unemployed,other,obc,none,0,1,0,pm_jeevan_jyoti,66.7,1,1,0,1
18,800000,unemployed,other,obc,none,0,1,0,mgnregs,66.7,2,1,0,0
18,800000,unemployed,other,obc,none,0,1,0,ayushman_bharat,60.0,1,1,0,1
18,800000,unemployed,other,obc,none,0,1,0,pm_kisan,0.0,2,2,1,0
18,800000,unemployed,other,obc,none,0,1,0,pm_fasal_bima,0.0,1,2,1,0
18,800000,unemployed,other,obc,none,0,1,0,kisan_credit_card,0.0,1,2,1,0
18,800000,unemployed,other,obc,none,0,1,0,pm_matru_vandana,0.0,1,2,1,0
18,800000,unemployed,other,obc,none,0,1,0,mahila_shakti_kendra,0.0,0,2,1,0
18,800000,unemployed,other,obc,none,0,1,0,national_scholarship_portal,0.0,2,2,1,0
18,800000,unemployed,other,obc,none,0,1,0,pm_scholarship_scheme,0.0,1,2,1,0
18,800000,unemployed,other,obc,none,0,1,0,pm_mudra_yojana,0.0,2,1,1,0
18,800000,unemployed,other,obc,none,0,1,0,startup_india_seed_fund,0.0,1,1,1,0
18,800000,unemployed,other,obc,none,0,1,0,deen_dayal_disability,0.0,0,2,1,0
18,800000,unemployed,other,obc,none,0,1,0,post_matric_sc,0.0,0,3,1,0
18,800000,unemployed,other,obc,none,0,1,0,eklavya_model_school,0.0,1,2,1,0
18,800000,unemployed,other,obc,none,0,1,0,indira_gandhi_old_age,0.0,1,2,1,0
27,400000,daily_wage,male,st,primary,0,0,0,pm_suraksha_bima,100.0,2,0,0,0
27,400000,daily_wage,male,st,primary,0,0,0,pm_jeevan_jyoti,100.0,2,0,0,1
27,400000,daily_wage,male,st,primary,0,0,0,mgnregs,66.7,2,1,0,0
27,400000,daily_wage,male,st,primary,0,0,0,pm_kisan,0.0,2,2,1,0
27,400000,daily_wage,male,st,primary,0,0,0,pm_fasal_bima,0.0,1,2,1,0
27,400000,daily_wage,male,st,primary,0,0,0,kisan_credit_card,0.0,1,2,1,0
27,400000,daily_wage,male,st,primary,0,0,0,pm_matru_vandana,0.0,2,1,1,0
27,400000,daily_wage,male,st,primary,0,0,0,mahila_shakti_kendra,0.0,0,2,1,0
27,400000,daily_wage,male,st,primary,0,0,0,national_scholarship_portal,0.0,2,2,1,0
27,400000,daily_wage,male,st,primary,0,0,0,pm_scholarship_scheme,0.0,1,2,1,0
27,400000,daily_wage,male,st,primary,0,0,0,ayushman_bharat,0.0,0,2,1,0
27,400000,daily_wage,male,st,primary,0,0,0,pm_awas_yojana_gramin,0.0,2,2,1,0
27,400000,daily_wage,male,st,primary,0,0,0,pm_mudra_yojana,0.0,2,1,1,0
27,400000,daily_wage,male,st,primary,0,0,0,startup_india_seed_fund,0.0,1,1,1,0
27,400000,daily_wage,male,st,primary,0,0,0,deen_dayal_disability,0.0,0,2,1,0
27,400000,daily_wage,male,st,primary,0,0,0,post_matric_sc,0.0,0,3,1,0
27,400000,daily_wage,male,st,primary,0,0,0,eklavya_model_school,0.0,1,2,1,0
27,400000,daily_wage,male,st,primary,0,0,0,indira_gandhi_old_age,0.0,0,3,1,0
21,250000,unemployed,other,obc,secondary,5,1,0,pm_suraksha_bima,100.0,2,0,0,1
21,250000,unemployed,other,obc,secondary,5,1,0,pm_jeevan_jyoti,100.0,2,0,0,1
21,250000,unemployed,other,obc,secondary,5,1,0,pm_awas_yojana_gramin,85.7,3,1,0,1
21,250000,unemployed,other,obc,secondary,5,1,0,mgnregs,66.7,2,1,0,1
21,250000,unemployed,other,obc,secondary,5,1,0,ayushman_bharat,60.0,1,1,0,1
21,250000,unemployed,other,obc,secondary,5,1,0,pm_kisan,0.0,2,2,1,0
21,250000,unemployed,other,obc,secondary,5,1,0,pm_fasal_bima,0.0,2,1,1,0
21,250000,unemployed,other,obc,secondary,5,1,0,kisan_credit_card,0.0,2,1,1,0
21,250000,unemployed,other,obc,secondary,5,1,0,pm_matru_vandana,0.0,2,1,1,0
21,250000,unemployed,other,obc,secondary,5,1,0,mahila_shakti_kendra,0.0,1,1,1,0
21,250000,unemployed,other,obc,secondary,5,1,0,national_scholarship_portal,0.0,3,1,1,0
21,250000,unemployed,other,obc,secondary,5,1,0,pm_scholarship_scheme,0.0,2,1,1,0
21,250000,unemployed,other,obc,secondary,5,1,0,pm_mudra_yojana,0.0,2,1,1,0
21,250000,unemployed,other,obc,secondary,5,1,0,startup_india_seed_fund,0.0,1,1,1,0
21,250000,unemployed,other,obc,secondary,5,1,0,deen_dayal_disability,0.0,1,1,1,0
21,250000,unemployed,other,obc,secondary,5,1,0,post_matric_sc,0.0,1,2,1,0
21,250000,unemployed,other,obc,secondary,5,1,0,eklavya_model_school,0.0,0,3,1,0
21,250000,unemployed,other,obc,secondary,5,1,0,indira_gandhi_old_age,0.0,1,2,1,0
75,800000,farmer,other,obc,graduate,0,0,1,pm_kisan,75.0,3,1,0,0
75,800000,farmer,other,obc,graduate,0,0,1,pm_fasal_bima,66.7,2,1,0,1
75,800000,farmer,other,obc,graduate,0,0,1,kisan_credit_card,66.7,2,1,0,0
75,800000,farmer,other,obc,graduate,0,0,1,mgnregs,66.7,2,1,0,0
75,800000,farmer,other,obc,graduate,0,0,1,deen_dayal_disability,60.0,1,1,0,0
75,800000,farmer,other,obc,graduate,0,0,1,pm_matru_vandana,0.0,2,1,1,0
75,800000,farmer,other,obc,graduate,0,0,1,mahila_shakti_kendra,0.0,0,2,1,0
75,800000,farmer,other,obc,graduate,0,0,1,national_scholarship_portal,0.0,1,3,1,0
75,800000,farmer,other,obc,graduate,0,0,1,pm_scholarship_scheme,0.0,0,3,1,0
75,800000,farmer,other,obc,graduate,0,0,1,ayushman_bharat,0.0,0,2,1,0
75,800000,farmer,other,obc,graduate,0,0,1,pm_suraksha_bima,0.0,0,2,1,0
75,800000,farmer,other,obc,graduate,0,0,1,pm_jeevan_jyoti,0.0,0,2,1,0
75,800000,farmer,other,obc,graduate,0,0,1,pm_awas_yojana_gramin,0.0,2,2,1,0
75,800000,farmer,other,obc,graduate,0,0,1,pm_mudra_yojana,0.0,1,2,1,0
75,800000,farmer,other,obc,graduate,0,0,1,startup_india_seed_fund,0.0,0,2,1,0
75,800000,farmer,other,obc,graduate,0,0,1,post_matric_sc,0.0,0,3,1,0
75,800000,farmer,other,obc,graduate,0,0,1,eklavya_model_school,0.0,0,3,1,0
75,800000,farmer,other,obc,graduate,0,0,1,indira_gandhi_old_age,0.0,1,2,1,0
62,40000,daily_wage,other,sc,graduate,1,1,0,ayushman_bharat,100.0,2,0,0,1
62,40000,daily_wage,other,sc,graduate,1,1,0,pm_suraksha_bima,100.0,2,0,0,1
62,40000,daily_wage,other,sc,graduate,1,1,0,pm_awas_yojana_gramin,100.0,4,0,0,1
62,40000,daily_wage,other,sc,graduate,1,1,0,mgnregs,100.0,3,0,0,1
62,40000,daily_wage,other,sc,graduate,1,1,0,indira_gandhi_old_age,100.0,3,0,0,1
62,40000,daily_wage,other,sc,graduate,1,1,0,pm_kisan,0.0,3,1,1,0
62,40000,daily_wage,other,sc,graduate,1,1,0,pm_fasal_bima,0.0,2,1,1,0
62,40000,daily_wage,other,sc,graduate,1,1,0,kisan_credit_card,0.0,2,1,1,0
62,40000,daily_wage,other,sc,graduate,1,1,0,pm_matru_vandana,0.0,2,1,1,0
62,40000,daily_wage,other,sc,graduate,1,1,0,mahila_shakti_kendra,0.0,1,1,1,0
62,40000,daily_wage,other,sc,graduate,1,1,0,national_scholarship_portal,0.0,2,2,1,0
62,40000,daily_wage,other,sc,graduate,1,1,0,pm_scholarship_scheme,0.0,1,2,1,0
62,40000,daily_wage,other,sc,graduate,1,1,0,pm_jeevan_jyoti,0.0,1,1,1,0
62,40000,daily_wage,other,sc,graduate,1,1,0,pm_mudra_yojana,0.0,2,1,1,0
62,40000,daily_wage,other,sc,graduate,1,1,0,startup_india_seed_fund,0.0,0,2,1,0
62,40000,daily_wage,other,sc,graduate,1,1,0,deen_dayal_disability,0.0,1,1,1,0
62,40000,daily_wage,other,sc,graduate,1,1,0,post_matric_sc,0.0,2,1,1,0
62,40000,daily_wage,other,sc,graduate,1,1,0,eklavya_model_school,0.0,0,3,1,0
59,800000,salaried,male,obc,graduate,1,1,1,pm_awas_yojana_gramin,71.4,3,1,0,0
59,800000,salaried,male,obc,graduate,1,1,1,pm_suraksha_bima,66.7,1,1,0,0
59,800000,salaried,male,obc,graduate,1,1,1,ayushman_bharat,60.0,1,1,0,1
59,800000,salaried,male,obc,graduate,1,1,1,deen_dayal_disability,60.0,1,1,0,1
59,800000,salaried,male,obc,graduate,1,1,1,mgnregs,33.3,1,2,0,0
59,800000,salaried,male,obc,graduate,1,1,1,pm_kisan,0.0,2,2,1,0
59,800000,salaried,male,obc,graduate,1,1,1,pm_fasal_bima,0.0,2,1,1,0
59,800000,salaried,male,obc,graduate,1,1,1,kisan_credit_card,0.0,2,1,1,0
59,800000,salaried,male,obc,graduate,1,1,1,pm_matru_vandana,0.0,2,1,1,0
59,800000,salaried,male,obc,graduate,1,1,1,mahila_shakti_kendra,0.0,0,2,1,0
59,800000,salaried,male,obc,graduate,1,1,1,national_scholarship_portal,0.0,1,3,1,0
59,800000,salaried,male,obc,graduate,1,1,1,pm_scholarship_scheme,0.0,0,3,1,0
59,800000,salaried,male,obc,graduate,1,1,1,pm_jeevan_jyoti,0.0,0,2,1,0
59,800000,salaried,male,obc,graduate,1,1,1,pm_mudra_yojana,0.0,2,1,1,0
59,800000,salaried,male,obc,graduate,1,1,1,startup_india_seed_fund,0.0,0,2,1,0
59,800000,salaried,male,obc,graduate,1,1,1,post_matric_sc,0.0,0,3,1,0
59,800000,salaried,male,obc,graduate,1,1,1,eklavya_model_school,0.0,0,3,1,0
59,800000,salaried,male,obc,graduate,1,1,1,indira_gandhi_old_age,0.0,1,2,1,0
71,250000,self_employed,male,sc,postgraduate,0,0,0,startup_india_seed_fund,75.0,1,1,0,1
71,250000,self_employed,male,sc,postgraduate,0,0,0,mgnregs,66.7,2,1,0,1
71,250000,self_employed,male,sc,postgraduate,0,0,0,pm_kisan,0.0,2,2,1,0
71,250000,self_employed,male,sc,postgraduate,0,0,0,pm_fasal_bima,0.0,1,2,1,0
71,250000,self_employed,male,sc,postgraduate,0,0,0,kisan_credit_card,0.0,1,2,1,0
71,250000,self_employed,male,sc,postgraduate,0,0,0,pm_matru_vandana,0.0,2,1,1,0
71,250000,self_employed,male,sc,postgraduate,0,0,0,mahila_shakti_kendra,0.0,1,1,1,0
71,250000,self_employed,male,sc,postgraduate,0,0,0,national_scholarship_portal,0.0,2,2,1,0
71,250000,self_employed,male,sc,postgraduate,0,0,0,pm_scholarship_scheme,0.0,1,2,1,0
71,250000,self_employed,male,sc,postgraduate,0,0,0,ayushman_bharat,0.0,0,2,1,0
71,250000,self_employed,male,sc,postgraduate,0,0,0,pm_suraksha_bima,0.0,1,1,1,0
71,250000,self_employed,male,sc,postgraduate,0,0,0,pm_jeevan_jyoti,0.0,1,1,1,0
71,250000,self_employed,male,sc,postgraduate,0,0,0,pm_awas_yojana_gramin,0.0,3,1,1,0
71,250000,self_employed,male,sc,postgraduate,0,0,0,pm_mudra_yojana,0.0,2,1,1,0
71,250000,self_employed,male,sc,postgraduate,0,0,0,deen_dayal_disability,0.0,1,1,1,0
71,250000,self_employed,male,sc,postgraduate,0,0,0,post_matric_sc,0.0,2,1,1,0
71,250000,self_employed,male,sc,postgraduate,0,0,0,eklavya_model_school,0.0,0,3,1,0
71,250000,self_employed,male,sc,postgraduate,0,0,0,indira_gandhi_old_age,0.0,1,2,1,0
33,400000,other,female,st,secondary,5,1,0,pm_matru_vandana,100.0,3,0,0,1
33,400000,other,female,st,secondary,5,1,0,pm_suraksha_bima,100.0,2,0,0,1
33,400000,other,female,st,secondary,5,1,0,pm_jeevan_jyoti,100.0,2,0,0,1
33,400000,other,female,st,secondary,5,1,0,mgnregs,66.7,2,1,0,1
33,400000,other,female,st,secondary,5,1,0,mahila_shakti_kendra,60.0,1,1,0,1
33,400000,other,female,st,secondary,5,1,0,ayushman_bharat,60.0,1,1,0,0
33,400000,other,female,st,secondary,5,1,0,pm_awas_yojana_gramin,57.1,2,2,0,1
33,400000,other,female,st,secondary,5,1,0,pm_kisan,0.0,2,2,1,0
33,400000,other,female,st,secondary,5,1,0,pm_fasal_bima,0.0,2,1,1,0
33,400000,other,female,st,secondary,5,1,0,kisan_credit_card,0.0,2,1,1,0
33,400000,other,female,st,secondary,5,1,0,national_scholarship_portal,0.0,1,3,1,0
33,400000,other,female,st,secondary,5,1,0,pm_scholarship_scheme,0.0,1,2,1,0
33,400000,other,female,st,secondary,5,1,0,pm_mudra_yojana,0.0,2,1,1,0
33,400000,other,female,st,secondary,5,1,0,startup_india_seed_fund,0.0,1,1,1,0
33,400000,other,female,st,secondary,5,1,0,deen_dayal_disability,0.0,0,2,1,0
33,400000,other,female,st,secondary,5,1,0,post_matric_sc,0.0,0,3,1,0
33,400000,other,female,st,secondary,5,1,0,eklavya_model_school,0.0,1,2,1,0
33,400000,other,female,st,secondary,5,1,0,indira_gandhi_old_age,0.0,1,2,1,0
58,800000,salaried,female,obc,none,0.5,1,0,pm_matru_vandana,100.0,3,0,0,1
58,800000,salaried,female,obc,none,0.5,1,0,pm_awas_yojana_gramin,71.4,3,1,0,0
58,800000,salaried,female,obc,none,0.5,1,0,pm_suraksha_bima,66.7,1,1,0,1
58,800000,salaried,female,obc,none,0.5,1,0,mahila_shakti_kendra,60.0,1,1,0,1
58,800000,salaried,female,obc,none,0.5,1,0,ayushman_bharat,60.0,1,1,0,1
58,800000,salaried,female,obc,none,0.5,1,0,mgnregs,33.3,1,2,0,1
58,800000,salaried,female,obc,none,0.5,1,0,pm_kisan,0.0,2,2,1,0
58,800000,salaried,female,obc,none,0.5,1,0,pm_fasal_bima,0.0,2,1,1,0
58,800000,salaried,female,obc,none,0.5,1,0,kisan_credit_card,0.0,2,1,1,0
58,800000,salaried,female,obc,none,0.5,1,0,national_scholarship_portal,0.0,1,3,1,0
58,800000,salaried,female,obc,none,0.5,1,0,pm_scholarship_scheme,0.0,0,3,1,0
58,800000,salaried,female,obc,none,0.5,1,0,pm_jeevan_jyoti,0.0,0,2,1,0
58,800000,salaried,female,obc,none,0.5,1,0,pm_mudra_yojana,0.0,2,1,1,0
58,800000,salaried,female,obc,none,0.5,1,0,startup_india_seed_fund,0.0,0,2,1,0
58,800000,salaried,female,obc,none,0.5,1,0,deen_dayal_disability,0.0,0,2,1,0
58,800000,salaried,female,obc,none,0.5,1,0,post_matric_sc,0.0,0,3,1,0
58,800000,salaried,female,obc,none,0.5,1,0,eklavya_model_school,0.0,0,3,1,0
58,800000,salaried,female,obc,none,0.5,1,0,indira_gandhi_old_age,0.0,1,2,1,0
62,40000,unemployed,other,obc,graduate,1,0,0,pm_suraksha_bima,100.0,2,0,0,1
62,40000,unemployed,other,obc,graduate,1,0,0,mgnregs,100.0,3,0,0,1
62,40000,unemployed,other,obc,graduate,1,0,0,pm_kisan,0.0,3,1,1,0
62,40000,unemployed,other,obc,graduate,1,0,0,pm_fasal_bima,0.0,2,1,1,0
62,40000,unemployed,other,obc,graduate,1,0,0,kisan_credit_card,0.0,2,1,1,0
62,40000,unemployed,other,obc,graduate,1,0,0,pm_matru_vandana,0.0,2,1,1,0
62,40000,unemployed,other,obc,graduate,1,0,0,mahila_shakti_kendra,0.0,1,1,1,0
62,40000,unemployed,other,obc,graduate,1,0,0,national_scholarship_portal,0.0,2,2,1,0
62,40000,unemployed,other,obc,graduate,1,0,0,pm_scholarship_scheme,0.0,1,2,1,0
62,40000,unemployed,other,obc,graduate,1,0,0,ayushman_bharat,0.0,1,1,1,0
62,40000,unemployed,other,obc,graduate,1,0,0,pm_jeevan_jyoti,0.0,1,1,1,0
62,40000,unemployed,other,obc,graduate,1,0,0,pm_awas_yojana_gramin,0.0,3,1,1,0
62,40000,unemployed,other,obc,graduate,1,0,0,pm_mudra_yojana,0.0,2,1,1,0
62,40000,unemployed,other,obc,graduate,1,0,0,startup_india_seed_fund,0.0,0,2,1,0
62,40000,unemployed,other,obc,graduate,1,0,0,deen_dayal_disability,0.0,1,1,1,0
62,40000,unemployed,other,obc,graduate,1,0,0,post_matric_sc,0.0,1,2,1,0
62,40000,unemployed,other,obc,graduate,1,0,0,eklavya_model_school,0.0,0,3,1,0
62,40000,unemployed,other,obc,graduate,1,0,0,indira_gandhi_old_age,0.0,2,1,1,0
20,150000,unemployed,female,st,postgraduate,0,0,0,pm_matru_vandana,100.0,3,0,0,1
20,150000,unemployed,female,st,postgraduate,0,0,0,mahila_shakti_kendra,100.0,2,0,0,1
20,150000,unemployed,female,st,postgraduate,0,0,0,pm_suraksha_bima,100.0,2,0,0,1
20,150000,unemployed,female,st,postgraduate,0,0,0,pm_jeevan_jyoti,100.0,2,0,0,1
20,150000,unemployed,female,st,postgraduate,0,0,0,mgnregs,100.0,3,0,0,1
20,150000,unemployed,female,st,postgraduate,0,0,0,pm_kisan,0.0,3,1,1,0
20,150000,unemployed,female,st,postgraduate,0,0,0,pm_fasal_bima,0.0,1,2,1,0
20,150000,unemployed,female,st,postgraduate,0,0,0,kisan_credit_card,0.0,1,2,1,0
20,150000,unemployed,female,st,postgraduate,0,0,0,national_scholarship_portal,0.0,3,1,1,0
20,150000,unemployed,female,st,postgraduate,0,0,0,pm_scholarship_scheme,0.0,2,1,1,0
20,150000,unemployed,female,st,postgraduate,0,0,0,ayushman_bharat,0.0,0,2,1,0
20,150000,unemployed,female,st,postgraduate,0,0,0,pm_awas_yojana_gramin,0.0,3,1,1,0
20,150000,unemployed,female,st,postgraduate,0,0,0,pm_mudra_yojana,0.0,2,1,1,0
20,150000,unemployed,female,st,postgraduate,0,0,0,startup_india_seed_fund,0.0,1,1,1,0
20,150000,unemployed,female,st,postgraduate,0,0,0,deen_dayal_disability,0.0,1,1,1,0
20,150000,unemployed,female,st,postgraduate,0,0,0,post_matric_sc,0.0,1,2,1,0
20,150000,unemployed,female,st,postgraduate,0,0,0,eklavya_model_school,0.0,1,2,1,0
20,150000,unemployed,female,st,postgraduate,0,0,0,indira_gandhi_old_age,0.0,0,3,1,0
74,0,daily_wage,male,general,secondary,0.5,0,1,mgnregs,100.0,3,0,0,1
74,0,daily_wage,male,general,secondary,0.5,0,1,deen_dayal_disability,100.0,2,0,0,1
74,0,daily_wage,male,general,secondary,0.5,0,1,pm_kisan,0.0,3,1,1,0
74,0,daily_wage,male,general,secondary,0.5,0,1,pm_fasal_bima,0.0,2,1,1,0
74,0,daily_wage,male,general,secondary,0.5,0,1,kisan_credit_card,0.0,2,1,1,0
74,0,daily_wage,male,general,secondary,0.5,0,1,pm_matru_vandana,0.0,2,1,1,0
74,0,daily_wage,male,general,secondary,0.5,0,1,mahila_shakti_kendra,0.0,1,1,1,0
74,0,daily_wage,male,general,secondary,0.5,0,1,national_scholarship_portal,0.0,1,3,1,0
74,0,daily_wage,male,general,secondary,0.5,0,1,pm_scholarship_scheme,0.0,1,2,1,0
74,0,daily_wage,male,general,secondary,0.5,0,1,ayushman_bharat,0.0,1,1,1,0
74,0,daily_wage,male,general,secondary,0.5,0,1,pm_suraksha_bima,0.0,1,1,1,0
74,0,daily_wage,male,general,secondary,0.5,0,1,pm_jeevan_jyoti,0.0,1,1,1,0
74,0,daily_wage,male,general,secondary,0.5,0,1,pm_awas_yojana_gramin,0.0,3,1,1,0
74,0,daily_wage,male,general,secondary,0.5,0,1,pm_mudra_yojana,0.0,1,2,1,0
74,0,daily_wage,male,general,secondary,0.5,0,1,startup_india_seed_fund,0.0,0,2,1,0
74,0,daily_wage,male,general,secondary,0.5,0,1,post_matric_sc,0.0,1,2,1,0
74,0,daily_wage,male,general,secondary,0.5,0,1,eklavya_model_school,0.0,0,3,1,0
74,0,daily_wage,male,general,secondary,0.5,0,1,indira_gandhi_old_age,0.0,2,1,1,0
28,0,self_employed,other,obc,none,1,1,0,ayushman_bharat,100.0,2,0,0,1
28,0,self_employed,other,obc,none,1,1,0,pm_suraksha_bima,100.0,2,0,0,1
28,0,self_employed,other,obc,none,1,1,0,pm_jeevan_jyoti,100.0,2,0,0,1
28,0,self_employed,other,obc,none,1,1,0,pm_awas_yojana_gramin,100.0,4,0,0,1
28,0,self_employed,other,obc,none,1,1,0,mgnregs,100.0,3,0,0,1
28,0,self_employed,other,obc,none,1,1,0,pm_mudra_yojana,100.0,3,0,0,1
28,0,self_employed,other,obc,none,1,1,0,startup_india_seed_fund,100.0,2,0,0,1
28,0,self_employed,other,obc,none,1,1,0,pm_kisan,0.0,3,1,1,0
28,0,self_employed,other,obc,none,1,1,0,pm_fasal_bima,0.0,2,1,1,0
28,0,self_employed,other,obc,none,1,1,0,kisan_credit_card,0.0,2,1,1,0
28,0,self_employed,other,obc,none,1,1,0,pm_matru_vandana,0.0,2,1,1,0
28,0,self_employed,other,obc,none,1,1,0,mahila_shakti_kendra,0.0,1,1,1,0
28,0,self_employed,other,obc,none,1,1,0,national_scholarship_portal,0.0,3,1,1,0
28,0,self_employed,other,obc,none,1,1,0,pm_scholarship_scheme,0.0,1,2,1,0
28,0,self_employed,other,obc,none,1,1,0,deen_dayal_disability,0.0,1,1,1,0
28,0,self_employed,other,obc,none,1,1,0,post_matric_sc,0.0,1,2,1,0
28,0,self_employed,other,obc,none,1,1,0,eklavya_model_school,0.0,0,3,1,0
28,0,self_employed,other,obc,none,1,1,0,indira_gandhi_old_age,0.0,2,1,1,0
69,0,self_employed,male,st,graduate,0.5,0,0,pm_suraksha_bima,100.0,2,0,0,1
69,0,self_employed,male,st,graduate,0.5,0,0,mgnregs,100.0,3,0,0,1
69,0,self_employed,male,st,graduate,0.5,0,0,startup_india_seed_fund,75.0,1,1,0,1
69,0,self_employed,male,st,graduate,0.5,0,0,pm_kisan,0.0,3,1,1,0
69,0,self_employed,male,st,graduate,0.5,0,0,pm_fasal_bima,0.0,2,1,1,0
69,0,self_employed,male,st,graduate,0.5,0,0,kisan_credit_card,0.0,2,1,1,0
69,0,self_employed,male,st,graduate,0.5,0,0,pm_matru_vandana,0.0,2,1,1,0
69,0,self_employed,male,st,graduate,0.5,0,0,mahila_shakti_kendra,0.0,1,1,1,0
69,0,self_employed,male,st,graduate,0.5,0,0,national_scholarship_portal,0.0,2,2,1,0
69,0,self_employed,male,st,graduate,0.5,0,0,pm_scholarship_scheme,0.0,1,2,1,0
69,0,self_employed,male,st,graduate,0.5,0,0,ayushman_bharat,0.0,1,1,1,0
69,0,self_employed,male,st,graduate,0.5,0,0,pm_jeevan_jyoti,0.0,1,1,1,0
69,0,self_employed,male,st,graduate,0.5,0,0,pm_awas_yojana_gramin,0.0,3,1,1,0
69,0,self_employed,male,st,graduate,0.5,0,0,pm_mudra_yojana,0.0,2,1,1,0
69,0,self_employed,male,st,graduate,0.5,0,0,deen_dayal_disability,0.0,1,1,1,0
69,0,self_employed,male,st,graduate,0.5,0,0,post_matric_sc,0.0,1,2,1,0
69,0,self_employed,male,st,graduate,0.5,0,0,eklavya_model_school,0.0,1,2,1,0
69,0,self_employed,male,st,graduate,0.5,0,0,indira_gandhi_old_age,0.0,2,1,1,0
41,90000,other,male,obc,none,0.5,1,0,ayushman_bharat,100.0,2,0,0,1
41,90000,other,male,obc,none,0.5,1,0,pm_suraksha_bima,100.0,2,0,0,1
41,90000,other,male,obc,none,0.5,1,0,pm_jeevan_jyoti,100.0,2,0,0,1
41,90000,other,male,obc,none,0.5,1,0,pm_awas_yojana_gramin,100.0,4,0,0,1
41,90000,other,male,obc,none,0.5,1,0,mgnregs,100.0,3,0,0,0
41,90000,other,male,obc,none,0.5,1,0,pm_kisan,0.0,3,1,1,0
41,90000,other,male,obc,none,0.5,1,0,pm_fasal_bima,0.0,2,1,1,0
41,90000,other,male,obc,none,0.5,1,0,kisan_credit_card,0.0,2,1,1,0
41,90000,other,male,obc,none,0.5,1,0,pm_matru_vandana,0.0,2,1,1,0
41,90000,other,male,obc,none,0.5,1,0,mahila_shakti_kendra,0.0,1,1,1,0
41,90000,other,male,obc,none,0.5,1,0,national_scholarship_portal,0.0,2,2,1,0
41,90000,other,male,obc,none,0.5,1,0,pm_scholarship_scheme,0.0,1,2,1,0
41,90000,other,male,obc,none,0.5,1,0,pm_mudra_yojana,0.0,2,1,1,0
41,90000,other,male,obc,none,0.5,1,0,startup_india_seed_fund,0.0,1,1,1,0
41,90000,other,male,obc,none,0.5,1,0,deen_dayal_disability,0.0,1,1,1,0
41,90000,other,male,obc,none,0.5,1,0,post_matric_sc,0.0,1,2,1,0
41,90000,other,male,obc,none,0.5,1,0,eklavya_model_school,0.0,0,3,1,0
41,90000,other,male,obc,none,0.5,1,0,indira_gandhi_old_age,0.0,2,1,1,0
34,150000,farmer,other,general,secondary,2.5,0,0,pm_kisan,100.0,4,0,0,1
34,150000,farmer,other,general,secondary,2.5,0,0,pm_fasal_bima,100.0,3,0,0,1
34,150000,farmer,other,general,secondary,2.5,0,0,kisan_credit_card,100.0,3,0,0,1
34,150000,farmer,other,general,secondary,2.5,0,0,pm_suraksha_bima,100.0,2,0,0,1
34,150000,farmer,other,general,secondary,2.5,0,0,pm_jeevan_jyoti,100.0,2,0,0,1
34,150000,farmer,other,general,secondary,2.5,0,0,mgnregs,100.0,3,0,0,1
34,150000,farmer,other,general,secondary,2.5,0,0,pm_matru_vandana,0.0,2,1,1,0
34,150000,farmer,other,general,secondary,2.5,0,0,mahila_shakti_kendra,0.0,1,1,1,0
34,150000,farmer,other,general,secondary,2.5,0,0,national_scholarship_portal,0.0,1,3,1,0
34,150000,farmer,other,general,secondary,2.5,0,0,pm_scholarship_scheme,0.0,1,2,1,0
34,150000,farmer,other,general,secondary,2.5,0,0,ayushman_bharat,0.0,0,2,1,0
34,150000,farmer,other,general,secondary,2.5,0,0,pm_awas_yojana_gramin,0.0,3,1,1,0
34,150000,farmer,other,general,secondary,2.5,0,0,pm_mudra_yojana,0.0,2,1,1,0
34,150000,farmer,other,general,secondary,2.5,0,0,startup_india_seed_fund,0.0,1,1,1,0
34,150000,farmer,other,general,secondary,2.5,0,0,deen_dayal_disability,0.0,1,1,1,0
34,150000,farmer,other,general,secondary,2.5,0,0,post_matric_sc,0.0,1,2,1,0
34,150000,farmer,other,general,secondary,2.5,0,0,eklavya_model_school,0.0,0,3,1,0
34,150000,farmer,other,general,secondary,2.5,0,0,indira_gandhi_old_age,0.0,0,3,1,0
29,0,farmer,female,general,primary,2.5,0,0,pm_kisan,100.0,4,0,0,1
29,0,farmer,female,general,primary,2.5,0,0,pm_fasal_bima,100.0,3,0,0,1
29,0,farmer,female,general,primary,2.5,0,0,kisan_credit_card,100.0,3,0,0,1
29,0,farmer,female,general,primary,2.5,0,0,pm_matru_vandana,100.0,3,0,0,0
29,0,farmer,female,general,primary,2.5,0,0,mahila_shakti_kendra,100.0,2,0,0,1
29,0,farmer,female,general,primary,2.5,0,0,pm_suraksha_bima,100.0,2,0,0,1
29,0,farmer,female,general,primary,2.5,0,0,pm_jeevan_jyoti,100.0,2,0,0,1
29,0,farmer,female,general,primary,2.5,0,0,mgnregs,100.0,3,0,0,1
29,0,farmer,female,general,primary,2.5,0,0,national_scholarship_portal,0.0,2,2,1,0
29,0,farmer,female,general,primary,2.5,0,0,pm_scholarship_scheme,0.0,1,2,1,0
29,0,farmer,female,general,primary,2.5,0,0,ayushman_bharat,0.0,1,1,1,0
29,0,farmer,female,general,primary,2.5,0,0,pm_awas_yojana_gramin,0.0,3,1,1,0
29,0,farmer,female,general,primary,2.5,0,0,pm_mudra_yojana,0.0,2,1,1,0
29,0,farmer,female,general,primary,2.5,0,0,startup_india_seed_fund,0.0,1,1,1,0
29,0,farmer,female,general,primary,2.5,0,0,deen_dayal_disability,0.0,1,1,1,0
29,0,farmer,female,general,primary,2.5,0,0,post_matric_sc,0.0,1,2,1,0
29,0,farmer,female,general,primary,2.5,0,0,eklavya_model_school,0.0,0,3,1,0
29,0,farmer,female,general,primary,2.5,0,0,indira_gandhi_old_age,0.0,1,2,1,0
20,150000,farmer,male,sc,secondary,0,0,0,pm_kisan,100.0,4,0,0,1
20,150000,farmer,male,sc,secondary,0,0,0,pm_suraksha_bima,100.0,2,0,0,1
20,150000,farmer,male,sc,secondary,0,0,0,pm_jeevan_jyoti,100.0,2,0,0,1
20,150000,farmer,male,sc,secondary,0,0,0,mgnregs,100.0,3,0,0,0
20,150000,farmer,male,sc,secondary,0,0,0,pm_fasal_bima,66.7,2,1,0,1
20,150000,farmer,male,sc,secondary,0,0,0,kisan_credit_card,66.7,2,1,0,1
20,150000,farmer,male,sc,secondary,0,0,0,pm_matru_vandana,0.0,2,1,1,0
20,150000,farmer,male,sc,secondary,0,0,0,mahila_shakti_kendra,0.0,1,1,1,0
20,150000,farmer,male,sc,secondary,0,0,0,national_scholarship_portal,0.0,3,1,1,0
20,150000,farmer,male,sc,secondary,0,0,0,pm_scholarship_scheme,0.0,2,1,1,0
20,150000,farmer,male,sc,secondary,0,0,0,ayushman_bharat,0.0,0,2,1,0
20,150000,farmer,male,sc,secondary,0,0,0,pm_awas_yojana_gramin,0.0,3,1,1,0
20,150000,farmer,male,sc,secondary,0,0,0,pm_mudra_yojana,0.0,2,1,1,0
20,150000,farmer,male,sc,secondary,0,0,0,startup_india_seed_fund,0.0,1,1,1,0
20,150000,farmer,male,sc,secondary,0,0,0,deen_dayal_disability,0.0,1,1,1,0
20,150000,farmer,male,sc,secondary,0,0,0,post_matric_sc,0.0,2,1,1,0
20,150000,farmer,male,sc,secondary,0,0,0,eklavya_model_school,0.0,0,3,1,0
20,150000,farmer,male,sc,secondary,0,0,0,indira_gandhi_old_age,0.0,0,3,1,0
45,0,salaried,other,st,primary,1,0,0,pm_suraksha_bima,100.0,2,0,0,0
45,0,salaried,other,st,primary,1,0,0,pm_jeevan_jyoti,100.0,2,0,0,1
45,0,salaried,other,st,primary,1,0,0,mgnregs,66.7,2,1,0,1
45,0,salaried,other,st,primary,1,0,0,pm_kisan,0.0,3,1,1,0
45,0,salaried,other,st,primary,1,0,0,pm_fasal_bima,0.0,2,1,1,0
45,0,salaried,other,st,primary,1,0,0,kisan_credit_card,0.0,2,1,1,0
45,0,salaried,other,st,primary,1,0,0,pm_matru_vandana,0.0,2,1,1,0
45,0,salaried,other,st,primary,1,0,0,mahila_shakti_kendra,0.0,1,1,1,0
45,0,salaried,other,st,primary,1,0,0,national_scholarship_portal,0.0,2,2,1,0
45,0,salaried,other,st,primary,1,0,0,pm_scholarship_scheme,0.0,1,2,1,0
45,0,salaried,other,st,primary,1,0,0,ayushman_bharat,0.0,1,1,1,0
45,0,salaried,other,st,primary,1,0,0,pm_awas_yojana_gramin,0.0,3,1,1,0
45,0,salaried,other,st,primary,1,0,0,pm_mudra_yojana,0.0,2,1,1,0
45,0,salaried,other,st,primary,1,0,0,startup_india_seed_fund,0.0,1,1,1,0
45,0,salaried,other,st,primary,1,0,0,deen_dayal_disability,0.0,1,1,1,0
45,0,salaried,other,st,primary,1,0,0,post_matric_sc,0.0,1,2,1,0
45,0,salaried,other,st,primary,1,0,0,eklavya_model_school,0.0,1,2,1,0
45,0,salaried,other,st,primary,1,0,0,indira_gandhi_old_age,0.0,1,2,1,0
57,800000,self_employed,female,sc,primary,5,1,0,pm_matru_vandana,100.0,3,0,0,1
57,800000,self_employed,female,sc,primary,5,1,0,pm_mudra_yojana,100.0,3,0,0,1
57,800000,self_employed,female,sc,primary,5,1,0,startup_india_seed_fund,75.0,1,1,0,0
57,800000,self_employed,female,sc,primary,5,1,0,pm_suraksha_bima,66.7,1,1,0,1
57,800000,self_employed,female,sc,primary,5,1,0,mgnregs,66.7,2,1,0,1
57,800000,self_employed,female,sc,primary,5,1,0,mahila_shakti_kendra,60.0,1,1,0,0
57,800000,self_employed,female,sc,primary,5,1,0,ayushman_bharat,60.0,1,1,0,1
57,800000,self_employed,female,sc,primary,5,1,0,pm_awas_yojana_gramin,57.1,2,2,0,0
57,800000,self_employed,female,sc,primary,5,1,0,pm_kisan,0.0,2,2,1,0
57,800000,self_employed,female,sc,primary,5,1,0,pm_fasal_bima,0.0,2,1,1,0
57,800000,self_employed,female,sc,primary,5,1,0,kisan_credit_card,0.0,2,1,1,0
57,800000,self_employed,female,sc,primary,5,1,0,national_scholarship_portal,0.0,1,3,1,0
57,800000,self_employed,female,sc,primary,5,1,0,pm_scholarship_scheme,0.0,0,3,1,0
57,800000,self_employed,female,sc,primary,5,1,0,pm_jeevan_jyoti,0.0,0,2,1,0
57,800000,self_employed,female,sc,primary,5,1,0,deen_dayal_disability,0.0,0,2,1,0
57,800000,self_employed,female,sc,primary,5,1,0,post_matric_sc,0.0,1,2,1,0
57,800000,self_employed,female,sc,primary,5,1,0,eklavya_model_school,0.0,0,3,1,0
57,800000,self_employed,female,sc,primary,5,1,0,indira_gandhi_old_age,0.0,1,2,1,0
46,400000,daily_wage,other,general,secondary,1,1,0,pm_suraksha_bima,100.0,2,0,0,1
46,400000,daily_wage,other,general,secondary,1,1,0,pm_jeevan_jyoti,100.0,2,0,0,1
46,400000,daily_wage,other,general,secondary,1,1,0,pm_awas_yojana_gramin,71.4,3,1,0,0
46,400000,daily_wage,other,general,secondary,1,1,0,mgnregs,66.7,2,1,0,1
46,400000,daily_wage,other,general,secondary,1,1,0,ayushman_bharat,60.0,1,1,0,1
46,400000,daily_wage,other,general,secondary,1,1,0,pm_kisan,0.0,2,2,1,0
46,400000,daily_wage,other,general,secondary,1,1,0,pm_fasal_bima,0.0,2,1,1,0
46,400000,daily_wage,other,general,secondary,1,1,0,kisan_credit_card,0.0,2,1,1,0
46,400000,daily_wage,other,general,secondary,1,1,0,pm_matru_vandana,0.0,2,1,1,0
46,400000,daily_wage,other,general,secondary,1,1,0,mahila_shakti_kendra,0.0,0,2,1,0
46,400000,daily_wage,other,general,secondary,1,1,0,national_scholarship_portal,0.0,0,4,1,0
46,400000,daily_wage,other,general,secondary,1,1,0,pm_scholarship_scheme,0.0,1,2,1,0
46,400000,daily_wage,other,general,secondary,1,1,0,pm_mudra_yojana,0.0,2,1,1,0
46,400000,daily_wage,other,general,secondary,1,1,0,startup_india_seed_fund,0.0,1,1,1,0
46,400000,daily_wage,other,general,secondary,1,1,0,deen_dayal_disability,0.0,0,2,1,0
46,400000,daily_wage,other,general,secondary,1,1,0,post_matric_sc,0.0,0,3,1,0
46,400000,daily_wage,other,general,secondary,1,1,0,eklavya_model_school,0.0,0,3,1,0
46,400000,daily_wage,other,general,secondary,1,1,0,indira_gandhi_old_age,0.0,1,2,1,0
45,400000,other,male,st,primary,0,1,0,pm_suraksha_bima,100.0,2,0,0,1
45,400000,other,male,st,primary,0,1,0,pm_jeevan_jyoti,100.0,2,0,0,1
45,400000,other,male,st,primary,0,1,0,pm_awas_yojana_gramin,71.4,3,1,0,0
45,400000,other,male,st,primary,0,1,0,mgnregs,66.7,2,1,0,0
45,400000,other,male,st,primary,0,1,0,ayushman_bharat,60.0,1,1,0,0
45,400000,other,male,st,primary,0,1,0,pm_kisan,0.0,2,2,1,0
45,400000,other,male,st,primary,0,1,0,pm_fasal_bima,0.0,1,2,1,0
45,400000,other,male,st,primary,0,1,0,kisan_credit_card,0.0,1,2,1,0
45,400000,other,male,st,primary,0,1,0,pm_matru_vandana,0.0,2,1,1,0
45,400000,other,male,st,primary,0,1,0,mahila_shakti_kendra,0.0,0,2,1,0
45,400000,other,male,st,primary,0,1,0,national_scholarship_portal,0.0,1,3,1,0
45,400000,other,male,st,primary,0,1,0,pm_scholarship_scheme,0.0,1,2,1,0
45,400000,other,male,st,primary,0,1,0,pm_mudra_yojana,0.0,2,1,1,0
45,400000,other,male,st,primary,0,1,0,startup_india_seed_fund,0.0,1,1,1,0
45,400000,other,male,st,primary,0,1,0,deen_dayal_disability,0.0,0,2,1,0
45,400000,other,male,st,primary,0,1,0,post_matric_sc,0.0,0,3,1,0
45,400000,other,male,st,primary,0,1,0,eklavya_model_school,0.0,1,2,1,0
45,400000,other,male,st,primary,0,1,0,indira_gandhi_old_age,0.0,1,2,1,0
73,250000,self_employed,other,general,none,5,0,0,startup_india_seed_fund,75.0,1,1,0,1
73,250000,self_employed,other,general,none,5,0,0,mgnregs,66.7,2,1,0,1
73,250000,self_employed,other,general,none,5,0,0,pm_kisan,0.0,2,2,1,0
73,250000,self_employed,other,general,none,5,0,0,pm_fasal_bima,0.0,2,1,1,0
73,250000,self_employed,other,general,none,5,0,0,kisan_credit_card,0.0,2,1,1,0
73,250000,self_employed,other,general,none,5,0,0,pm_matru_vandana,0.0,2,1,1,0
73,250000,self_employed,other,general,none,5,0,0,mahila_shakti_kendra,0.0,1,1,1,0
73,250000,self_employed,other,general,none,5,0,0,national_scholarship_portal,0.0,1,3,1,0
73,250000,self_employed,other,general,none,5,0,0,pm_scholarship_scheme,0.0,1,2,1,0
73,250000,self_employed,other,general,none,5,0,0,ayushman_bharat,0.0,0,2,1,0
73,250000,self_employed,other,general,none,5,0,0,pm_suraksha_bima,0.0,1,1,1,0
73,250000,self_employed,other,general,none,5,0,0,pm_jeevan_jyoti,0.0,1,1,1,0
73,250000,self_employed,other,general,none,5,0,0,pm_awas_yojana_gramin,0.0,2,2,1,0
73,250000,self_employed,other,general,none,5,0,0,pm_mudra_yojana,0.0,2,1,1,0
73,250000,self_employed,other,general,none,5,0,0,deen_dayal_disability,0.0,1,1,1,0
73,250000,self_employed,other,general,none,5,0,0,post_matric_sc,0.0,1,2,1,0
73,250000,self_employed,other,general,none,5,0,0,eklavya_model_school,0.0,0,3,1,0
73,250000,self_employed,other,general,none,5,0,0,indira_gandhi_old_age,0.0,1,2,1,0
42,800000,farmer,female,st,none,0.5,0,1,pm_fasal_bima,100.0,3,0,0,1
42,800000,farmer,female,st,none,0.5,0,1,kisan_credit_card,100.0,3,0,0,1
42,800000,farmer,female,st,none,0.5,0,1,pm_matru_vandana,100.0,3,0,0,1
42,800000,farmer,female,st,none,0.5,0,1,pm_kisan,75.0,3,1,0,1
42,800000,farmer,female,st,none,0.5,0,1,pm_suraksha_bima,66.7,1,1,0,1
42,800000,farmer,female,st,none,0.5,0,1,pm_jeevan_jyoti,66.7,1,1,0,1
42,800000,farmer,female,st,none,0.5,0,1,mgnregs,66.7,2,1,0,1
42,800000,farmer,female,st,none,0.5,0,1,mahila_shakti_kendra,60.0,1,1,0,1
42,800000,farmer,female,st,none,0.5,0,1,deen_dayal_disability,60.0,1,1,0,0
42,800000,farmer,female,st,none,0.5,0,1,national_scholarship_portal,0.0,1,3,1,0
42,800000,farmer,female,st,none,0.5,0,1,pm_scholarship_scheme,0.0,0,3,1,0
42,800000,farmer,female,st,none,0.5,0,1,ayushman_bharat,0.0,0,2,1,0
42,800000,farmer,female,st,none,0.5,0,1,pm_awas_yojana_gramin,0.0,2,2,1,0
42,800000,farmer,female,st,none,0.5,0,1,pm_mudra_yojana,0.0,2,1,1,0
42,800000,farmer,female,st,none,0.5,0,1,startup_india_seed_fund,0.0,1,1,1,0
42,800000,farmer,female,st,none,0.5,0,1,post_matric_sc,0.0,0,3,1,0
42,800000,farmer,female,st,none,0.5,0,1,eklavya_model_school,0.0,1,2,1,0
42,800000,farmer,female,st,none,0.5,0,1,indira_gandhi_old_age,0.0,0,3,1,0
62,400000,student,female,st,none,0,0,0,pm_matru_vandana,100.0,3,0,0,0
62,400000,student,female,st,none,0,0,0,pm_suraksha_bima,100.0,2,0,0,1
62,400000,student,female,st,none,0,0,0,pm_scholarship_scheme,83.3,2,1,0,0
62,400000,student,female,st,none,0,0,0,eklavya_model_school,83.3,2,1,0,0
62,400000,student,female,st,none,0,0,0,national_scholarship_portal,62.5,2,2,0,0
62,400000,student,female,st,none,0,0,0,mahila_shakti_kendra,60.0,1,1,0,1
62,400000,student,female,st,none,0,0,0,mgnregs,33.3,1,2,0,1
62,400000,student,female,st,none,0,0,0,pm_kisan,0.0,2,2,1,0
62,400000,student,female,st,none,0,0,0,pm_fasal_bima,0.0,1,2,1,0
62,400000,student,female,st,none,0,0,0,kisan_credit_card,0.0,1,2,1,0
62,400000,student,female,st,none,0,0,0,ayushman_bharat,0.0,0,2,1,0
62,400000,student,female,st,none,0,0,0,pm_jeevan_jyoti,0.0,1,1,1,0
62,400000,student,female,st,none,0,0,0,pm_awas_yojana_gramin,0.0,2,2,1,0
62,400000,student,female,st,none,0,0,0,pm_mudra_yojana,0.0,2,1,1,0
62,400000,student,female,st,none,0,0,0,startup_india_seed_fund,0.0,0,2,1,0
62,400000,student,female,st,none,0,0,0,deen_dayal_disability,0.0,0,2,1,0
62,400000,student,female,st,none,0,0,0,post_matric_sc,0.0,1,2,1,0
62,400000,student,female,st,none,0,0,0,indira_gandhi_old_age,0.0,1,2,1,0
37,0,farmer,female,st,graduate,1,1,0,pm_kisan,100.0,4,0,0,0
37,0,farmer,female,st,graduate,1,1,0,pm_fasal_bima,100.0,3,0,0,1
37,0,farmer,female,st,graduate,1,1,0,kisan_credit_card,100.0,3,0,0,1
37,0,farmer,female,st,graduate,1,1,0,pm_matru_vandana,100.0,3,0,0,1
37,0,farmer,female,st,graduate,1,1,0,mahila_shakti_kendra,100.0,2,0,0,1
37,0,farmer,female,st,graduate,1,1,0,ayushman_bharat,100.0,2,0,0,1
37,0,farmer,female,st,graduate,1,1,0,pm_suraksha_bima,100.0,2,0,0,1
37,0,farmer,female,st,graduate,1,1,0,pm_jeevan_jyoti,100.0,2,0,0,1
37,0,farmer,female,st,graduate,1,1,0,pm_awas_yojana_gramin,100.0,4,0,0,1
37,0,farmer,female,st,graduate,1,1,0,mgnregs,100.0,3,0,0,1
37,0,farmer,female,st,graduate,1,1,0,national_scholarship_portal,0.0,2,2,1,0
37,0,farmer,female,st,graduate,1,1,0,pm_scholarship_scheme,0.0,1,2,1,0
37,0,farmer,female,st,graduate,1,1,0,pm_mudra_yojana,0.0,2,1,1,0
37,0,farmer,female,st,graduate,1,1,0,startup_india_seed_fund,0.0,1,1,1,0
37,0,farmer,female,st,graduate,1,1,0,deen_dayal_disability,0.0,1,1,1,0
37,0,farmer,female,st,graduate,1,1,0,post_matric_sc,0.0,1,2,1,0
37,0,farmer,female,st,graduate,1,1,0,eklavya_model_school,0.0,1,2,1,0
37,0,farmer,female,st,graduate,1,1,0,indira_gandhi_old_age,0.0,2,1,1,0
40,0,daily_wage,other,general,secondary,0,0,0,pm_suraksha_bima,100.0,2,0,0,1
40,0,daily_wage,other,general,secondary,0,0,0,pm_jeevan_jyoti,100.0,2,0,0,1
40,0,daily_wage,other,general,secondary,0,0,0,mgnregs,100.0,3,0,0,1
40,0,daily_wage,other,general,secondary,0,0,0,pm_kisan,0.0,3,1,1,0
40,0,daily_wage,other,general,secondary,0,0,0,pm_fasal_bima,0.0,1,2,1,0
40,0,daily_wage,other,general,secondary,0,0,0,kisan_credit_card,0.0,1,2,1,0
40,0,daily_wage,other,general,secondary,0,0,0,pm_matru_vandana,0.0,2,1,1,0
40,0,daily_wage,other,general,secondary,0,0,0,mahila_shakti_kendra,0.0,1,1,1,0
40,0,daily_wage,other,general,secondary,0,0,0,national_scholarship_portal,0.0,1,3,1,0
40,0,daily_wage,other,general,secondary,0,0,0,pm_scholarship_scheme,0.0,1,2,1,0
40,0,daily_wage,other,general,secondary,0,0,0,ayushman_bharat,0.0,1,1,1,0
40,0,daily_wage,other,general,secondary,0,0,0,pm_awas_yojana_gramin,0.0,3,1,1,0
40,0,daily_wage,other,general,secondary,0,0,0,pm_mudra_yojana,0.0,2,1,1,0
40,0,daily_wage,other,general,secondary,0,0,0,startup_india_seed_fund,0.0,1,1,1,0
40,0,daily_wage,other,general,secondary,0,0,0,deen_dayal_disability,0.0,1,1,1,0
40,0,daily_wage,other,general,secondary,0,0,0,post_matric_sc,0.0,1,2,1,0
40,0,daily_wage,other,general,secondary,0,0,0,eklavya_model_school,0.0,0,3,1,0
40,0,daily_wage,other,general,secondary,0,0,0,indira_gandhi_old_age,0.0,1,2,1,0
18,0,daily_wage,female,st,graduate,2.5,0,0,mahila_shakti_kendra,100.0,2,0,0,1
18,0,daily_wage,female,st,graduate,2.5,0,0,pm_suraksha_bima,100.0,2,0,0,1
18,0,daily_wage,female,st,graduate,2.5,0,0,pm_jeevan_jyoti,100.0,2,0,0,1
18,0,daily_wage,female,st,graduate,2.5,0,0,mgnregs,100.0,3,0,0,1
18,0,daily_wage,female,st,graduate,2.5,0,0,pm_kisan,0.0,3,1,1,0
18,0,daily_wage,female,st,graduate,2.5,0,0,pm_fasal_bima,0.0,2,1,1,0
18,0,daily_wage,female,st,graduate,2.5,0,0,kisan_credit_card,0.0,2,1,1,0
18,0,daily_wage,female,st,graduate,2.5,0,0,pm_matru_vandana,0.0,2,1,1,0
18,0,daily_wage,female,st,graduate,2.5,0,0,national_scholarship_portal,0.0,3,1,1,0
18,0,daily_wage,female,st,graduate,2.5,0,0,pm_scholarship_scheme,0.0,2,1,1,0
18,0,daily_wage,female,st,graduate,2.5,0,0,ayushman_bharat,0.0,1,1,1,0
18,0,daily_wage,female,st,graduate,2.5,0,0,pm_awas_yojana_gramin,0.0,3,1,1,0
18,0,daily_wage,female,st,graduate,2.5,0,0,pm_mudra_yojana,0.0,2,1,1,0
18,0,daily_wage,female,st,graduate,2.5,0,0,startup_india_seed_fund,0.0,1,1,1,0
18,0,daily_wage,female,st,graduate,2.5,0,0,deen_dayal_disability,0.0,1,1,1,0
18,0,daily_wage,female,st,graduate,2.5,0,0,post_matric_sc,0.0,1,2,1,0
18,0,daily_wage,female,st,graduate,2.5,0,0,eklavya_model_school,0.0,2,1,1,0
18,0,daily_wage,female,st,graduate,2.5,0,0,indira_gandhi_old_age,0.0,1,2,1,0
21,400000,student,male,sc,primary,0,0,0,pm_scholarship_scheme,100.0,3,0,0,0
21,400000,student,male,sc,primary,0,0,0,pm_suraksha_bima,100.0,2,0,0,1
21,400000,student,male,sc,primary,0,0,0,pm_jeevan_jyoti,100.0,2,0,0,0
21,400000,student,male,sc,primary,0,0,0,national_scholarship_portal,75.0,3,1,0,0
21,400000,student,male,sc,primary,0,0,0,post_matric_sc,71.4,2,1,0,1
21,400000,student,male,sc,primary,0,0,0,mgnregs,33.3,1,2,0,0
21,400000,student,male,sc,primary,0,0,0,pm_kisan,0.0,2,2,1,0
21,400000,student,male,sc,primary,0,0,0,pm_fasal_bima,0.0,1,2,1,0
21,400000,student,male,sc,primary,0,0,0,kisan_credit_card,0.0,1,2,1,0
21,400000,student,male,sc,primary,0,0,0,pm_matru_vandana,0.0,2,1,1,0
21,400000,student,male,sc,primary,0,0,0,mahila_shakti_kendra,0.0,0,2,1,0
21,400000,student,male,sc,primary,0,0,0,ayushman_bharat,0.0,0,2,1,0
21,400000,student,male,sc,primary,0,0,0,pm_awas_yojana_gramin,0.0,2,2,1,0
21,400000,student,male,sc,primary,0,0,0,pm_mudra_yojana,0.0,2,1,1,0
21,400000,student,male,sc,primary,0,0,0,startup_india_seed_fund,0.0,1,1,1,0
21,400000,student,male,sc,primary,0,0,0,deen_dayal_disability,0.0,0,2,1,0
21,400000,student,male,sc,primary,0,0,0,eklavya_model_school,0.0,1,2,1,0
21,400000,student,male,sc,primary,0,0,0,indira_gandhi_old_age,0.0,0,3,1,0
24,800000,self_employed,other,sc,graduate,1,0,0,pm_mudra_yojana,100.0,3,0,0,0
24,800000,self_employed,other,sc,graduate,1,0,0,startup_india_seed_fund,100.0,2,0,0,1
24,800000,self_employed,other,sc,graduate,1,0,0,pm_suraksha_bima,66.7,1,1,0,1
24,800000,self_employed,other,sc,graduate,1,0,0,pm_jeevan_jyoti,66.7,1,1,0,1
24,800000,self_employed,other,sc,graduate,1,0,0,mgnregs,66.7,2,1,0,1
24,800000,self_employed,other,sc,graduate,1,0,0,pm_kisan,0.0,2,2,1,0
24,800000,self_employed,other,sc,graduate,1,0,0,pm_fasal_bima,0.0,2,1,1,0
24,800000,self_employed,other,sc,graduate,1,0,0,kisan_credit_card,0.0,2,1,1,0
24,800000,self_employed,other,sc,graduate,1,0,0,pm_matru_vandana,0.0,2,1,1,0
24,800000,self_employed,other,sc,graduate,1,0,0,mahila_shakti_kendra,0.0,0,2,1,0
24,800000,self_employed,other,sc,graduate,1,0,0,national_scholarship_portal,0.0,2,2,1,0
24,800000,self_employed,other,sc,graduate,1,0,0,pm_scholarship_scheme,0.0,1,2,1,0
24,800000,self_employed,other,sc,graduate,1,0,0,ayushman_bharat,0.0,0,2,1,0
24,800000,self_employed,other,sc,graduate,1,0,0,pm_awas_yojana_gramin,0.0,2,2,1,0
24,800000,self_employed,other,sc,graduate,1,0,0,deen_dayal_disability,0.0,0,2,1,0
24,800000,self_employed,other,sc,graduate,1,0,0,post_matric_sc,0.0,1,2,1,0
24,800000,self_employed,other,sc,graduate,1,0,0,eklavya_model_school,0.0,0,3,1,0
24,800000,self_employed,other,sc,graduate,1,0,0,indira_gandhi_old_age,0.0,0,3,1,0
51,400000,self_employed,female,obc,secondary,0,0,1,pm_matru_vandana,100.0,3,0,0,1
51,400000,self_employed,female,obc,secondary,0,0,1,pm_suraksha_bima,100.0,2,0,0,1
51,400000,self_employed,female,obc,secondary,0,0,1,pm_mudra_yojana,100.0,3,0,0,1
51,400000,self_employed,female,obc,secondary,0,0,1,startup_india_seed_fund,75.0,1,1,0,0
51,400000,self_employed,female,obc,secondary,0,0,1,mgnregs,66.7,2,1,0,0
51,400000,self_employed,female,obc,secondary,0,0,1,mahila_shakti_kendra,60.0,1,1,0,1
51,400000,self_employed,female,obc,secondary,0,0,1,deen_dayal_disability,60.0,1,1,0,1
51,400000,self_employed,female,obc,secondary,0,0,1,pm_kisan,0.0,2,2,1,0
51,400000,self_employed,female,obc,secondary,0,0,1,pm_fasal_bima,0.0,1,2,1,0
51,400000,self_employed,female,obc,secondary,0,0,1,kisan_credit_card,0.0,1,2,1,0
51,400000,self_employed,female,obc,secondary,0,0,1,national_scholarship_portal,0.0,1,3,1,0
51,400000,self_employed,female,obc,secondary,0,0,1,pm_scholarship_scheme,0.0,1,2,1,0
51,400000,self_employed,female,obc,secondary,0,0,1,ayushman_bharat,0.0,0,2,1,0
51,400000,self_employed,female,obc,secondary,0,0,1,pm_jeevan_jyoti,0.0,1,1,1,0
51,400000,self_employed,female,obc,secondary,0,0,1,pm_awas_yojana_gramin,0.0,2,2,1,0
51,400000,self_employed,female,obc,secondary,0,0,1,post_matric_sc,0.0,0,3,1,0
51,400000,self_employed,female,obc,secondary,0,0,1,eklavya_model_school,0.0,0,3,1,0
51,400000,self_employed,female,obc,secondary,0,0,1,indira_gandhi_old_age,0.0,0,3,1,0
38,250000,unemployed,male,sc,postgraduate,1,0,0,pm_suraksha_bima,100.0,2,0,0,1
38,250000,unemployed,male,sc,postgraduate,1,0,0,pm_jeevan_jyoti,100.0,2,0,0,1
38,250000,unemployed,male,sc,postgraduate,1,0,0,mgnregs,66.7,2,1,0,0
38,250000,unemployed,male,sc,postgraduate,1,0,0,pm_kisan,0.0,2,2,1,0
38,250000,unemployed,male,sc,postgraduate,1,0,0,pm_fasal_bima,0.0,2,1,1,0
38,250000,unemployed,male,sc,postgraduate,1,0,0,kisan_credit_card,0.0,2,1,1,0
38,250000,unemployed,male,sc,postgraduate,1,0,0,pm_matru_vandana,0.0,2,1,1,0
38,250000,unemployed,male,sc,postgraduate,1,0,0,mahila_shakti_kendra,0.0,1,1,1,0
38,250000,unemployed,male,sc,postgraduate,1,0,0,national_scholarship_portal,0.0,2,2,1,0
38,250000,unemployed,male,sc,postgraduate,1,0,0,pm_scholarship_scheme,0.0,1,2,1,0
38,250000,unemployed,male,sc,postgraduate,1,0,0,ayushman_bharat,0.0,0,2,1,0
38,250000,unemployed,male,sc,postgraduate,1,0,0,pm_awas_yojana_gramin,0.0,3,1,1,0
38,250000,unemployed,male,sc,postgraduate,1,0,0,pm_mudra_yojana,0.0,2,1,1,0
38,250000,unemployed,male,sc,postgraduate,1,0,0,startup_india_seed_fund,0.0,1,1,1,0
38,250000,unemployed,male,sc,postgraduate,1,0,0,deen_dayal_disability,0.0,1,1,1,0
38,250000,unemployed,male,sc,postgraduate,1,0,0,post_matric_sc,0.0,2,1,1,0
38,250000,unemployed,male,sc,postgraduate,1,0,0,eklavya_model_school,0.0,0,3,1,0
38,250000,unemployed,male,sc,postgraduate,1,0,0,indira_gandhi_old_age,0.0,0,3,1,0
69,250000,self_employed,male,obc,none,0.5,0,1,pm_suraksha_bima,100.0,2,0,0,1
69,250000,self_employed,male,obc,none,0.5,0,1,deen_dayal_disability,100.0,2,0,0,1
69,250000,self_employed,male,obc,none,0.5,0,1,startup_india_seed_fund,75.0,1,1,0,1
69,250000,self_employed,male,obc,none,0.5,0,1,mgnregs,66.7,2,1,0,1
69,250000,self_employed,male,obc,none,0.5,0,1,pm_kisan,0.0,2,2,1,0
69,250000,self_employed,male,obc,none,0.5,0,1,pm_fasal_bima,0.0,2,1,1,0
69,250000,self_employed,male,obc,none,0.5,0,1,kisan_credit_card,0.0,2,1,1,0
69,250000,self_employed,male,obc,none,0.5,0,1,pm_matru_vandana,0.0,2,1,1,0
69,250000,self_employed,male,obc,none,0.5,0,1,mahila_shakti_kendra,0.0,1,1,1,0
69,250000,self_employed,male,obc,none,0.5,0,1,national_scholarship_portal,0.0,2,2,1,0
69,250000,self_employed,male,obc,none,0.5,0,1,pm_scholarship_scheme,0.0,1,2,1,0
69,250000,self_employed,male,obc,none,0.5,0,1,ayushman_bharat,0.0,0,2,1,0
69,250000,self_employed,male,obc,none,0.5,0,1,pm_jeevan_jyoti,0.0,1,1,1,0
69,250000,self_employed,male,obc,none,0.5,0,1,pm_awas_yojana_gramin,0.0,3,1,1,0
69,250000,self_employed,male,obc,none,0.5,0,1,pm_mudra_yojana,0.0,2,1,1,0
69,250000,self_employed,male,obc,none,0.5,0,1,post_matric_sc,0.0,1,2,1,0
69,250000,self_employed,male,obc,none,0.5,0,1,eklavya_model_school,0.0,0,3,1,0
69,250000,self_employed,male,obc,none,0.5,0,1,indira_gandhi_old_age,0.0,1,2,1,0
76,40000,student,male,obc,secondary,2.5,1,0,ayushman_bharat,100.0,2,0,0,0
76,40000,student,male,obc,secondary,2.5,1,0,pm_awas_yojana_gramin,100.0,4,0,0,0
76,40000,student,male,obc,secondary,2.5,1,0,indira_gandhi_old_age,100.0,3,0,0,1
76,40000,student,male,obc,secondary,2.5,1,0,national_scholarship_portal,87.5,3,1,0,1
76,40000,student,male,obc,secondary,2.5,1,0,pm_scholarship_scheme,83.3,2,1,0,1
76,40000,student,male,obc,secondary,2.5,1,0,mgnregs,66.7,2,1,0,1
76,40000,student,male,obc,secondary,2.5,1,0,pm_kisan,0.0,3,1,1,0
76,40000,student,male,obc,secondary,2.5,1,0,pm_fasal_bima,0.0,2,1,1,0
76,40000,student,male,obc,secondary,2.5,1,0,kisan_credit_card,0.0,1,2,1,0
76,40000,student,male,obc,secondary,2.5,1,0,pm_matru_vandana,0.0,2,1,1,0
76,40000,student,male,obc,secondary,2.5,1,0,mahila_shakti_kendra,0.0,1,1,1,0
76,40000,student,male,obc,secondary,2.5,1,0,pm_suraksha_bima,0.0,1,1,1,0
76,40000,student,male,obc,secondary,2.5,1,0,pm_jeevan_jyoti,0.0,1,1,1,0
76,40000,student,male,obc,secondary,2.5,1,0,pm_mudra_yojana,0.0,1,2,1,0
76,40000,student,male,obc,secondary,2.5,1,0,startup_india_seed_fund,0.0,0,2,1,0
76,40000,student,male,obc,secondary,2.5,1,0,deen_dayal_disability,0.0,1,1,1,0
76,40000,student,male,obc,secondary,2.5,1,0,post_matric_sc,0.0,2,1,1,0
76,40000,student,male,obc,secondary,2.5,1,0,eklavya_model_school,0.0,1,2,1,0
23,250000,farmer,female,obc,none,0.5,1,0,pm_fasal_bima,100.0,3,0,0,1
23,250000,farmer,female,obc,none,0.5,1,0,kisan_credit_card,100.0,3,0,0,1
23,250000,farmer,female,obc,none,0.5,1,0,pm_matru_vandana,100.0,3,0,0,1
23,250000,farmer,female,obc,none,0.5,1,0,mahila_shakti_kendra,100.0,2,0,0,1
23,250000,farmer,female,obc,none,0.5,1,0,pm_suraksha_bima,100.0,2,0,0,1
23,250000,farmer,female,obc,none,0.5,1,0,pm_jeevan_jyoti,100.0,2,0,0,1
23,250000,farmer,female,obc,none,0.5,1,0,pm_awas_yojana_gramin,100.0,4,0,0,1
23,250000,farmer,female,obc,none,0.5,1,0,pm_kisan,75.0,3,1,0,1
23,250000,farmer,female,obc,none,0.5,1,0,mgnregs,66.7,2,1,0,1
23,250000,farmer,female,obc,none,0.5,1,0,ayushman_bharat,60.0,1,1,0,0
23,250000,farmer,female,obc,none,0.5,1,0,national_scholarship_portal,0.0,3,1,1,0
23,250000,farmer,female,obc,none,0.5,1,0,pm_scholarship_scheme,0.0,2,1,1,0
23,250000,farmer,female,obc,none,0.5,1,0,pm_mudra_yojana,0.0,2,1,1,0
23,250000,farmer,female,obc,none,0.5,1,0,startup_india_seed_fund,0.0,1,1,1,0
23,250000,farmer,female,obc,none,0.5,1,0,deen_dayal_disability,0.0,1,1,1,0
23,250000,farmer,female,obc,none,0.5,1,0,post_matric_sc,0.0,1,2,1,0
23,250000,farmer,female,obc,none,0.5,1,0,eklavya_model_school,0.0,0,3,1,0
23,250000,farmer,female,obc,none,0.5,1,0,indira_gandhi_old_age,0.0,1,2,1,0
73,40000,student,male,sc,secondary,0,1,0,ayushman_bharat,100.0,2,0,0,1
73,40000,student,male,sc,secondary,0,1,0,pm_awas_yojana_gramin,100.0,4,0,0,1
73,40000,student,male,sc,secondary,0,1,0,post_matric_sc,100.0,3,0,0,0
73,40000,student,male,sc,secondary,0,1,0,indira_gandhi_old_age,100.0,3,0,0,0
73,40000,student,male,sc,secondary,0,1,0,national_scholarship_portal,87.5,3,1,0,1
73,40000,student,male,sc,secondary,0,1,0,pm_scholarship_scheme,83.3,2,1,0,1
73,40000,student,male,sc,secondary,0,1,0,mgnregs,66.7,2,1,0,1
73,40000,student,male,sc,secondary,0,1,0,pm_kisan,0.0,3,1,1,0
73,40000,student,male,sc,secondary,0,1,0,pm_fasal_bima,0.0,1,2,1,0
73,40000,student,male,sc,secondary,0,1,0,kisan_credit_card,0.0,1,2,1,0
73,40000,student,male,sc,secondary,0,1,0,pm_matru_vandana,0.0,2,1,1,0
73,40000,student,male,sc,secondary,0,1,0,mahila_shakti_kendra,0.0,1,1,1,0
73,40000,student,male,sc,secondary,0,1,0,pm_suraksha_bima,0.0,1,1,1,0
73,40000,student,male,sc,secondary,0,1,0,pm_jeevan_jyoti,0.0,1,1,1,0
73,40000,student,male,sc,secondary,0,1,0,pm_mudra_yojana,0.0,1,2,1,0
73,40000,student,male,sc,secondary,0,1,0,startup_india_seed_fund,0.0,0,2,1,0
73,40000,student,male,sc,secondary,0,1,0,deen_dayal_disability,0.0,1,1,1,0
73,40000,student,male,sc,secondary,0,1,0,eklavya_model_school,0.0,1,2,1,0
41,40000,unemployed,female,obc,postgraduate,1,0,0,pm_matru_vandana,100.0,3,0,0,1
41,40000,unemployed,female,obc,postgraduate,1,0,0,mahila_shakti_kendra,100.0,2,0,0,1
41,40000,unemployed,female,obc,postgraduate,1,0,0,pm_suraksha_bima,100.0,2,0,0,1
41,40000,unemployed,female,obc,postgraduate,1,0,0,pm_jeevan_jyoti,100.0,2,0,0,1
41,40000,unemployed,female,obc,postgraduate,1,0,0,mgnregs,100.0,3,0,0,1
41,40000,unemployed,female,obc,postgraduate,1,0,0,pm_kisan,0.0,3,1,1,0
41,40000,unemployed,female,obc,postgraduate,1,0,0,pm_fasal_bima,0.0,2,1,1,0
41,40000,unemployed,female,obc,postgraduate,1,0,0,kisan_credit_card,0.0,2,1,1,0
41,40000,unemployed,female,obc,postgraduate,1,0,0,national_scholarship_portal,0.0,2,2,1,0
41,40000,unemployed,female,obc,postgraduate,1,0,0,pm_scholarship_scheme,0.0,1,2,1,0
41,40000,unemployed,female,obc,postgraduate,1,0,0,ayushman_bharat,0.0,1,1,1,0
41,40000,unemployed,female,obc,postgraduate,1,0,0,pm_awas_yojana_gramin,0.0,3,1,1,0
41,40000,unemployed,female,obc,postgraduate,1,0,0,pm_mudra_yojana,0.0,2,1,1,0
41,40000,unemployed,female,obc,postgraduate,1,0,0,startup_india_seed_fund,0.0,1,1,1,0
41,40000,unemployed,female,obc,postgraduate,1,0,0,deen_dayal_disability,0.0,1,1,1,0
41,40000,unemployed,female,obc,postgraduate,1,0,0,post_matric_sc,0.0,1,2,1,0
41,40000,unemployed,female,obc,postgraduate,1,0,0,eklavya_model_school,0.0,0,3,1,0
41,40000,unemployed,female,obc,postgraduate,1,0,0,indira_gandhi_old_age,0.0,1,2,1,0
37,40000,farmer,male,general,primary,5,0,0,pm_kisan,100.0,4,0,0,1
37,40000,farmer,male,general,primary,5,0,0,pm_fasal_bima,100.0,3,0,0,1
37,40000,farmer,male,general,primary,5,0,0,kisan_credit_card,100.0,3,0,0,1
37,40000,farmer,male,general,primary,5,0,0,pm_suraksha_bima,100.0,2,0,0,1
37,40000,farmer,male,general,primary,5,0,0,pm_jeevan_jyoti,100.0,2,0,0,1
37,40000,farmer,male,general,primary,5,0,0,mgnregs,100.0,3,0,0,1
37,40000,farmer,male,general,primary,5,0,0,pm_matru_vandana,0.0,2,1,1,0
37,40000,farmer,male,general,primary,5,0,0,mahila_shakti_kendra,0.0,1,1,1,0
37,40000,farmer,male,general,primary,5,0,0,national_scholarship_portal,0.0,1,3,1,0
37,40000,farmer,male,general,primary,5,0,0,pm_scholarship_scheme,0.0,1,2,1,0
37,40000,farmer,male,general,primary,5,0,0,ayushman_bharat,0.0,1,1,1,0
37,40000,farmer,male,general,primary,5,0,0,pm_awas_yojana_gramin,0.0,2,2,1,0
37,40000,farmer,male,general,primary,5,0,0,pm_mudra_yojana,0.0,2,1,1,0
37,40000,farmer,male,general,primary,5,0,0,startup_india_seed_fund,0.0,1,1,1,0
37,40000,farmer,male,general,primary,5,0,0,deen_dayal_disability,0.0,1,1,1,0
37,40000,farmer,male,general,primary,5,0,0,post_matric_sc,0.0,1,2,1,0
37,40000,farmer,male,general,primary,5,0,0,eklavya_model_school,0.0,0,3,1,0
37,40000,farmer,male,general,primary,5,0,0,indira_gandhi_old_age,0.0,1,2,1,0
24,800000,other,other,st,none,0.5,1,0,pm_awas_yojana_gramin,71.4,3,1,0,0
24,800000,other,other,st,none,0.5,1,0,pm_suraksha_bima,66.7,1,1,0,1
24,800000,other,other,st,none,0.5,1,0,pm_jeevan_jyoti,66.7,1,1,0,0
24,800000,other,other,st,none,0.5,1,0,mgnregs,66.7,2,1,0,1
24,800000,other,other,st,none,0.5,1,0,ayushman_bharat,60.0,1,1,0,1
24,800000,other,other,st,none,0.5,1,0,pm_kisan,0.0,2,2,1,0
24,800000,other,other,st,none,0.5,1,0,pm_fasal_bima,0.0,2,1,1,0
24,800000,other,other,st,none,0.5,1,0,kisan_credit_card,0.0,2,1,1,0
24,800000,other,other,st,none,0.5,1,0,pm_matru_vandana,0.0,2,1,1,0
24,800000,other,other,st,none,0.5,1,0,mahila_shakti_kendra,0.0,0,2,1,0
24,800000,other,other,st,none,0.5,1,0,national_scholarship_portal,0.0,2,2,1,0
24,800000,other,other,st,none,0.5,1,0,pm_scholarship_scheme,0.0,1,2,1,0
24,800000,other,other,st,none,0.5,1,0,pm_mudra_yojana,0.0,2,1,1,0
24,800000,other,other,st,none,0.5,1,0,startup_india_seed_fund,0.0,1,1,1,0
24,800000,other,other,st,none,0.5,1,0,deen_dayal_disability,0.0,0,2,1,0
24,800000,other,other,st,none,0.5,1,0,post_matric_sc,0.0,0,3,1,0
24,800000,other,other,st,none,0.5,1,0,eklavya_model_school,0.0,1,2,1,0
24,800000,other,other,st,none,0.5,1,0,indira_gandhi_old_age,0.0,1,2,1,0
60,90000,self_employed,male,sc,postgraduate,5,0,0,pm_suraksha_bima,100.0,2,0,0,1
60,90000,self_employed,male,sc,postgraduate,5,0,0,mgnregs,100.0,3,0,0,1
60,90000,self_employed,male,sc,postgraduate,5,0,0,pm_mudra_yojana,100.0,3,0,0,1
60,90000,self_employed,male,sc,postgraduate,5,0,0,startup_india_seed_fund,75.0,1,1,0,1
60,90000,self_employed,male,sc,postgraduate,5,0,0,pm_kisan,0.0,3,1,1,0
60,90000,self_employed,male,sc,postgraduate,5,0,0,pm_fasal_bima,0.0,2,1,1,0
60,90000,self_employed,male,sc,postgraduate,5,0,0,kisan_credit_card,0.0,2,1,1,0
60,90000,self_employed,male,sc,postgraduate,5,0,0,pm_matru_vandana,0.0,2,1,1,0
60,90000,self_employed,male,sc,postgraduate,5,0,0,mahila_shakti_kendra,0.0,1,1,1,0
60,90000,self_employed,male,sc,postgraduate,5,0,0,national_scholarship_portal,0.0,2,2,1,0
60,90000,self_employed,male,sc,postgraduate,5,0,0,pm_scholarship_scheme,0.0,1,2,1,0
60,90000,self_employed,male,sc,postgraduate,5,0,0,ayushman_bharat,0.0,1,1,1,0
60,90000,self_employed,male,sc,postgraduate,5,0,0,pm_jeevan_jyoti,0.0,1,1,1,0
60,90000,self_employed,male,sc,postgraduate,5,0,0,pm_awas_yojana_gramin,0.0,2,2,1,0
60,90000,self_employed,male,sc,postgraduate,5,0,0,deen_dayal_disability,0.0,1,1,1,0
60,90000,self_employed,male,sc,postgraduate,5,0,0,post_matric_sc,0.0,2,1,1,0
60,90000,self_employed,male,sc,postgraduate,5,0,0,eklavya_model_school,0.0,0,3,1,0
60,90000,self_employed,male,sc,postgraduate,5,0,0,indira_gandhi_old_age,0.0,2,1,1,0
27,250000,other,female,obc,none,0,0,0,pm_matru_vandana,100.0,3,0,0,1
27,250000,other,female,obc,none,0,0,0,mahila_shakti_kendra,100.0,2,0,0,1
27,250000,other,female,obc,none,0,0,0,pm_suraksha_bima,100.0,2,0,0,1
27,250000,other,female,obc,none,0,0,0,pm_jeevan_jyoti,100.0,2,0,0,1
27,250000,other,female,obc,none,0,0,0,mgnregs,66.7,2,1,0,1
27,250000,other,female,obc,none,0,0,0,pm_kisan,0.0,2,2,1,0
27,250000,other,female,obc,none,0,0,0,pm_fasal_bima,0.0,1,2,1,0
27,250000,other,female,obc,none,0,0,0,kisan_credit_card,0.0,1,2,1,0
27,250000,other,female,obc,none,0,0,0,national_scholarship_portal,0.0,3,1,1,0
27,250000,other,female,obc,none,0,0,0,pm_scholarship_scheme,0.0,1,2,1,0
27,250000,other,female,obc,none,0,0,0,ayushman_bharat,0.0,0,2,1,0
27,250000,other,female,obc,none,0,0,0,pm_awas_yojana_gramin,0.0,3,1,1,0
27,250000,other,female,obc,none,0,0,0,pm_mudra_yojana,0.0,2,1,1,0
27,250000,other,female,obc,none,0,0,0,startup_india_seed_fund,0.0,1,1,1,0
27,250000,other,female,obc,none,0,0,0,deen_dayal_disability,0.0,1,1,1,0
27,250000,other,female,obc,none,0,0,0,post_matric_sc,0.0,1,2,1,0
27,250000,other,female,obc,none,0,0,0,eklavya_model_school,0.0,0,3,1,0
27,250000,other,female,obc,none,0,0,0,indira_gandhi_old_age,0.0,0,3,1,0
43,400000,student,female,obc,postgraduate,0,0,0,pm_matru_vandana,100.0,3,0,0,1
43,400000,student,female,obc,postgraduate,0,0,0,pm_suraksha_bima,100.0,2,0,0,1
43,400000,student,female,obc,postgraduate,0,0,0,pm_jeevan_jyoti,100.0,2,0,0,1
43,400000,student,female,obc,postgraduate,0,0,0,pm_scholarship_scheme,83.3,2,1,0,1
43,400000,student,female,obc,postgraduate,0,0,0,national_scholarship_portal,62.5,2,2,0,1
43,400000,student,female,obc,postgraduate,0,0,0,mahila_shakti_kendra,60.0,1,1,0,1
43,400000,student,female,obc,postgraduate,0,0,0,mgnregs,33.3,1,2,0,0
43,400000,student,female,obc,postgraduate,0,0,0,pm_kisan,0.0,2,2,1,0
43,400000,student,female,obc,postgraduate,0,0,0,pm_fasal_bima,0.0,1,2,1,0
43,400000,student,female,obc,postgraduate,0,0,0,kisan_credit_card,0.0,1,2,1,0
43,400000,student,female,obc,postgraduate,0,0,0,ayushman_bharat,0.0,0,2,1,0
43,400000,student,female,obc,postgraduate,0,0,0,pm_awas_yojana_gramin,0.0,2,2,1,0
43,400000,student,female,obc,postgraduate,0,0,0,pm_mudra_yojana,0.0,2,1,1,0
43,400000,student,female,obc,postgraduate,0,0,0,startup_india_seed_fund,0.0,1,1,1,0
43,400000,student,female,obc,postgraduate,0,0,0,deen_dayal_disability,0.0,0,2,1,0
43,400000,student,female,obc,postgraduate,0,0,0,post_matric_sc,0.0,1,2,1,0
43,400000,student,female,obc,postgraduate,0,0,0,eklavya_model_school,0.0,1,2,1,0
43,400000,student,female,obc,postgraduate,0,0,0,indira_gandhi_old_age,0.0,0,3,1,0
45,150000,student,other,general,graduate,5,1,0,pm_suraksha_bima,100.0,2,0,0,1
45,150000,student,other,general,graduate,5,1,0,pm_jeevan_jyoti,100.0,2,0,0,1
45,150000,student,other,general,graduate,5,1,0,pm_awas_yojana_gramin,85.7,3,1,0,1
45,150000,student,other,general,graduate,5,1,0,pm_scholarship_scheme,83.3,2,1,0,1
45,150000,student,other,general,graduate,5,1,0,mgnregs,66.7,2,1,0,1
45,150000,student,other,general,graduate,5,1,0,national_scholarship_portal,62.5,2,2,0,0
45,150000,student,other,general,graduate,5,1,0,ayushman_bharat,60.0,1,1,0,1
45,150000,student,other,general,graduate,5,1,0,pm_kisan,0.0,3,1,1,0
45,150000,student,other,general,graduate,5,1,0,pm_fasal_bima,0.0,2,1,1,0
45,150000,student,other,general,graduate,5,1,0,kisan_credit_card,0.0,2,1,1,0
45,150000,student,other,general,graduate,5,1,0,pm_matru_vandana,0.0,2,1,1,0
45,150000,student,other,general,graduate,5,1,0,mahila_shakti_kendra,0.0,1,1,1,0
45,150000,student,other,general,graduate,5,1,0,pm_mudra_yojana,0.0,2,1,1,0
45,150000,student,other,general,graduate,5,1,0,startup_india_seed_fund,0.0,1,1,1,0
45,150000,student,other,general,graduate,5,1,0,deen_dayal_disability,0.0,1,1,1,0
45,150000,student,other,general,graduate,5,1,0,post_matric_sc,0.0,2,1,1,0
45,150000,student,other,general,graduate,5,1,0,eklavya_model_school,0.0,1,2,1,0
45,150000,student,other,general,graduate,5,1,0,indira_gandhi_old_age,0.0,1,2,1,0
35,40000,unemployed,female,sc,none,0.5,1,0,pm_matru_vandana,100.0,3,0,0,1
35,40000,unemployed,female,sc,none,0.5,1,0,mahila_shakti_kendra,100.0,2,0,0,0
35,40000,unemployed,female,sc,none,0.5,1,0,ayushman_bharat,100.0,2,0,0,1
35,40000,unemployed,female,sc,none,0.5,1,0,pm_suraksha_bima,100.0,2,0,0,1
35,40000,unemployed,female,sc,none,0.5,1,0,pm_jeevan_jyoti,100.0,2,0,0,1
35,40000,unemployed,female,sc,none,0.5,1,0,pm_awas_yojana_gramin,100.0,4,0,0,1
35,40000,unemployed,female,sc,none,0.5,1,0,mgnregs,100.0,3,0,0,1
35,40000,unemployed,female,sc,none,0.5,1,0,pm_kisan,0.0,3,1,1,0
35,40000,unemployed,female,sc,none,0.5,1,0,pm_fasal_bima,0.0,2,1,1,0
35,40000,unemployed,female,sc,none,0.5,1,0,kisan_credit_card,0.0,2,1,1,0
35,40000,unemployed,female,sc,none,0.5,1,0,national_scholarship_portal,0.0,2,2,1,0
35,40000,unemployed,female,sc,none,0.5,1,0,pm_scholarship_scheme,0.0,1,2,1,0
35,40000,unemployed,female,sc,none,0.5,1,0,pm_mudra_yojana,0.0,2,1,1,0
35,40000,unemployed,female,sc,none,0.5,1,0,startup_india_seed_fund,0.0,1,1,1,0
35,40000,unemployed,female,sc,none,0.5,1,0,deen_dayal_disability,0.0,1,1,1,0
35,40000,unemployed,female,sc,none,0.5,1,0,post_matric_sc,0.0,2,1,1,0
35,40000,unemployed,female,sc,none,0.5,1,0,eklavya_model_school,0.0,0,3,1,0
35,40000,unemployed,female,sc,none,0.5,1,0,indira_gandhi_old_age,0.0,2,1,1,0
71,400000,student,other,sc,graduate,0,1,0,pm_scholarship_scheme,83.3,2,1,0,0
71,400000,student,other,sc,graduate,0,1,0,indira_gandhi_old_age,75.0,2,1,0,1
71,400000,student,other,sc,graduate,0,1,0,pm_awas_yojana_gramin,71.4,3,1,0,1
71,400000,student,other,sc,graduate,0,1,0,post_matric_sc,71.4,2,1,0,0
71,400000,student,other,sc,graduate,0,1,0,national_scholarship_portal,62.5,2,2,0,1
71,400000,student,other,sc,graduate,0,1,0,ayushman_bharat,60.0,1,1,0,0
71,400000,student,other,sc,graduate,0,1,0,mgnregs,33.3,1,2,0,0
71,400000,student,other,sc,graduate,0,1,0,pm_kisan,0.0,2,2,1,0
71,400000,student,other,sc,graduate,0,1,0,pm_fasal_bima,0.0,1,2,1,0
71,400000,student,other,sc,graduate,0,1,0,kisan_credit_card,0.0,1,2,1,0
71,400000,student,other,sc,graduate,0,1,0,pm_matru_vandana,0.0,2,1,1,0
71,400000,student,other,sc,graduate,0,1,0,mahila_shakti_kendra,0.0,0,2,1,0
71,400000,student,other,sc,graduate,0,1,0,pm_suraksha_bima,0.0,1,1,1,0
71,400000,student,other,sc,graduate,0,1,0,pm_jeevan_jyoti,0.0,1,1,1,0
71,400000,student,other,sc,graduate,0,1,0,pm_mudra_yojana,0.0,1,2,1,0
71,400000,student,other,sc,graduate,0,1,0,startup_india_seed_fund,0.0,0,2,1,0
71,400000,student,other,sc,graduate,0,1,0,deen_dayal_disability,0.0,0,2,1,0
71,400000,student,other,sc,graduate,0,1,0,eklavya_model_school,0.0,1,2,1,0
74,150000,self_employed,female,general,primary,0.5,0,0,pm_matru_vandana,100.0,3,0,0,1
74,150000,self_employed,female,general,primary,0.5,0,0,mahila_shakti_kendra,100.0,2,0,0,0
74,150000,self_employed,female,general,primary,0.5,0,0,mgnregs,100.0,3,0,0,1
74,150000,self_employed,female,general,primary,0.5,0,0,startup_india_seed_fund,75.0,1,1,0,0
74,150000,self_employed,female,general,primary,0.5,0,0,pm_kisan,0.0,3,1,1,0
74,150000,self_employed,female,general,primary,0.5,0,0,pm_fasal_bima,0.0,2,1,1,0
74,150000,self_employed,female,general,primary,0.5,0,0,kisan_credit_card,0.0,2,1,1,0
74,150000,self_employed,female,general,primary,0.5,0,0,national_scholarship_portal,0.0,1,3,1,0
74,150000,self_employed,female,general,primary,0.5,0,0,pm_scholarship_scheme,0.0,1,2,1,0
74,150000,self_employed,female,general,primary,0.5,0,0,ayushman_bharat,0.0,0,2,1,0
74,150000,self_employed,female,general,primary,0.5,0,0,pm_suraksha_bima,0.0,1,1,1,0
74,150000,self_employed,female,general,primary,0.5,0,0,pm_jeevan_jyoti,0.0,1,1,1,0
74,150000,self_employed,female,general,primary,0.5,0,0,pm_awas_yojana_gramin,0.0,3,1,1,0
74,150000,self_employed,female,general,primary,0.5,0,0,pm_mudra_yojana,0.0,2,1,1,0
74,150000,self_employed,female,general,primary,0.5,0,0,deen_dayal_disability,0.0,1,1,1,0
74,150000,self_employed,female,general,primary,0.5,0,0,post_matric_sc,0.0,1,2,1,0
74,150000,self_employed,female,general,primary,0.5,0,0,eklavya_model_school,0.0,0,3,1,0
74,150000,self_employed,female,general,primary,0.5,0,0,indira_gandhi_old_age,0.0,1,2,1,0
57,800000,farmer,female,st,primary,0,1,0,pm_matru_vandana,100.0,3,0,0,1
57,800000,farmer,female,st,primary,0,1,0,pm_kisan,75.0,3,1,0,1
57,800000,farmer,female,st,primary,0,1,0,pm_awas_yojana_gramin,71.4,3,1,0,1
57,800000,farmer,female,st,primary,0,1,0,pm_fasal_bima,66.7,2,1,0,1
57,800000,farmer,female,st,primary,0,1,0,kisan_credit_card,66.7,2,1,0,0
57,800000,farmer,female,st,primary,0,1,0,pm_suraksha_bima,66.7,1,1,0,0
57,800000,farmer,female,st,primary,0,1,0,mgnregs,66.7,2,1,0,1
57,800000,farmer,female,st,primary,0,1,0,mahila_shakti_kendra,60.0,1,1,0,1
57,800000,farmer,female,st,primary,0,1,0,ayushman_bharat,60.0,1,1,0,1
57,800000,farmer,female,st,primary,0,1,0,national_scholarship_portal,0.0,1,3,1,0
57,800000,farmer,female,st,primary,0,1,0,pm_scholarship_scheme,0.0,0,3,1,0
57,800000,farmer,female,st,primary,0,1,0,pm_jeevan_jyoti,0.0,0,2,1,0
57,800000,farmer,female,st,primary,0,1,0,pm_mudra_yojana,0.0,2,1,1,0
57,800000,farmer,female,st,primary,0,1,0,startup_india_seed_fund,0.0,0,2,1,0
57,800000,farmer,female,st,primary,0,1,0,deen_dayal_disability,0.0,0,2,1,0
57,800000,farmer,female,st,primary,0,1,0,post_matric_sc,0.0,0,3,1,0
57,800000,farmer,female,st,primary,0,1,0,eklavya_model_school,0.0,1,2,1,0
57,800000,farmer,female,st,primary,0,1,0,indira_gandhi_old_age,0.0,1,2,1,0
48,90000,salaried,female,general,secondary,0,0,0,pm_matru_vandana,100.0,3,0,0,1
48,90000,salaried,female,general,secondary,0,0,0,mahila_shakti_kendra,100.0,2,0,0,1
48,90000,salaried,female,general,secondary,0,0,0,pm_suraksha_bima,100.0,2,0,0,1
48,90000,salaried,female,general,secondary,0,0,0,pm_jeevan_jyoti,100.0,2,0,0,1
48,90000,salaried,female,general,secondary,0,0,0,mgnregs,66.7,2,1,0,1
48,90000,salaried,female,general,secondary,0,0,0,pm_kisan,0.0,3,1,1,0
48,90000,salaried,female,general,secondary,0,0,0,pm_fasal_bima,0.0,1,2,1,0
48,90000,salaried,female,general,secondary,0,0,0,kisan_credit_card,0.0,1,2,1,0
48,90000,salaried,female,general,secondary,0,0,0,national_scholarship_portal,0.0,1,3,1,0
48,90000,salaried,female,general,secondary,0,0,0,pm_scholarship_scheme,0.0,1,2,1,0
48,90000,salaried,female,general,secondary,0,0,0,ayushman_bharat,0.0,1,1,1,0
48,90000,salaried,female,general,secondary,0,0,0,pm_awas_yojana_gramin,0.0,3,1,1,0
48,90000,salaried,female,general,secondary,0,0,0,pm_mudra_yojana,0.0,2,1,1,0
48,90000,salaried,female,general,secondary,0,0,0,startup_india_seed_fund,0.0,1,1,1,0
48,90000,salaried,female,general,secondary,0,0,0,deen_dayal_disability,0.0,1,1,1,0
48,90000,salaried,female,general,secondary,0,0,0,post_matric_sc,0.0,1,2,1,0
48,90000,salaried,female,general,secondary,0,0,0,eklavya_model_school,0.0,0,3,1,0
48,90000,salaried,female,general,secondary,0,0,0,indira_gandhi_old_age,0.0,1,2,1,0
24,800000,other,other,obc,primary,5,0,0,pm_suraksha_bima,66.7,1,1,0,0
24,800000,other,other,obc,primary,5,0,0,pm_jeevan_jyoti,66.7,1,1,0,1
24,800000,other,other,obc,primary,5,0,0,mgnregs,66.7,2,1,0,1
24,800000,other,other,obc,primary,5,0,0,pm_kisan,0.0,2,2,1,0
24,800000,other,other,obc,primary,5,0,0,pm_fasal_bima,0.0,2,1,1,0
24,800000,other,other,obc,primary,5,0,0,kisan_credit_card,0.0,2,1,1,0
24,800000,other,other,obc,primary,5,0,0,pm_matru_vandana,0.0,2,1,1,0
24,800000,other,other,obc,primary,5,0,0,mahila_shakti_kendra,0.0,0,2,1,0
24,800000,other,other,obc,primary,5,0,0,national_scholarship_portal,0.0,2,2,1,0
24,800000,other,other,obc,primary,5,0,0,pm_scholarship_scheme,0.0,1,2,1,0
24,800000,other,other,obc,primary,5,0,0,ayushman_bharat,0.0,0,2,1,0
24,800000,other,other,obc,primary,5,0,0,pm_awas_yojana_gramin,0.0,1,3,1,0
24,800000,other,other,obc,primary,5,0,0,pm_mudra_yojana,0.0,2,1,1,0
24,800000,other,other,obc,primary,5,0,0,startup_india_seed_fund,0.0,1,1,1,0
24,800000,other,other,obc,primary,5,0,0,deen_dayal_disability,0.0,0,2,1,0
24,800000,other,other,obc,primary,5,0,0,post_matric_sc,0.0,0,3,1,0
24,800000,other,other,obc,primary,5,0,0,eklavya_model_school,0.0,0,3,1,0
24,800000,other,other,obc,primary,5,0,0,indira_gandhi_old_age,0.0,0,3,1,0
32,800000,other,female,sc,graduate,1,0,0,pm_matru_vandana,100.0,3,0,0,1
32,800000,other,female,sc,graduate,1,0,0,pm_suraksha_bima,66.7,1,1,0,1
32,800000,other,female,sc,graduate,1,0,0,pm_jeevan_jyoti,66.7,1,1,0,1
32,800000,other,female,sc,graduate,1,0,0,mgnregs,66.7,2,1,0,1
32,800000,other,female,sc,graduate,1,0,0,mahila_shakti_kendra,60.0,1,1,0,0
32,800000,other,female,sc,graduate,1,0,0,pm_kisan,0.0,2,2,1,0
32,800000,other,female,sc,graduate,1,0,0,pm_fasal_bima,0.0,2,1,1,0
32,800000,other,female,sc,graduate,1,0,0,kisan_credit_card,0.0,2,1,1,0
32,800000,other,female,sc,graduate,1,0,0,national_scholarship_portal,0.0,1,3,1,0
32,800000,other,female,sc,graduate,1,0,0,pm_scholarship_scheme,0.0,0,3,1,0
32,800000,other,female,sc,graduate,1,0,0,ayushman_bharat,0.0,0,2,1,0
32,800000,other,female,sc,graduate,1,0,0,pm_awas_yojana_gramin,0.0,2,2,1,0
32,800000,other,female,sc,graduate,1,0,0,pm_mudra_yojana,0.0,2,1,1,0
32,800000,other,female,sc,graduate,1,0,0,startup_india_seed_fund,0.0,1,1,1,0
32,800000,other,female,sc,graduate,1,0,0,deen_dayal_disability,0.0,0,2,1,0
32,800000,other,female,sc,graduate,1,0,0,post_matric_sc,0.0,1,2,1,0
32,800000,other,female,sc,graduate,1,0,0,eklavya_model_school,0.0,0,3,1,0
32,800000,other,female,sc,graduate,1,0,0,indira_gandhi_old_age,0.0,0,3,1,0
62,40000,self_employed,female,general,primary,5,0,0,pm_matru_vandana,100.0,3,0,0,1
62,40000,self_employed,female,general,primary,5,0,0,mahila_shakti_kendra,100.0,2,0,0,1
62,40000,self_employed,female,general,primary,5,0,0,pm_suraksha_bima,100.0,2,0,0,1
62,40000,self_employed,female,general,primary,5,0,0,mgnregs,100.0,3,0,0,1
62,40000,self_employed,female,general,primary,5,0,0,pm_mudra_yojana,100.0,3,0,0,1
62,40000,self_employed,female,general,primary,5,0,0,startup_india_seed_fund,75.0,1,1,0,1
62,40000,self_employed,female,general,primary,5,0,0,pm_kisan,0.0,3,1,1,0
62,40000,self_employed,female,general,primary,5,0,0,pm_fasal_bima,0.0,2,1,1,0
62,40000,self_employed,female,general,primary,5,0,0,kisan_credit_card,0.0,2,1,1,0
62,40000,self_employed,female,general,primary,5,0,0,national_scholarship_portal,0.0,1,3,1,0
62,40000,self_employed,female,general,primary,5,0,0,pm_scholarship_scheme,0.0,1,2,1,0
62,40000,self_employed,female,general,primary,5,0,0,ayushman_bharat,0.0,1,1,1,0
62,40000,self_employed,female,general,primary,5,0,0,pm_jeevan_jyoti,0.0,1,1,1,0
62,40000,self_employed,female,general,primary,5,0,0,pm_awas_yojana_gramin,0.0,2,2,1,0
62,40000,self_employed,female,general,primary,5,0,0,deen_dayal_disability,0.0,1,1,1,0
62,40000,self_employed,female,general,primary,5,0,0,post_matric_sc,0.0,1,2,1,0
62,40000,self_employed,female,general,primary,5,0,0,eklavya_model_school,0.0,0,3,1,0
62,40000,self_employed,female,general,primary,5,0,0,indira_gandhi_old_age,0.0,2,1,1,0
35,40000,salaried,other,obc,primary,5,0,0,pm_suraksha_bima,100.0,2,0,0,1
35,40000,salaried,other,obc,primary,5,0,0,pm_jeevan_jyoti,100.0,2,0,0,1
35,40000,salaried,other,obc,primary,5,0,0,mgnregs,66.7,2,1,0,1
35,40000,salaried,other,obc,primary,5,0,0,pm_kisan,0.0,3,1,1,0
35,40000,salaried,other,obc,primary,5,0,0,pm_fasal_bima,0.0,2,1,1,0
35,40000,salaried,other,obc,primary,5,0,0,kisan_credit_card,0.0,2,1,1,0
35,40000,salaried,other,obc,primary,5,0,0,pm_matru_vandana,0.0,2,1,1,0
35,40000,salaried,other,obc,primary,5,0,0,mahila_shakti_kendra,0.0,1,1,1,0
35,40000,salaried,other,obc,primary,5,0,0,national_scholarship_portal,0.0,2,2,1,0
35,40000,salaried,other,obc,primary,5,0,0,pm_scholarship_scheme,0.0,1,2,1,0
35,40000,salaried,other,obc,primary,5,0,0,ayushman_bharat,0.0,1,1,1,0
35,40000,salaried,other,obc,primary,5,0,0,pm_awas_yojana_gramin,0.0,2,2,1,0
35,40000,salaried,other,obc,primary,5,0,0,pm_mudra_yojana,0.0,2,1,1,0
35,40000,salaried,other,obc,primary,5,0,0,startup_india_seed_fund,0.0,1,1,1,0
35,40000,salaried,other,obc,primary,5,0,0,deen_dayal_disability,0.0,1,1,1,0
35,40000,salaried,other,obc,primary,5,0,0,post_matric_sc,0.0,1,2,1,0
35,40000,salaried,other,obc,primary,5,0,0,eklavya_model_school,0.0,0,3,1,0
35,40000,salaried,other,obc,primary,5,0,0,indira_gandhi_old_age,0.0,1,2,1,0
49,150000,student,male,st,primary,5,1,0,pm_suraksha_bima,100.0,2,0,0,1
49,150000,student,male,st,primary,5,1,0,pm_jeevan_jyoti,100.0,2,0,0,1
49,150000,student,male,st,primary,5,1,0,national_scholarship_portal,87.5,3,1,0,0
49,150000,student,male,st,primary,5,1,0,pm_awas_yojana_gramin,85.7,3,1,0,1
49,150000,student,male,st,primary,5,1,0,pm_scholarship_scheme,83.3,2,1,0,0
49,150000,student,male,st,primary,5,1,0,eklavya_model_school,83.3,2,1,0,1
49,150000,student,male,st,primary,5,1,0,mgnregs,66.7,2,1,0,1
49,150000,student,male,st,primary,5,1,0,ayushman_bharat,60.0,1,1,0,1
49,150000,student,male,st,primary,5,1,0,pm_kisan,0.0,3,1,1,0
49,150000,student,male,st,primary,5,1,0,pm_fasal_bima,0.0,2,1,1,0
49,150000,student,male,st,primary,5,1,0,kisan_credit_card,0.0,2,1,1,0
49,150000,student,male,st,primary,5,1,0,pm_matru_vandana,0.0,2,1,1,0
49,150000,student,male,st,primary,5,1,0,mahila_shakti_kendra,0.0,1,1,1,0
49,150000,student,male,st,primary,5,1,0,pm_mudra_yojana,0.0,2,1,1,0
49,150000,student,male,st,primary,5,1,0,startup_india_seed_fund,0.0,1,1,1,0
49,150000,student,male,st,primary,5,1,0,deen_dayal_disability,0.0,1,1,1,0
49,150000,student,male,st,primary,5,1,0,post_matric_sc,0.0,2,1,1,0
49,150000,student,male,st,primary,5,1,0,indira_gandhi_old_age,0.0,1,2,1,0
19,0,daily_wage,male,sc,primary,5,0,0,pm_suraksha_bima,100.0,2,0,0,1
19,0,daily_wage,male,sc,primary,5,0,0,pm_jeevan_jyoti,100.0,2,0,0,1
19,0,daily_wage,male,sc,primary,5,0,0,mgnregs,100.0,3,0,0,1
19,0,daily_wage,male,sc,primary,5,0,0,pm_kisan,0.0,3,1,1,0
19,0,daily_wage,male,sc,primary,5,0,0,pm_fasal_bima,0.0,2,1,1,0
19,0,daily_wage,male,sc,primary,5,0,0,kisan_credit_card,0.0,2,1,1,0
19,0,daily_wage,male,sc,primary,5,0,0,pm_matru_vandana,0.0,2,1,1,0
19,0,daily_wage,male,sc,primary,5,0,0,mahila_shakti_kendra,0.0,1,1,1,0
19,0,daily_wage,male,sc,primary,5,0,0,national_scholarship_portal,0.0,3,1,1,0
19,0,daily_wage,male,sc,primary,5,0,0,pm_scholarship_scheme,0.0,2,1,1,0
19,0,daily_wage,male,sc,primary,5,0,0,ayushman_bharat,0.0,1,1,1,0
19,0,daily_wage,male,sc,primary,5,0,0,pm_awas_yojana_gramin,0.0,2,2,1,0
19,0,daily_wage,male,sc,primary,5,0,0,pm_mudra_yojana,0.0,2,1,1,0
19,0,daily_wage,male,sc,primary,5,0,0,startup_india_seed_fund,0.0,1,1,1,0
19,0,daily_wage,male,sc,primary,5,0,0,deen_dayal_disability,0.0,1,1,1,0
19,0,daily_wage,male,sc,primary,5,0,0,post_matric_sc,0.0,2,1,1,0
19,0,daily_wage,male,sc,primary,5,0,0,eklavya_model_school,0.0,0,3,1,0
19,0,daily_wage,male,sc,primary,5,0,0,indira_gandhi_old_age,0.0,1,2,1,0
42,90000,salaried,female,st,secondary,5,1,0,pm_matru_vandana,100.0,3,0,0,1
42,90000,salaried,female,st,secondary,5,1,0,mahila_shakti_kendra,100.0,2,0,0,1
42,90000,salaried,female,st,secondary,5,1,0,ayushman_bharat,100.0,2,0,0,1
42,90000,salaried,female,st,secondary,5,1,0,pm_suraksha_bima,100.0,2,0,0,1
42,90000,salaried,female,st,secondary,5,1,0,pm_jeevan_jyoti,100.0,2,0,0,1
42,90000,salaried,female,st,secondary,5,1,0,pm_awas_yojana_gramin,85.7,3,1,0,1
42,90000,salaried,female,st,secondary,5,1,0,mgnregs,66.7,2,1,0,1
42,90000,salaried,female,st,secondary,5,1,0,pm_kisan,0.0,3,1,1,0
42,90000,salaried,female,st,secondary,5,1,0,pm_fasal_bima,0.0,2,1,1,0
42,90000,salaried,female,st,secondary,5,1,0,kisan_credit_card,0.0,2,1,1,0
42,90000,salaried,female,st,secondary,5,1,0,national_scholarship_portal,0.0,2,2,1,0
42,90000,salaried,female,st,secondary,5,1,0,pm_scholarship_scheme,0.0,1,2,1,0
42,90000,salaried,female,st,secondary,5,1,0,pm_mudra_yojana,0.0,2,1,1,0
42,90000,salaried,female,st,secondary,5,1,0,startup_india_seed_fund,0.0,1,1,1,0
42,90000,salaried,female,st,secondary,5,1,0,deen_dayal_disability,0.0,1,1,1,0
42,90000,salaried,female,st,secondary,5,1,0,post_matric_sc,0.0,1,2,1,0
42,90000,salaried,female,st,secondary,5,1,0,eklavya_model_school,0.0,1,2,1,0
42,90000,salaried,female,st,secondary,5,1,0,indira_gandhi_old_age,0.0,2,1,1,0
67,250000,daily_wage,male,st,graduate,0,1,0,pm_suraksha_bima,100.0,2,0,0,1
67,250000,daily_wage,male,st,graduate,0,1,0,pm_awas_yojana_gramin,100.0,4,0,0,1
67,250000,daily_wage,male,st,graduate,0,1,0,indira_gandhi_old_age,75.0,2,1,0,1
67,250000,daily_wage,male,st,graduate,0,1,0,mgnregs,66.7,2,1,0,1
67,250000,daily_wage,male,st,graduate,0,1,0,ayushman_bharat,60.0,1,1,0,1
67,250000,daily_wage,male,st,graduate,0,1,0,pm_kisan,0.0,2,2,1,0
67,250000,daily_wage,male,st,graduate,0,1,0,pm_fasal_bima,0.0,1,2,1,0
67,250000,daily_wage,male,st,graduate,0,1,0,kisan_credit_card,0.0,1,2,1,0
67,250000,daily_wage,male,st,graduate,0,1,0,pm_matru_vandana,0.0,2,1,1,0
67,250000,daily_wage,male,st,graduate,0,1,0,mahila_shakti_kendra,0.0,1,1,1,0
67,250000,daily_wage,male,st,graduate,0,1,0,national_scholarship_portal,0.0,2,2,1,0
67,250000,daily_wage,male,st,graduate,0,1,0,pm_scholarship_scheme,0.0,1,2,1,0
67,250000,daily_wage,male,st,graduate,0,1,0,pm_jeevan_jyoti,0.0,1,1,1,0
67,250000,daily_wage,male,st,graduate,0,1,0,pm_mudra_yojana,0.0,1,2,1,0
67,250000,daily_wage,male,st,graduate,0,1,0,startup_india_seed_fund,0.0,0,2,1,0
67,250000,daily_wage,male,st,graduate,0,1,0,deen_dayal_disability,0.0,1,1,1,0
67,250000,daily_wage,male,st,graduate,0,1,0,post_matric_sc,0.0,1,2,1,0
67,250000,daily_wage,male,st,graduate,0,1,0,eklavya_model_school,0.0,1,2,1,0
21,400000,unemployed,female,obc,none,0.5,0,0,pm_matru_vandana,100.0,3,0,0,0
21,400000,unemployed,female,obc,none,0.5,0,0,pm_suraksha_bima,100.0,2,0,0,1
21,400000,unemployed,female,obc,none,0.5,0,0,pm_jeevan_jyoti,100.0,2,0,0,1
21,400000,unemployed,female,obc,none,0.5,0,0,mgnregs,66.7,2,1,0,1
21,400000,unemployed,female,obc,none,0.5,0,0,mahila_shakti_kendra,60.0,1,1,0,0
21,400000,unemployed,female,obc,none,0.5,0,0,pm_kisan,0.0,2,2,1,0
21,400000,unemployed,female,obc,none,0.5,0,0,pm_fasal_bima,0.0,2,1,1,0
21,400000,unemployed,female,obc,none,0.5,0,0,kisan_credit_card,0.0,2,1,1,0
21,400000,unemployed,female,obc,none,0.5,0,0,national_scholarship_portal,0.0,2,2,1,0
21,400000,unemployed,female,obc,none,0.5,0,0,pm_scholarship_scheme,0.0,2,1,1,0
21,400000,unemployed,female,obc,none,0.5,0,0,ayushman_bharat,0.0,0,2,1,0
21,400000,unemployed,female,obc,none,0.5,0,0,pm_awas_yojana_gramin,0.0,2,2,1,0
21,400000,unemployed,female,obc,none,0.5,0,0,pm_mudra_yojana,0.0,2,1,1,0
21,400000,unemployed,female,obc,none,0.5,0,0,startup_india_seed_fund,0.0,1,1,1,0
21,400000,unemployed,female,obc,none,0.5,0,0,deen_dayal_disability,0.0,0,2,1,0
21,400000,unemployed,female,obc,none,0.5,0,0,post_matric_sc,0.0,0,3,1,0
21,400000,unemployed,female,obc,none,0.5,0,0,eklavya_model_school,0.0,0,3,1,0
21,400000,unemployed,female,obc,none,0.5,0,0,indira_gandhi_old_age,0.0,0,3,1,0
22,150000,daily_wage,other,general,graduate,2.5,0,0,pm_suraksha_bima,100.0,2,0,0,1
22,150000,daily_wage,other,general,graduate,2.5,0,0,pm_jeevan_jyoti,100.0,2,0,0,0
22,150000,daily_wage,other,general,graduate,2.5,0,0,mgnregs,100.0,3,0,0,1
22,150000,daily_wage,other,general,graduate,2.5,0,0,pm_kisan,0.0,3,1,1,0
22,150000,daily_wage,other,general,graduate,2.5,0,0,pm_fasal_bima,0.0,2,1,1,0
22,150000,daily_wage,other,general,graduate,2.5,0,0,kisan_credit_card,0.0,2,1,1,0
22,150000,daily_wage,other,general,graduate,2.5,0,0,pm_matru_vandana,0.0,2,1,1,0
22,150000,daily_wage,other,general,graduate,2.5,0,0,mahila_shakti_kendra,0.0,1,1,1,0
22,150000,daily_wage,other,general,graduate,2.5,0,0,national_scholarship_portal,0.0,2,2,1,0
22,150000,daily_wage,other,general,graduate,2.5,0,0,pm_scholarship_scheme,0.0,2,1,1,0
22,150000,daily_wage,other,general,graduate,2.5,0,0,ayushman_bharat,0.0,0,2,1,0
22,150000,daily_wage,other,general,graduate,2.5,0,0,pm_awas_yojana_gramin,0.0,3,1,1,0
22,150000,daily_wage,other,general,graduate,2.5,0,0,pm_mudra_yojana,0.0,2,1,1,0
22,150000,daily_wage,other,general,graduate,2.5,0,0,startup_india_seed_fund,0.0,1,1,1,0
22,150000,daily_wage,other,general,graduate,2.5,0,0,deen_dayal_disability,0.0,1,1,1,0
22,150000,daily_wage,other,general,graduate,2.5,0,0,post_matric_sc,0.0,1,2,1,0
22,150000,daily_wage,other,general,graduate,2.5,0,0,eklavya_model_school,0.0,0,3,1,0
22,150000,daily_wage,other,general,graduate,2.5,0,0,indira_gandhi_old_age,0.0,0,3,1,0
68,250000,farmer,male,st,none,0.5,0,0,pm_fasal_bima,100.0,3,0,0,0
68,250000,farmer,male,st,none,0.5,0,0,kisan_credit_card,100.0,3,0,0,1
68,250000,farmer,male,st,none,0.5,0,0,pm_suraksha_bima,100.0,2,0,0,1
68,250000,farmer,male,st,none,0.5,0,0,pm_kisan,75.0,3,1,0,1
68,250000,farmer,male,st,none,0.5,0,0,mgnregs,66.7,2,1,0,0
68,250000,farmer,male,st,none,0.5,0,0,pm_matru_vandana,0.0,2,1,1,0
68,250000,farmer,male,st,none,0.5,0,0,mahila_shakti_kendra,0.0,1,1,1,0
68,250000,farmer,male,st,none,0.5,0,0,national_scholarship_portal,0.0,2,2,1,0
68,250000,farmer,male,st,none,0.5,0,0,pm_scholarship_scheme,0.0,1,2,1,0
68,250000,farmer,male,st,none,0.5,0,0,ayushman_bharat,0.0,0,2,1,0
68,250000,farmer,male,st,none,0.5,0,0,pm_jeevan_jyoti,0.0,1,1,1,0
68,250000,farmer,male,st,none,0.5,0,0,pm_awas_yojana_gramin,0.0,3,1,1,0
68,250000,farmer,male,st,none,0.5,0,0,pm_mudra_yojana,0.0,1,2,1,0
68,250000,farmer,male,st,none,0.5,0,0,startup_india_seed_fund,0.0,0,2,1,0
68,250000,farmer,male,st,none,0.5,0,0,deen_dayal_disability,0.0,1,1,1,0
68,250000,farmer,male,st,none,0.5,0,0,post_matric_sc,0.0,1,2,1,0
68,250000,farmer,male,st,none,0.5,0,0,eklavya_model_school,0.0,1,2,1,0
68,250000,farmer,male,st,none,0.5,0,0,indira_gandhi_old_age,0.0,1,2,1,0
22,90000,other,other,obc,graduate,1,0,0,pm_suraksha_bima,100.0,2,0,0,1
22,90000,other,other,obc,graduate,1,0,0,pm_jeevan_jyoti,100.0,2,0,0,1
22,90000,other,other,obc,graduate,1,0,0,mgnregs,100.0,3,0,0,1
22,90000,other,other,obc,graduate,1,0,0,pm_kisan,0.0,3,1,1,0
22,90000,other,other,obc,graduate,1,0,0,pm_fasal_bima,0.0,2,1,1,0
22,90000,other,other,obc,graduate,1,0,0,kisan_credit_card,0.0,2,1,1,0
22,90000,other,other,obc,graduate,1,0,0,pm_matru_vandana,0.0,2,1,1,0
22,90000,other,other,obc,graduate,1,0,0,mahila_shakti_kendra,0.0,1,1,1,0
22,90000,other,other,obc,graduate,1,0,0,national_scholarship_portal,0.0,3,1,1,0
22,90000,other,other,obc,graduate,1,0,0,pm_scholarship_scheme,0.0,2,1,1,0
22,90000,other,other,obc,graduate,1,0,0,ayushman_bharat,0.0,1,1,1,0
22,90000,other,other,obc,graduate,1,0,0,pm_awas_yojana_gramin,0.0,3,1,1,0
22,90000,other,other,obc,graduate,1,0,0,pm_mudra_yojana,0.0,2,1,1,0
22,90000,other,other,obc,graduate,1,0,0,startup_india_seed_fund,0.0,1,1,1,0
22,90000,other,other,obc,graduate,1,0,0,deen_dayal_disability,0.0,1,1,1,0
22,90000,other,other,obc,graduate,1,0,0,post_matric_sc,0.0,1,2,1,0
22,90000,other,other,obc,graduate,1,0,0,eklavya_model_school,0.0,0,3,1,0
22,90000,other,other,obc,graduate,1,0,0,indira_gandhi_old_age,0.0,1,2,1,0
26,150000,self_employed,female,obc,postgraduate,5,1,0,pm_matru_vandana,100.0,3,0,0,1
26,150000,self_employed,female,obc,postgraduate,5,1,0,mahila_shakti_kendra,100.0,2,0,0,1
26,150000,self_employed,female,obc,postgraduate,5,1,0,pm_suraksha_bima,100.0,2,0,0,1
26,150000,self_employed,female,obc,postgraduate,5,1,0,pm_jeevan_jyoti,100.0,2,0,0,1
26,150000,self_employed,female,obc,postgraduate,5,1,0,mgnregs,100.0,3,0,0,1
26,150000,self_employed,female,obc,postgraduate,5,1,0,pm_mudra_yojana,100.0,3,0,0,1
26,150000,self_employed,female,obc,postgraduate,5,1,0,startup_india_seed_fund,100.0,2,0,0,1
26,150000,self_employed,female,obc,postgraduate,5,1,0,pm_awas_yojana_gramin,85.7,3,1,0,0
26,150000,self_employed,female,obc,postgraduate,5,1,0,ayushman_bharat,60.0,1,1,0,0
26,150000,self_employed,female,obc,postgraduate,5,1,0,pm_kisan,0.0,3,1,1,0
26,150000,self_employed,female,obc,postgraduate,5,1,0,pm_fasal_bima,0.0,2,1,1,0
26,150000,self_employed,female,obc,postgraduate,5,1,0,kisan_credit_card,0.0,2,1,1,0
26,150000,self_employed,female,obc,postgraduate,5,1,0,national_scholarship_portal,0.0,3,1,1,0
26,150000,self_employed,female,obc,postgraduate,5,1,0,pm_scholarship_scheme,0.0,1,2,1,0
26,150000,self_employed,female,obc,postgraduate,5,1,0,deen_dayal_disability,0.0,1,1,1,0
26,150000,self_employed,female,obc,postgraduate,5,1,0,post_matric_sc,0.0,1,2,1,0
26,150000,self_employed,female,obc,postgraduate,5,1,0,eklavya_model_school,0.0,0,3,1,0
26,150000,self_employed,female,obc,postgraduate,5,1,0,indira_gandhi_old_age,0.0,1,2,1,0
58,800000,daily_wage,other,general,primary,5,0,0,pm_suraksha_bima,66.7,1,1,0,1
58,800000,daily_wage,other,general,primary,5,0,0,mgnregs,66.7,2,1,0,1
58,800000,daily_wage,other,general,primary,5,0,0,pm_kisan,0.0,2,2,1,0
58,800000,daily_wage,other,general,primary,5,0,0,pm_fasal_bima,0.0,2,1,1,0
58,800000,daily_wage,other,general,primary,5,0,0,kisan_credit_card,0.0,2,1,1,0
58,800000,daily_wage,other,general,primary,5,0,0,pm_matru_vandana,0.0,2,1,1,0
58,800000,daily_wage,other,general,primary,5,0,0,mahila_shakti_kendra,0.0,0,2,1,0
58,800000,daily_wage,other,general,primary,5,0,0,national_scholarship_portal,0.0,0,4,1,0
58,800000,daily_wage,other,general,primary,5,0,0,pm_scholarship_scheme,0.0,0,3,1,0
58,800000,daily_wage,other,general,primary,5,0,0,ayushman_bharat,0.0,0,2,1,0
58,800000,daily_wage,other,general,primary,5,0,0,pm_jeevan_jyoti,0.0,0,2,1,0
58,800000,daily_wage,other,general,primary,5,0,0,pm_awas_yojana_gramin,0.0,1,3,1,0
58,800000,daily_wage,other,general,primary,5,0,0,pm_mudra_yojana,0.0,2,1,1,0
58,800000,daily_wage,other,general,primary,5,0,0,startup_india_seed_fund,0.0,0,2,1,0
58,800000,daily_wage,other,general,primary,5,0,0,deen_dayal_disability,0.0,0,2,1,0
58,800000,daily_wage,other,general,primary,5,0,0,post_matric_sc,0.0,0,3,1,0
58,800000,daily_wage,other,general,primary,5,0,0,eklavya_model_school,0.0,0,3,1,0
58,800000,daily_wage,other,general,primary,5,0,0,indira_gandhi_old_age,0.0,0,3,1,0
73,90000,unemployed,male,sc,none,1,0,0,mgnregs,100.0,3,0,0,1
73,90000,unemployed,male,sc,none,1,0,0,pm_kisan,0.0,3,1,1,0
73,90000,unemployed,male,sc,none,1,0,0,pm_fasal_bima,0.0,2,1,1,0
73,90000,unemployed,male,sc,none,1,0,0,kisan_credit_card,0.0,2,1,1,0
73,90000,unemployed,male,sc,none,1,0,0,pm_matru_vandana,0.0,2,1,1,0
73,90000,unemployed,male,sc,none,1,0,0,mahila_shakti_kendra,0.0,1,1,1,0
73,90000,unemployed,male,sc,none,1,0,0,national_scholarship_portal,0.0,2,2,1,0
73,90000,unemployed,male,sc,none,1,0,0,pm_scholarship_scheme,0.0,1,2,1,0
73,90000,unemployed,male,sc,none,1,0,0,ayushman_bharat,0.0,1,1,1,0
73,90000,unemployed,male,sc,none,1,0,0,pm_suraksha_bima,0.0,1,1,1,0
73,90000,unemployed,male,sc,none,1,0,0,pm_jeevan_jyoti,0.0,1,1,1,0
73,90000,unemployed,male,sc,none,1,0,0,pm_awas_yojana_gramin,0.0,3,1,1,0
73,90000,unemployed,male,sc,none,1,0,0,pm_mudra_yojana,0.0,1,2,1,0
73,90000,unemployed,male,sc,none,1,0,0,startup_india_seed_fund,0.0,0,2,1,0
73,90000,unemployed,male,sc,none,1,0,0,deen_dayal_disability,0.0,1,1,1,0
73,90000,unemployed,male,sc,none,1,0,0,post_matric_sc,0.0,2,1,1,0
73,90000,unemployed,male,sc,none,1,0,0,eklavya_model_school,0.0,0,3,1,0
73,90000,unemployed,male,sc,none,1,0,0,indira_gandhi_old_age,0.0,2,1,1,0
34,90000,other,other,st,graduate,5,1,0,ayushman_bharat,100.0,2,0,0,1
34,90000,other,other,st,graduate,5,1,0,pm_suraksha_bima,100.0,2,0,0,1
34,90000,other,other,st,graduate,5,1,0,pm_jeevan_jyoti,100.0,2,0,0,1
34,90000,other,other,st,graduate,5,1,0,mgnregs,100.0,3,0,0,1
34,90000,other,other,st,graduate,5,1,0,pm_awas_yojana_gramin,85.7,3,1,0,1
34,90000,other,other,st,graduate,5,1,0,pm_kisan,0.0,3,1,1,0
34,90000,other,other,st,graduate,5,1,0,pm_fasal_bima,0.0,2,1,1,0
34,90000,other,other,st,graduate,5,1,0,kisan_credit_card,0.0,2,1,1,0
34,90000,other,other,st,graduate,5,1,0,pm_matru_vandana,0.0,2,1,1,0
34,90000,other,other,st,graduate,5,1,0,mahila_shakti_kendra,0.0,1,1,1,0
34,90000,other,other,st,graduate,5,1,0,national_scholarship_portal,0.0,2,2,1,0
34,90000,other,other,st,graduate,5,1,0,pm_scholarship_scheme,0.0,1,2,1,0
34,90000,other,other,st,graduate,5,1,0,pm_mudra_yojana,0.0,2,1,1,0
34,90000,other,other,st,graduate,5,1,0,startup_india_seed_fund,0.0,1,1,1,0
34,90000,other,other,st,graduate,5,1,0,deen_dayal_disability,0.0,1,1,1,0
34,90000,other,other,st,graduate,5,1,0,post_matric_sc,0.0,1,2,1,0
34,90000,other,other,st,graduate,5,1,0,eklavya_model_school,0.0,1,2,1,0
34,90000,other,other,st,graduate,5,1,0,indira_gandhi_old_age,0.0,2,1,1,0
65,150000,daily_wage,male,sc,secondary,0.5,0,0,pm_suraksha_bima,100.0,2,0,0,1
65,150000,daily_wage,male,sc,secondary,0.5,0,0,mgnregs,100.0,3,0,0,1
65,150000,daily_wage,male,sc,secondary,0.5,0,0,pm_kisan,0.0,3,1,1,0
65,150000,daily_wage,male,sc,secondary,0.5,0,0,pm_fasal_bima,0.0,2,1,1,0
65,150000,daily_wage,male,sc,secondary,0.5,0,0,kisan_credit_card,0.0,2,1,1,0
65,150000,daily_wage,male,sc,secondary,0.5,0,0,pm_matru_vandana,0.0,2,1,1,0
65,150000,daily_wage,male,sc,secondary,0.5,0,0,mahila_shakti_kendra,0.0,1,1,1,0
65,150000,daily_wage,male,sc,secondary,0.5,0,0,national_scholarship_portal,0.0,2,2,1,0
65,150000,daily_wage,male,sc,secondary,0.5,0,0,pm_scholarship_scheme,0.0,1,2,1,0
65,150000,daily_wage,male,sc,secondary,0.5,0,0,ayushman_bharat,0.0,0,2,1,0
65,150000,daily_wage,male,sc,secondary,0.5,0,0,pm_jeevan_jyoti,0.0,1,1,1,0
65,150000,daily_wage,male,sc,secondary,0.5,0,0,pm_awas_yojana_gramin,0.0,3,1,1,0
65,150000,daily_wage,male,sc,secondary,0.5,0,0,pm_mudra_yojana,0.0,2,1,1,0
65,150000,daily_wage,male,sc,secondary,0.5,0,0,startup_india_seed_fund,0.0,0,2,1,0
65,150000,daily_wage,male,sc,secondary,0.5,0,0,deen_dayal_disability,0.0,1,1,1,0
65,150000,daily_wage,male,sc,secondary,0.5,0,0,post_matric_sc,0.0,2,1,1,0
65,150000,daily_wage,male,sc,secondary,0.5,0,0,eklavya_model_school,0.0,0,3,1,0
65,150000,daily_wage,male,sc,secondary,0.5,0,0,indira_gandhi_old_age,0.0,1,2,1,0
27,40000,other,other,sc,postgraduate,5,0,0,pm_suraksha_bima,100.0,2,0,0,0
27,40000,other,other,sc,postgraduate,5,0,0,pm_jeevan_jyoti,100.0,2,0,0,1
27,40000,other,other,sc,postgraduate,5,0,0,mgnregs,100.0,3,0,0,1
27,40000,other,other,sc,postgraduate,5,0,0,pm_kisan,0.0,3,1,1,0
27,40000,other,other,sc,postgraduate,5,0,0,pm_fasal_bima,0.0,2,1,1,0
27,40000,other,other,sc,postgraduate,5,0,0,kisan_credit_card,0.0,2,1,1,0
27,40000,other,other,sc,postgraduate,5,0,0,pm_matru_vandana,0.0,2,1,1,0
27,40000,other,other,sc,postgraduate,5,0,0,mahila_shakti_kendra,0.0,1,1,1,0
27,40000,other,other,sc,postgraduate,5,0,0,national_scholarship_portal,0.0,3,1,1,0
27,40000,other,other,sc,postgraduate,5,0,0,pm_scholarship_scheme,0.0,1,2,1,0
27,40000,other,other,sc,postgraduate,5,0,0,ayushman_bharat,0.0,1,1,1,0
27,40000,other,other,sc,postgraduate,5,0,0,pm_awas_yojana_gramin,0.0,2,2,1,0
27,40000,other,other,sc,postgraduate,5,0,0,pm_mudra_yojana,0.0,2,1,1,0
27,40000,other,other,sc,postgraduate,5,0,0,startup_india_seed_fund,0.0,1,1,1,0
27,40000,other,other,sc,postgraduate,5,0,0,deen_dayal_disability,0.0,1,1,1,0
27,40000,other,other,sc,postgraduate,5,0,0,post_matric_sc,0.0,2,1,1,0
27,40000,other,other,sc,postgraduate,5,0,0,eklavya_model_school,0.0,0,3,1,0
27,40000,other,other,sc,postgraduate,5,0,0,indira_gandhi_old_age,0.0,1,2,1,0
26,40000,self_employed,other,general,none,1,0,1,pm_suraksha_bima,100.0,2,0,0,1
26,40000,self_employed,other,general,none,1,0,1,pm_jeevan_jyoti,100.0,2,0,0,1
26,40000,self_employed,other,general,none,1,0,1,mgnregs,100.0,3,0,0,1
26,40000,self_employed,other,general,none,1,0,1,pm_mudra_yojana,100.0,3,0,0,0
26,40000,self_employed,other,general,none,1,0,1,startup_india_seed_fund,100.0,2,0,0,1
26,40000,self_employed,other,general,none,1,0,1,deen_dayal_disability,100.0,2,0,0,1
26,40000,self_employed,other,general,none,1,0,1,pm_kisan,0.0,3,1,1,0
26,40000,self_employed,other,general,none,1,0,1,pm_fasal_bima,0.0,2,1,1,0
26,40000,self_employed,other,general,none,1,0,1,kisan_credit_card,0.0,2,1,1,0
26,40000,self_employed,other,general,none,1,0,1,pm_matru_vandana,0.0,2,1,1,0
26,40000,self_employed,other,general,none,1,0,1,mahila_shakti_kendra,0.0,1,1,1,0
26,40000,self_employed,other,general,none,1,0,1,national_scholarship_portal,0.0,2,2,1,0
26,40000,self_employed,other,general,none,1,0,1,pm_scholarship_scheme,0.0,1,2,1,0
26,40000,self_employed,other,general,none,1,0,1,ayushman_bharat,0.0,1,1,1,0
26,40000,self_employed,other,general,none,1,0,1,pm_awas_yojana_gramin,0.0,3,1,1,0
26,40000,self_employed,other,general,none,1,0,1,post_matric_sc,0.0,1,2,1,0
26,40000,self_employed,other,general,none,1,0,1,eklavya_model_school,0.0,0,3,1,0
26,40000,self_employed,other,general,none,1,0,1,indira_gandhi_old_age,0.0,1,2,1,0
20,90000,student,male,st,graduate,0,1,0,national_scholarship_portal,100.0,4,0,0,1
20,90000,student,male,st,graduate,0,1,0,pm_scholarship_scheme,100.0,3,0,0,1
20,90000,student,male,st,graduate,0,1,0,ayushman_bharat,100.0,2,0,0,1
20,90000,student,male,st,graduate,0,1,0,pm_suraksha_bima,100.0,2,0,0,1
20,90000,student,male,st,graduate,0,1,0,pm_jeevan_jyoti,100.0,2,0,0,1
20,90000,student,male,st,graduate,0,1,0,pm_awas_yojana_gramin,100.0,4,0,0,1
20,90000,student,male,st,graduate,0,1,0,eklavya_model_school,83.3,2,1,0,1
20,90000,student,male,st,graduate,0,1,0,mgnregs,66.7,2,1,0,0
20,90000,student,male,st,graduate,0,1,0,pm_kisan,0.0,3,1,1,0
20,90000,student,male,st,graduate,0,1,0,pm_fasal_bima,0.0,1,2,1,0
20,90000,student,male,st,graduate,0,1,0,kisan_credit_card,0.0,1,2,1,0
20,90000,student,male,st,graduate,0,1,0,pm_matru_vandana,0.0,2,1,1,0
20,90000,student,male,st,graduate,0,1,0,mahila_shakti_kendra,0.0,1,1,1,0
20,90000,student,male,st,graduate,0,1,0,pm_mudra_yojana,0.0,2,1,1,0
20,90000,student,male,st,graduate,0,1,0,startup_india_seed_fund,0.0,1,1,1,0
20,90000,student,male,st,graduate,0,1,0,deen_dayal_disability,0.0,1,1,1,0
20,90000,student,male,st,graduate,0,1,0,post_matric_sc,0.0,2,1,1,0
20,90000,student,male,st,graduate,0,1,0,indira_gandhi_old_age,0.0,2,1,1,0
44,40000,farmer,female,sc,none,5,0,0,pm_kisan,100.0,4,0,0,1
44,40000,farmer,female,sc,none,5,0,0,pm_fasal_bima,100.0,3,0,0,0
44,40000,farmer,female,sc,none,5,0,0,kisan_credit_card,100.0,3,0,0,1
44,40000,farmer,female,sc,none,5,0,0,pm_matru_vandana,100.0,3,0,0,1
44,40000,farmer,female,sc,none,5,0,0,mahila_shakti_kendra,100.0,2,0,0,1
44,40000,farmer,female,sc,none,5,0,0,pm_suraksha_bima,100.0,2,0,0,1
44,40000,farmer,female,sc,none,5,0,0,pm_jeevan_jyoti,100.0,2,0,0,1
44,40000,farmer,female,sc,none,5,0,0,mgnregs,100.0,3,0,0,1
44,40000,farmer,female,sc,none,5,0,0,national_scholarship_portal,0.0,2,2,1,0
44,40000,farmer,female,sc,none,5,0,0,pm_scholarship_scheme,0.0,1,2,1,0
44,40000,farmer,female,sc,none,5,0,0,ayushman_bharat,0.0,1,1,1,0
44,40000,farmer,female,sc,none,5,0,0,pm_awas_yojana_gramin,0.0,2,2,1,0
44,40000,farmer,female,sc,none,5,0,0,pm_mudra_yojana,0.0,2,1,1,0
44,40000,farmer,female,sc,none,5,0,0,startup_india_seed_fund,0.0,1,1,1,0
44,40000,farmer,female,sc,none,5,0,0,deen_dayal_disability,0.0,1,1,1,0
44,40000,farmer,female,sc,none,5,0,0,post_matric_sc,0.0,2,1,1,0
44,40000,farmer,female,sc,none,5,0,0,eklavya_model_school,0.0,0,3,1,0
44,40000,farmer,female,sc,none,5,0,0,indira_gandhi_old_age,0.0,1,2,1,0
77,150000,student,female,obc,none,0,0,0,pm_matru_vandana,100.0,3,0,0,1
77,150000,student,female,obc,none,0,0,0,mahila_shakti_kendra,100.0,2,0,0,1
77,150000,student,female,obc,none,0,0,0,national_scholarship_portal,87.5,3,1,0,1
77,150000,student,female,obc,none,0,0,0,pm_scholarship_scheme,83.3,2,1,0,1
77,150000,student,female,obc,none,0,0,0,mgnregs,66.7,2,1,0,1
77,150000,student,female,obc,none,0,0,0,pm_kisan,0.0,3,1,1,0
77,150000,student,female,obc,none,0,0,0,pm_fasal_bima,0.0,1,2,1,0
77,150000,student,female,obc,none,0,0,0,kisan_credit_card,0.0,0,3,1,0
77,150000,student,female,obc,none,0,0,0,ayushman_bharat,0.0,0,2,1,0
77,150000,student,female,obc,none,0,0,0,pm_suraksha_bima,0.0,1,1,1,0
77,150000,student,female,obc,none,0,0,0,pm_jeevan_jyoti,0.0,1,1,1,0
77,150000,student,female,obc,none,0,0,0,pm_awas_yojana_gramin,0.0,3,1,1,0
77,150000,student,female,obc,none,0,0,0,pm_mudra_yojana,0.0,1,2,1,0
77,150000,student,female,obc,none,0,0,0,startup_india_seed_fund,0.0,0,2,1,0
77,150000,student,female,obc,none,0,0,0,deen_dayal_disability,0.0,1,1,1,0
77,150000,student,female,obc,none,0,0,0,post_matric_sc,0.0,2,1,1,0
77,150000,student,female,obc,none,0,0,0,eklavya_model_school,0.0,1,2,1,0
77,150000,student,female,obc,none,0,0,0,indira_gandhi_old_age,0.0,1,2,1,0
25,150000,self_employed,female,obc,primary,0,0,0,pm_matru_vandana,100.0,3,0,0,1
25,150000,self_employed,female,obc,primary,0,0,0,mahila_shakti_kendra,100.0,2,0,0,1
25,150000,self_employed,female,obc,primary,0,0,0,pm_suraksha_bima,100.0,2,0,0,1
25,150000,self_employed,female,obc,primary,0,0,0,pm_jeevan_jyoti,100.0,2,0,0,1
25,150000,self_employed,female,obc,primary,0,0,0,mgnregs,100.0,3,0,0,0
25,150000,self_employed,female,obc,primary,0,0,0,pm_mudra_yojana,100.0,3,0,0,1
25,150000,self_employed,female,obc,primary,0,0,0,startup_india_seed_fund,100.0,2,0,0,1
25,150000,self_employed,female,obc,primary,0,0,0,pm_kisan,0.0,3,1,1,0
25,150000,self_employed,female,obc,primary,0,0,0,pm_fasal_bima,0.0,1,2,1,0
25,150000,self_employed,female,obc,primary,0,0,0,kisan_credit_card,0.0,1,2,1,0
25,150000,self_employed,female,obc,primary,0,0,0,national_scholarship_portal,0.0,3,1,1,0
25,150000,self_employed,female,obc,primary,0,0,0,pm_scholarship_scheme,0.0,2,1,1,0
25,150000,self_employed,female,obc,primary,0,0,0,ayushman_bharat,0.0,0,2,1,0
25,150000,self_employed,female,obc,primary,0,0,0,pm_awas_yojana_gramin,0.0,3,1,1,0
25,150000,self_employed,female,obc,primary,0,0,0,deen_dayal_disability,0.0,1,1,1,0
25,150000,self_employed,female,obc,primary,0,0,0,post_matric_sc,0.0,1,2,1,0
25,150000,self_employed,female,obc,primary,0,0,0,eklavya_model_school,0.0,0,3,1,0
25,150000,self_employed,female,obc,primary,0,0,0,indira_gandhi_old_age,0.0,0,3,1,0
77,0,student,other,general,secondary,5,0,0,pm_scholarship_scheme,83.3,2,1,0,1
77,0,student,other,general,secondary,5,0,0,mgnregs,66.7,2,1,0,1
77,0,student,other,general,secondary,5,0,0,national_scholarship_portal,62.5,2,2,0,1
77,0,student,other,general,secondary,5,0,0,pm_kisan,0.0,3,1,1,0
77,0,student,other,general,secondary,5,0,0,pm_fasal_bima,0.0,2,1,1,0
77,0,student,other,general,secondary,5,0,0,kisan_credit_card,0.0,1,2,1,0
77,0,student,other,general,secondary,5,0,0,pm_matru_vandana,0.0,2,1,1,0
77,0,student,other,general,secondary,5,0,0,mahila_shakti_kendra,0.0,1,1,1,0
77,0,student,other,general,secondary,5,0,0,ayushman_bharat,0.0,1,1,1,0
77,0,student,other,general,secondary,5,0,0,pm_suraksha_bima,0.0,1,1,1,0
77,0,student,other,general,secondary,5,0,0,pm_jeevan_jyoti,0.0,1,1,1,0
77,0,student,other,general,secondary,5,0,0,pm_awas_yojana_gramin,0.0,2,2,1,0
77,0,student,other,general,secondary,5,0,0,pm_mudra_yojana,0.0,1,2,1,0
77,0,student,other,general,secondary,5,0,0,startup_india_seed_fund,0.0,0,2,1,0
77,0,student,other,general,secondary,5,0,0,deen_dayal_disability,0.0,1,1,1,0
77,0,student,other,general,secondary,5,0,0,post_matric_sc,0.0,2,1,1,0
77,0,student,other,general,secondary,5,0,0,eklavya_model_school,0.0,1,2,1,0
77,0,student,other,general,secondary,5,0,0,indira_gandhi_old_age,0.0,2,1,1,0
69,40000,farmer,other,sc,postgraduate,0,0,0,pm_kisan,100.0,4,0,0,1
69,40000,farmer,other,sc,postgraduate,0,0,0,pm_suraksha_bima,100.0,2,0,0,1
69,40000,farmer,other,sc,postgraduate,0,0,0,mgnregs,100.0,3,0,0,1
69,40000,farmer,other,sc,postgraduate,0,0,0,pm_fasal_bima,66.7,2,1,0,1
69,40000,farmer,other,sc,postgraduate,0,0,0,kisan_credit_card,66.7,2,1,0,0
69,40000,farmer,other,sc,postgraduate,0,0,0,pm_matru_vandana,0.0,2,1,1,0
69,40000,farmer,other,sc,postgraduate,0,0,0,mahila_shakti_kendra,0.0,1,1,1,0
69,40000,farmer,other,sc,postgraduate,0,0,0,national_scholarship_portal,0.0,2,2,1,0
69,40000,farmer,other,sc,postgraduate,0,0,0,pm_scholarship_scheme,0.0,1,2,1,0
69,40000,farmer,other,sc,postgraduate,0,0,0,ayushman_bharat,0.0,1,1,1,0
69,40000,farmer,other,sc,postgraduate,0,0,0,pm_jeevan_jyoti,0.0,1,1,1,0
69,40000,farmer,other,sc,postgraduate,0,0,0,pm_awas_yojana_gramin,0.0,3,1,1,0
69,40000,farmer,other,sc,postgraduate,0,0,0,pm_mudra_yojana,0.0,1,2,1,0
69,40000,farmer,other,sc,postgraduate,0,0,0,startup_india_seed_fund,0.0,0,2,1,0
69,40000,farmer,other,sc,postgraduate,0,0,0,deen_dayal_disability,0.0,1,1,1,0
69,40000,farmer,other,sc,postgraduate,0,0,0,post_matric_sc,0.0,2,1,1,0
69,40000,farmer,other,sc,postgraduate,0,0,0,eklavya_model_school,0.0,0,3,1,0
69,40000,farmer,other,sc,postgraduate,0,0,0,indira_gandhi_old_age,0.0,2,1,1,0
45,400000,student,male,general,primary,5,0,0,pm_suraksha_bima,100.0,2,0,0,1
45,400000,student,male,general,primary,5,0,0,pm_jeevan_jyoti,100.0,2,0,0,1
45,400000,student,male,general,primary,5,0,0,pm_scholarship_scheme,83.3,2,1,0,1
45,400000,student,male,general,primary,5,0,0,national_scholarship_portal,37.5,1,3,0,0
45,400000,student,male,general,primary,5,0,0,mgnregs,33.3,1,2,0,0
45,400000,student,male,general,primary,5,0,0,pm_kisan,0.0,2,2,1,0
45,400000,student,male,general,primary,5,0,0,pm_fasal_bima,0.0,2,1,1,0
45,400000,student,male,general,primary,5,0,0,kisan_credit_card,0.0,2,1,1,0
45,400000,student,male,general,primary,5,0,0,pm_matru_vandana,0.0,2,1,1,0
45,400000,student,male,general,primary,5,0,0,mahila_shakti_kendra,0.0,0,2,1,0
45,400000,student,male,general,primary,5,0,0,ayushman_bharat,0.0,0,2,1,0
45,400000,student,male,general,primary,5,0,0,pm_awas_yojana_gramin,0.0,1,3,1,0
45,400000,student,male,general,primary,5,0,0,pm_mudra_yojana,0.0,2,1,1,0
45,400000,student,male,general,primary,5,0,0,startup_india_seed_fund,0.0,1,1,1,0
45,400000,student,male,general,primary,5,0,0,deen_dayal_disability,0.0,0,2,1,0
45,400000,student,male,general,primary,5,0,0,post_matric_sc,0.0,1,2,1,0
45,400000,student,male,general,primary,5,0,0,eklavya_model_school,0.0,1,2,1,0
45,400000,student,male,general,primary,5,0,0,indira_gandhi_old_age,0.0,0,3,1,0
60,90000,self_employed,other,st,primary,0,0,0,pm_suraksha_bima,100.0,2,0,0,1
60,90000,self_employed,other,st,primary,0,0,0,mgnregs,100.0,3,0,0,1
60,90000,self_employed,other,st,primary,0,0,0,pm_mudra_yojana,100.0,3,0,0,1
60,90000,self_employed,other,st,primary,0,0,0,startup_india_seed_fund,75.0,1,1,0,1
60,90000,self_employed,other,st,primary,0,0,0,pm_kisan,0.0,3,1,1,0
60,90000,self_employed,other,st,primary,0,0,0,pm_fasal_bima,0.0,1,2,1,0
60,90000,self_employed,other,st,primary,0,0,0,kisan_credit_card,0.0,1,2,1,0
60,90000,self_employed,other,st,primary,0,0,0,pm_matru_vandana,0.0,2,1,1,0
60,90000,self_employed,other,st,primary,0,0,0,mahila_shakti_kendra,0.0,1,1,1,0
60,90000,self_employed,other,st,primary,0,0,0,national_scholarship_portal,0.0,2,2,1,0
60,90000,self_employed,other,st,primary,0,0,0,pm_scholarship_scheme,0.0,1,2,1,0
60,90000,self_employed,other,st,primary,0,0,0,ayushman_bharat,0.0,1,1,1,0
60,90000,self_employed,other,st,primary,0,0,0,pm_jeevan_jyoti,0.0,1,1,1,0
60,90000,self_employed,other,st,primary,0,0,0,pm_awas_yojana_gramin,0.0,3,1,1,0
60,90000,self_employed,other,st,primary,0,0,0,deen_dayal_disability,0.0,1,1,1,0
60,90000,self_employed,other,st,primary,0,0,0,post_matric_sc,0.0,1,2,1,0
60,90000,self_employed,other,st,primary,0,0,0,eklavya_model_school,0.0,1,2,1,0
60,90000,self_employed,other,st,primary,0,0,0,indira_gandhi_old_age,0.0,2,1,1,0
73,250000,farmer,male,sc,postgraduate,1,0,0,pm_fasal_bima,100.0,3,0,0,1
73,250000,farmer,male,sc,postgraduate,1,0,0,kisan_credit_card,100.0,3,0,0,1
73,250000,farmer,male,sc,postgraduate,1,0,0,pm_kisan,75.0,3,1,0,0
73,250000,farmer,male,sc,postgraduate,1,0,0,mgnregs,66.7,2,1,0,1
73,250000,farmer,male,sc,postgraduate,1,0,0,pm_matru_vandana,0.0,2,1,1,0
73,250000,farmer,male,sc,postgraduate,1,0,0,mahila_shakti_kendra,0.0,1,1,1,0
73,250000,farmer,male,sc,postgraduate,1,0,0,national_scholarship_portal,0.0,2,2,1,0
73,250000,farmer,male,sc,postgraduate,1,0,0,pm_scholarship_scheme,0.0,1,2,1,0
73,250000,farmer,male,sc,postgraduate,1,0,0,ayushman_bharat,0.0,0,2,1,0
73,250000,farmer,male,sc,postgraduate,1,0,0,pm_suraksha_bima,0.0,1,1,1,0
73,250000,farmer,male,sc,postgraduate,1,0,0,pm_jeevan_jyoti,0.0,1,1,1,0
73,250000,farmer,male,sc,postgraduate,1,0,0,pm_awas_yojana_gramin,0.0,3,1,1,0
73,250000,farmer,male,sc,postgraduate,1,0,0,pm_mudra_yojana,0.0,1,2,1,0
73,250000,farmer,male,sc,postgraduate,1,0,0,startup_india_seed_fund,0.0,0,2,1,0
73,250000,farmer,male,sc,postgraduate,1,0,0,deen_dayal_disability,0.0,1,1,1,0
73,250000,farmer,male,sc,postgraduate,1,0,0,post_matric_sc,0.0,2,1,1,0
73,250000,farmer,male,sc,postgraduate,1,0,0,eklavya_model_school,0.0,0,3,1,0
73,250000,farmer,male,sc,postgraduate,1,0,0,indira_gandhi_old_age,0.0,1,2,1,0
27,40000,daily_wage,male,obc,none,1,1,0,ayushman_bharat,100.0,2,0,0,1
27,40000,daily_wage,male,obc,none,1,1,0,pm_suraksha_bima,100.0,2,0,0,1
27,40000,daily_wage,male,obc,none,1,1,0,pm_jeevan_jyoti,100.0,2,0,0,1
27,40000,daily_wage,male,obc,none,1,1,0,pm_awas_yojana_gramin,100.0,4,0,0,1
27,40000,daily_wage,male,obc,none,1,1,0,mgnregs,100.0,3,0,0,0
27,40000,daily_wage,male,obc,none,1,1,0,pm_kisan,0.0,3,1,1,0
27,40000,daily_wage,male,obc,none,1,1,0,pm_fasal_bima,0.0,2,1,1,0
27,40000,daily_wage,male,obc,none,1,1,0,kisan_credit_card,0.0,2,1,1,0
27,40000,daily_wage,male,obc,none,1,1,0,pm_matru_vandana,0.0,2,1,1,0
27,40000,daily_wage,male,obc,none,1,1,0,mahila_shakti_kendra,0.0,1,1,1,0
27,40000,daily_wage,male,obc,none,1,1,0,national_scholarship_portal,0.0,3,1,1,0
27,40000,daily_wage,male,obc,none,1,1,0,pm_scholarship_scheme,0.0,1,2,1,0
27,40000,daily_wage,male,obc,none,1,1,0,pm_mudra_yojana,0.0,2,1,1,0
27,40000,daily_wage,male,obc,none,1,1,0,startup_india_seed_fund,0.0,1,1,1,0
27,40000,daily_wage,male,obc,none,1,1,0,deen_dayal_disability,0.0,1,1,1,0
27,40000,daily_wage,male,obc,none,1,1,0,post_matric_sc,0.0,1,2,1,0
27,40000,daily_wage,male,obc,none,1,1,0,eklavya_model_school,0.0,0,3,1,0
27,40000,daily_wage,male,obc,none,1,1,0,indira_gandhi_old_age,0.0,2,1,1,0
38,0,self_employed,male,st,none,5,0,0,pm_suraksha_bima,100.0,2,0,0,1
38,0,self_employed,male,st,none,5,0,0,pm_jeevan_jyoti,100.0,2,0,0,1
38,0,self_employed,male,st,none,5,0,0,mgnregs,100.0,3,0,0,1
38,0,self_employed,male,st,none,5,0,0,pm_mudra_yojana,100.0,3,0,0,1
38,0,self_employed,male,st,none,5,0,0,startup_india_seed_fund,100.0,2,0,0,1
38,0,self_employed,male,st,none,5,0,0,pm_kisan,0.0,3,1,1,0
38,0,self_employed,male,st,none,5,0,0,pm_fasal_bima,0.0,2,1,1,0
38,0,self_employed,male,st,none,5,0,0,kisan_credit_card,0.0,2,1,1,0
38,0,self_employed,male,st,none,5,0,0,pm_matru_vandana,0.0,2,1,1,0
38,0,self_employed,male,st,none,5,0,0,mahila_shakti_kendra,0.0,1,1,1,0
38,0,self_employed,male,st,none,5,0,0,national_scholarship_portal,0.0,2,2,1,0
38,0,self_employed,male,st,none,5,0,0,pm_scholarship_scheme,0.0,1,2,1,0
38,0,self_employed,male,st,none,5,0,0,ayushman_bharat,0.0,1,1,1,0
38,0,self_employed,male,st,none,5,0,0,pm_awas_yojana_gramin,0.0,2,2,1,0
38,0,self_employed,male,st,none,5,0,0,deen_dayal_disability,0.0,1,1,1,0
38,0,self_employed,male,st,none,5,0,0,post_matric_sc,0.0,1,2,1,0
38,0,self_employed,male,st,none,5,0,0,eklavya_model_school,0.0,1,2,1,0
38,0,self_employed,male,st,none,5,0,0,indira_gandhi_old_age,0.0,1,2,1,0
65,400000,salaried,other,general,primary,0,0,0,pm_suraksha_bima,100.0,2,0,0,1
65,400000,salaried,other,general,primary,0,0,0,mgnregs,33.3,1,2,0,0
65,400000,salaried,other,general,primary,0,0,0,pm_kisan,0.0,2,2,1,0
65,400000,salaried,other,general,primary,0,0,0,pm_fasal_bima,0.0,1,2,1,0
65,400000,salaried,other,general,primary,0,0,0,kisan_credit_card,0.0,1,2,1,0
65,400000,salaried,other,general,primary,0,0,0,pm_matru_vandana,0.0,2,1,1,0
65,400000,salaried,other,general,primary,0,0,0,mahila_shakti_kendra,0.0,0,2,1,0
65,400000,salaried,other,general,primary,0,0,0,national_scholarship_portal,0.0,0,4,1,0
65,400000,salaried,other,general,primary,0,0,0,pm_scholarship_scheme,0.0,1,2,1,0
65,400000,salaried,other,general,primary,0,0,0,ayushman_bharat,0.0,0,2,1,0
65,400000,salaried,other,general,primary,0,0,0,pm_jeevan_jyoti,0.0,1,1,1,0
65,400000,salaried,other,general,primary,0,0,0,pm_awas_yojana_gramin,0.0,2,2,1,0
65,400000,salaried,other,general,primary,0,0,0,pm_mudra_yojana,0.0,2,1,1,0
65,400000,salaried,other,general,primary,0,0,0,startup_india_seed_fund,0.0,0,2,1,0
65,400000,salaried,other,general,primary,0,0,0,deen_dayal_disability,0.0,0,2,1,0
65,400000,salaried,other,general,primary,0,0,0,post_matric_sc,0.0,0,3,1,0
65,400000,salaried,other,general,primary,0,0,0,eklavya_model_school,0.0,0,3,1,0
65,400000,salaried,other,general,primary,0,0,0,indira_gandhi_old_age,0.0,1,2,1,0
57,800000,salaried,other,general,secondary,5,1,0,pm_suraksha_bima,66.7,1,1,0,1
57,800000,salaried,other,general,secondary,5,1,0,ayushman_bharat,60.0,1,1,0,1
57,800000,salaried,other,general,secondary,5,1,0,pm_awas_yojana_gramin,57.1,2,2,0,1
57,800000,salaried,other,general,secondary,5,1,0,mgnregs,33.3,1,2,0,0
57,800000,salaried,other,general,secondary,5,1,0,pm_kisan,0.0,2,2,1,0
57,800000,salaried,other,general,secondary,5,1,0,pm_fasal_bima,0.0,2,1,1,0
57,800000,salaried,other,general,secondary,5,1,0,kisan_credit_card,0.0,2,1,1,0
57,800000,salaried,other,general,secondary,5,1,0,pm_matru_vandana,0.0,2,1,1,0
57,800000,salaried,other,general,secondary,5,1,0,mahila_shakti_kendra,0.0,0,2,1,0
57,800000,salaried,other,general,secondary,5,1,0,national_scholarship_portal,0.0,0,4,1,0
57,800000,salaried,other,general,secondary,5,1,0,pm_scholarship_scheme,0.0,0,3,1,0
57,800000,salaried,other,general,secondary,5,1,0,pm_jeevan_jyoti,0.0,0,2,1,0
57,800000,salaried,other,general,secondary,5,1,0,pm_mudra_yojana,0.0,2,1,1,0
57,800000,salaried,other,general,secondary,5,1,0,startup_india_seed_fund,0.0,0,2,1,0
57,800000,salaried,other,general,secondary,5,1,0,deen_dayal_disability,0.0,0,2,1,0
57,800000,salaried,other,general,secondary,5,1,0,post_matric_sc,0.0,0,3,1,0
57,800000,salaried,other,general,secondary,5,1,0,eklavya_model_school,0.0,0,3,1,0
57,800000,salaried,other,general,secondary,5,1,0,indira_gandhi_old_age,0.0,1,2,1,0
44,40000,salaried,female,st,secondary,0,1,0,pm_matru_vandana,100.0,3,0,0,1
44,40000,salaried,female,st,secondary,0,1,0,mahila_shakti_kendra,100.0,2,0,0,1
44,40000,salaried,female,st,secondary,0,1,0,ayushman_bharat,100.0,2,0,0,1
44,40000,salaried,female,st,secondary,0,1,0,pm_suraksha_bima,100.0,2,0,0,1
44,40000,salaried,female,st,secondary,0,1,0,pm_jeevan_jyoti,100.0,2,0,0,1
44,40000,salaried,female,st,secondary,0,1,0,pm_awas_yojana_gramin,100.0,4,0,0,1
44,40000,salaried,female,st,secondary,0,1,0,mgnregs,66.7,2,1,0,0
44,40000,salaried,female,st,secondary,0,1,0,pm_kisan,0.0,3,1,1,0
44,40000,salaried,female,st,secondary,0,1,0,pm_fasal_bima,0.0,1,2,1,0
44,40000,salaried,female,st,secondary,0,1,0,kisan_credit_card,0.0,1,2,1,0
44,40000,salaried,female,st,secondary,0,1,0,national_scholarship_portal,0.0,2,2,1,0
44,40000,salaried,female,st,secondary,0,1,0,pm_scholarship_scheme,0.0,1,2,1,0
44,40000,salaried,female,st,secondary,0,1,0,pm_mudra_yojana,0.0,2,1,1,0
44,40000,salaried,female,st,secondary,0,1,0,startup_india_seed_fund,0.0,1,1,1,0
44,40000,salaried,female,st,secondary,0,1,0,deen_dayal_disability,0.0,1,1,1,0
44,40000,salaried,female,st,secondary,0,1,0,post_matric_sc,0.0,1,2,1,0
44,40000,salaried,female,st,secondary,0,1,0,eklavya_model_school,0.0,1,2,1,0
44,40000,salaried,female,st,secondary,0,1,0,indira_gandhi_old_age,0.0,2,1,1,0
50,0,salaried,other,obc,graduate,0,0,0,pm_suraksha_bima,100.0,2,0,0,1
50,0,salaried,other,obc,graduate,0,0,0,pm_jeevan_jyoti,100.0,2,0,0,1
50,0,salaried,other,obc,graduate,0,0,0,mgnregs,66.7,2,1,0,1
50,0,salaried,other,obc,graduate,0,0,0,pm_kisan,0.0,3,1,1,0
50,0,salaried,other,obc,graduate,0,0,0,pm_fasal_bima,0.0,1,2,1,0
50,0,salaried,other,obc,graduate,0,0,0,kisan_credit_card,0.0,1,2,1,0
50,0,salaried,other,obc,graduate,0,0,0,pm_matru_vandana,0.0,2,1,1,0
50,0,salaried,other,obc,graduate,0,0,0,mahila_shakti_kendra,0.0,1,1,1,0
50,0,salaried,other,obc,graduate,0,0,0,national_scholarship_portal,0.0,2,2,1,0
50,0,salaried,other,obc,graduate,0,0,0,pm_scholarship_scheme,0.0,1,2,1,0
50,0,salaried,other,obc,graduate,0,0,0,ayushman_bharat,0.0,1,1,1,0
50,0,salaried,other,obc,graduate,0,0,0,pm_awas_yojana_gramin,0.0,3,1,1,0
50,0,salaried,other,obc,graduate,0,0,0,pm_mudra_yojana,0.0,2,1,1,0
50,0,salaried,other,obc,graduate,0,0,0,startup_india_seed_fund,0.0,1,1,1,0
50,0,salaried,other,obc,graduate,0,0,0,deen_dayal_disability,0.0,1,1,1,0
50,0,salaried,other,obc,graduate,0,0,0,post_matric_sc,0.0,1,2,1,0
50,0,salaried,other,obc,graduate,0,0,0,eklavya_model_school,0.0,0,3,1,0
50,0,salaried,other,obc,graduate,0,0,0,indira_gandhi_old_age,0.0,1,2,1,0
44,400000,salaried,male,sc,secondary,5,1,0,pm_suraksha_bima,100.0,2,0,0,1
44,400000,salaried,male,sc,secondary,5,1,0,pm_jeevan_jyoti,100.0,2,0,0,1
44,400000,salaried,male,sc,secondary,5,1,0,ayushman_bharat,60.0,1,1,0,1
44,400000,salaried,male,sc,secondary,5,1,0,pm_awas_yojana_gramin,57.1,2,2,0,0
44,400000,salaried,male,sc,secondary,5,1,0,mgnregs,33.3,1,2,0,0
44,400000,salaried,male,sc,secondary,5,1,0,pm_kisan,0.0,2,2,1,0
44,400000,salaried,male,sc,secondary,5,1,0,pm_fasal_bima,0.0,2,1,1,0
44,400000,salaried,male,sc,secondary,5,1,0,kisan_credit_card,0.0,2,1,1,0
44,400000,salaried,male,sc,secondary,5,1,0,pm_matru_vandana,0.0,2,1,1,0
44,400000,salaried,male,sc,secondary,5,1,0,mahila_shakti_kendra,0.0,0,2,1,0
44,400000,salaried,male,sc,secondary,5,1,0,national_scholarship_portal,0.0,1,3,1,0
44,400000,salaried,male,sc,secondary,5,1,0,pm_scholarship_scheme,0.0,1,2,1,0
44,400000,salaried,male,sc,secondary,5,1,0,pm_mudra_yojana,0.0,2,1,1,0
44,400000,salaried,male,sc,secondary,5,1,0,startup_india_seed_fund,0.0,1,1,1,0
44,400000,salaried,male,sc,secondary,5,1,0,deen_dayal_disability,0.0,0,2,1,0
44,400000,salaried,male,sc,secondary,5,1,0,post_matric_sc,0.0,1,2,1,0
44,400000,salaried,male,sc,secondary,5,1,0,eklavya_model_school,0.0,0,3,1,0
44,400000,salaried,male,sc,secondary,5,1,0,indira_gandhi_old_age,0.0,1,2,1,0
78,90000,self_employed,male,sc,secondary,0,1,1,ayushman_bharat,100.0,2,0,0,1
78,90000,self_employed,male,sc,secondary,0,1,1,pm_awas_yojana_gramin,100.0,4,0,0,1
78,90000,self_employed,male,sc,secondary,0,1,1,mgnregs,100.0,3,0,0,1
78,90000,self_employed,male,sc,secondary,0,1,1,deen_dayal_disability,100.0,2,0,0,1
78,90000,self_employed,male,sc,secondary,0,1,1,indira_gandhi_old_age,100.0,3,0,0,1
78,90000,self_employed,male,sc,secondary,0,1,1,startup_india_seed_fund,75.0,1,1,0,1
78,90000,self_employed,male,sc,secondary,0,1,1,pm_kisan,0.0,3,1,1,0
78,90000,self_employed,male,sc,secondary,0,1,1,pm_fasal_bima,0.0,1,2,1,0
78,90000,self_employed,male,sc,secondary,0,1,1,kisan_credit_card,0.0,0,3,1,0
78,90000,self_employed,male,sc,secondary,0,1,1,pm_matru_vandana,0.0,2,1,1,0
78,90000,self_employed,male,sc,secondary,0,1,1,mahila_shakti_kendra,0.0,1,1,1,0
78,90000,self_employed,male,sc,secondary,0,1,1,national_scholarship_portal,0.0,2,2,1,0
78,90000,self_employed,male,sc,secondary,0,1,1,pm_scholarship_scheme,0.0,1,2,1,0
78,90000,self_employed,male,sc,secondary,0,1,1,pm_suraksha_bima,0.0,1,1,1,0
78,90000,self_employed,male,sc,secondary,0,1,1,pm_jeevan_jyoti,0.0,1,1,1,0
78,90000,self_employed,male,sc,secondary,0,1,1,pm_mudra_yojana,0.0,2,1,1,0
78,90000,self_employed,male,sc,secondary,0,1,1,post_matric_sc,0.0,2,1,1,0
78,90000,self_employed,male,sc,secondary,0,1,1,eklavya_model_school,0.0,0,3,1,0
41,250000,daily_wage,female,general,primary,1,0,0,pm_matru_vandana,100.0,3,0,0,1
41,250000,daily_wage,female,general,primary,1,0,0,mahila_shakti_kendra,100.0,2,0,0,1
41,250000,daily_wage,female,general,primary,1,0,0,pm_suraksha_bima,100.0,2,0,0,0
41,250000,daily_wage,female,general,primary,1,0,0,pm_jeevan_jyoti,100.0,2,0,0,1
41,250000,daily_wage,female,general,primary,1,0,0,mgnregs,66.7,2,1,0,0
41,250000,daily_wage,female,general,primary,1,0,0,pm_kisan,0.0,2,2,1,0
41,250000,daily_wage,female,general,primary,1,0,0,pm_fasal_bima,0.0,2,1,1,0
41,250000,daily_wage,female,general,primary,1,0,0,kisan_credit_card,0.0,2,1,1,0
41,250000,daily_wage,female,general,primary,1,0,0,national_scholarship_portal,0.0,1,3,1,0
41,250000,daily_wage,female,general,primary,1,0,0,pm_scholarship_scheme,0.0,1,2,1,0
41,250000,daily_wage,female,general,primary,1,0,0,ayushman_bharat,0.0,0,2,1,0
41,250000,daily_wage,female,general,primary,1,0,0,pm_awas_yojana_gramin,0.0,3,1,1,0
41,250000,daily_wage,female,general,primary,1,0,0,pm_mudra_yojana,0.0,2,1,1,0
41,250000,daily_wage,female,general,primary,1,0,0,startup_india_seed_fund,0.0,1,1,1,0
41,250000,daily_wage,female,general,primary,1,0,0,deen_dayal_disability,0.0,1,1,1,0
41,250000,daily_wage,female,general,primary,1,0,0,post_matric_sc,0.0,1,2,1,0
41,250000,daily_wage,female,general,primary,1,0,0,eklavya_model_school,0.0,0,3,1,0
41,250000,daily_wage,female,general,primary,1,0,0,indira_gandhi_old_age,0.0,0,3,1,0
30,150000,other,female,st,postgraduate,1,1,0,pm_matru_vandana,100.0,3,0,0,1
30,150000,other,female,st,postgraduate,1,1,0,mahila_shakti_kendra,100.0,2,0,0,1
30,150000,other,female,st,postgraduate,1,1,0,pm_suraksha_bima,100.0,2,0,0,1
30,150000,other,female,st,postgraduate,1,1,0,pm_jeevan_jyoti,100.0,2,0,0,1
30,150000,other,female,st,postgraduate,1,1,0,pm_awas_yojana_gramin,100.0,4,0,0,1
30,150000,other,female,st,postgraduate,1,1,0,mgnregs,100.0,3,0,0,1
30,150000,other,female,st,postgraduate,1,1,0,ayushman_bharat,60.0,1,1,0,1
30,150000,other,female,st,postgraduate,1,1,0,pm_kisan,0.0,3,1,1,0
30,150000,other,female,st,postgraduate,1,1,0,pm_fasal_bima,0.0,2,1,1,0
30,150000,other,female,st,postgraduate,1,1,0,kisan_credit_card,0.0,2,1,1,0
30,150000,other,female,st,postgraduate,1,1,0,national_scholarship_portal,0.0,3,1,1,0
30,150000,other,female,st,postgraduate,1,1,0,pm_scholarship_scheme,0.0,1,2,1,0
30,150000,other,female,st,postgraduate,1,1,0,pm_mudra_yojana,0.0,2,1,1,0
30,150000,other,female,st,postgraduate,1,1,0,startup_india_seed_fund,0.0,1,1,1,0
30,150000,other,female,st,postgraduate,1,1,0,deen_dayal_disability,0.0,1,1,1,0
30,150000,other,female,st,postgraduate,1,1,0,post_matric_sc,0.0,1,2,1,0
30,150000,other,female,st,postgraduate,1,1,0,eklavya_model_school,0.0,1,2,1,0
30,150000,other,female,st,postgraduate,1,1,0,indira_gandhi_old_age,0.0,1,2,1,0
47,90000,student,female,general,secondary,0,1,0,pm_matru_vandana,100.0,3,0,0,1
47,90000,student,female,general,secondary,0,1,0,mahila_shakti_kendra,100.0,2,0,0,1
47,90000,student,female,general,secondary,0,1,0,ayushman_bharat,100.0,2,0,0,1
47,90000,student,female,general,secondary,0,1,0,pm_suraksha_bima,100.0,2,0,0,1
47,90000,student,female,general,secondary,0,1,0,pm_jeevan_jyoti,100.0,2,0,0,1
47,90000,student,female,general,secondary,0,1,0,pm_awas_yojana_gramin,100.0,4,0,0,1
47,90000,student,female,general,secondary,0,1,0,pm_scholarship_scheme,83.3,2,1,0,1
47,90000,student,female,general,secondary,0,1,0,mgnregs,66.7,2,1,0,1
47,90000,student,female,general,secondary,0,1,0,national_scholarship_portal,62.5,2,2,0,1
47,90000,student,female,general,secondary,0,1,0,pm_kisan,0.0,3,1,1,0
47,90000,student,female,general,secondary,0,1,0,pm_fasal_bima,0.0,1,2,1,0
47,90000,student,female,general,secondary,0,1,0,kisan_credit_card,0.0,1,2,1,0
47,90000,student,female,general,secondary,0,1,0,pm_mudra_yojana,0.0,2,1,1,0
47,90000,student,female,general,secondary,0,1,0,startup_india_seed_fund,0.0,1,1,1,0
47,90000,student,female,general,secondary,0,1,0,deen_dayal_disability,0.0,1,1,1,0
47,90000,student,female,general,secondary,0,1,0,post_matric_sc,0.0,2,1,1,0
47,90000,student,female,general,secondary,0,1,0,eklavya_model_school,0.0,1,2,1,0
47,90000,student,female,general,secondary,0,1,0,indira_gandhi_old_age,0.0,2,1,1,0
40,150000,salaried,female,st,secondary,5,0,1,pm_matru_vandana,100.0,3,0,0,1
40,150000,salaried,female,st,secondary,5,0,1,mahila_shakti_kendra,100.0,2,0,0,1
40,150000,salaried,female,st,secondary,5,0,1,pm_suraksha_bima,100.0,2,0,0,1
40,150000,salaried,female,st,secondary,5,0,1,pm_jeevan_jyoti,100.0,2,0,0,0
40,150000,salaried,female,st,secondary,5,0,1,deen_dayal_disability,100.0,2,0,0,0
40,150000,salaried,female,st,secondary,5,0,1,mgnregs,66.7,2,1,0,1
40,150000,salaried,female,st,secondary,5,0,1,pm_kisan,0.0,3,1,1,0
40,150000,salaried,female,st,secondary,5,0,1,pm_fasal_bima,0.0,2,1,1,0
40,150000,salaried,female,st,secondary,5,0,1,kisan_credit_card,0.0,2,1,1,0
40,150000,salaried,female,st,secondary,5,0,1,national_scholarship_portal,0.0,2,2,1,0
40,150000,salaried,female,st,secondary,5,0,1,pm_scholarship_scheme,0.0,1,2,1,0
40,150000,salaried,female,st,secondary,5,0,1,ayushman_bharat,0.0,0,2,1,0
40,150000,salaried,female,st,secondary,5,0,1,pm_awas_yojana_gramin,0.0,2,2,1,0
40,150000,salaried,female,st,secondary,5,0,1,pm_mudra_yojana,0.0,2,1,1,0
40,150000,salaried,female,st,secondary,5,0,1,startup_india_seed_fund,0.0,1,1,1,0
40,150000,salaried,female,st,secondary,5,0,1,post_matric_sc,0.0,1,2,1,0
40,150000,salaried,female,st,secondary,5,0,1,eklavya_model_school,0.0,1,2,1,0
40,150000,salaried,female,st,secondary,5,0,1,indira_gandhi_old_age,0.0,0,3,1,0
42,250000,student,female,obc,none,5,0,0,pm_matru_vandana,100.0,3,0,0,1
42,250000,student,female,obc,none,5,0,0,mahila_shakti_kendra,100.0,2,0,0,1
42,250000,student,female,obc,none,5,0,0,pm_suraksha_bima,100.0,2,0,0,1
42,250000,student,female,obc,none,5,0,0,pm_jeevan_jyoti,100.0,2,0,0,1
42,250000,student,female,obc,none,5,0,0,national_scholarship_portal,87.5,3,1,0,1
42,250000,student,female,obc,none,5,0,0,pm_scholarship_scheme,83.3,2,1,0,1
42,250000,student,female,obc,none,5,0,0,mgnregs,33.3,1,2,0,0
42,250000,student,female,obc,none,5,0,0,pm_kisan,0.0,2,2,1,0
42,250000,student,female,obc,none,5,0,0,pm_fasal_bima,0.0,2,1,1,0
42,250000,student,female,obc,none,5,0,0,kisan_credit_card,0.0,2,1,1,0
42,250000,student,female,obc,none,5,0,0,ayushman_bharat,0.0,0,2,1,0
42,250000,student,female,obc,none,5,0,0,pm_awas_yojana_gramin,0.0,2,2,1,0
42,250000,student,female,obc,none,5,0,0,pm_mudra_yojana,0.0,2,1,1,0
42,250000,student,female,obc,none,5,0,0,startup_india_seed_fund,0.0,1,1,1,0
42,250000,student,female,obc,none,5,0,0,deen_dayal_disability,0.0,1,1,1,0
42,250000,student,female,obc,none,5,0,0,post_matric_sc,0.0,2,1,1,0
42,250000,student,female,obc,none,5,0,0,eklavya_model_school,0.0,1,2,1,0
42,250000,student,female,obc,none,5,0,0,indira_gandhi_old_age,0.0,0,3,1,0
34,250000,student,female,general,none,0.5,0,0,pm_matru_vandana,100.0,3,0,0,0
34,250000,student,female,general,none,0.5,0,0,mahila_shakti_kendra,100.0,2,0,0,1
34,250000,student,female,general,none,0.5,0,0,pm_suraksha_bima,100.0,2,0,0,1
34,250000,student,female,general,none,0.5,0,0,pm_jeevan_jyoti,100.0,2,0,0,1
34,250000,student,female,general,none,0.5,0,0,pm_scholarship_scheme,83.3,2,1,0,1
34,250000,student,female,general,none,0.5,0,0,national_scholarship_portal,62.5,2,2,0,1
34,250000,student,female,general,none,0.5,0,0,mgnregs,33.3,1,2,0,0
34,250000,student,female,general,none,0.5,0,0,pm_kisan,0.0,2,2,1,0
34,250000,student,female,general,none,0.5,0,0,pm_fasal_bima,0.0,2,1,1,0
34,250000,student,female,general,none,0.5,0,0,kisan_credit_card,0.0,2,1,1,0
34,250000,student,female,general,none,0.5,0,0,ayushman_bharat,0.0,0,2,1,0
34,250000,student,female,general,none,0.5,0,0,pm_awas_yojana_gramin,0.0,3,1,1,0
34,250000,student,female,general,none,0.5,0,0,pm_mudra_yojana,0.0,2,1,1,0
34,250000,student,female,general,none,0.5,0,0,startup_india_seed_fund,0.0,1,1,1,0
34,250000,student,female,general,none,0.5,0,0,deen_dayal_disability,0.0,1,1,1,0
34,250000,student,female,general,none,0.5,0,0,post_matric_sc,0.0,2,1,1,0
34,250000,student,female,general,none,0.5,0,0,eklavya_model_school,0.0,1,2,1,0
34,250000,student,female,general,none,0.5,0,0,indira_gandhi_old_age,0.0,0,3,1,0
24,90000,student,female,st,none,0,1,0,pm_matru_vandana,100.0,3,0,0,1
24,90000,student,female,st,none,0,1,0,mahila_shakti_kendra,100.0,2,0,0,1
24,90000,student,female,st,none,0,1,0,national_scholarship_portal,100.0,4,0,0,1
24,90000,student,female,st,none,0,1,0,pm_scholarship_scheme,100.0,3,0,0,0
24,90000,student,female,st,none,0,1,0,ayushman_bharat,100.0,2,0,0,1
24,90000,student,female,st,none,0,1,0,pm_suraksha_bima,100.0,2,0,0,0
24,90000,student,female,st,none,0,1,0,pm_jeevan_jyoti,100.0,2,0,0,1
24,90000,student,female,st,none,0,1,0,pm_awas_yojana_gramin,100.0,4,0,0,1
24,90000,student,female,st,none,0,1,0,eklavya_model_school,83.3,2,1,0,1
24,90000,student,female,st,none,0,1,0,mgnregs,66.7,2,1,0,0
24,90000,student,female,st,none,0,1,0,pm_kisan,0.0,3,1,1,0
24,90000,student,female,st,none,0,1,0,pm_fasal_bima,0.0,1,2,1,0
24,90000,student,female,st,none,0,1,0,kisan_credit_card,0.0,1,2,1,0
24,90000,student,female,st,none,0,1,0,pm_mudra_yojana,0.0,2,1,1,0
24,90000,student,female,st,none,0,1,0,startup_india_seed_fund,0.0,1,1,1,0
24,90000,student,female,st,none,0,1,0,deen_dayal_disability,0.0,1,1,1,0
24,90000,student,female,st,none,0,1,0,post_matric_sc,0.0,2,1,1,0
24,90000,student,female,st,none,0,1,0,indira_gandhi_old_age,0.0,2,1,1,0
18,800000,other,male,general,secondary,0.5,0,0,pm_suraksha_bima,66.7,1,1,0,1
18,800000,other,male,general,secondary,0.5,0,0,pm_jeevan_jyoti,66.7,1,1,0,1
18,800000,other,male,general,secondary,0.5,0,0,mgnregs,66.7,2,1,0,1
18,800000,other,male,general,secondary,0.5,0,0,pm_kisan,0.0,2,2,1,0
18,800000,other,male,general,secondary,0.5,0,0,pm_fasal_bima,0.0,2,1,1,0
18,800000,other,male,general,secondary,0.5,0,0,kisan_credit_card,0.0,2,1,1,0
18,800000,other,male,general,secondary,0.5,0,0,pm_matru_vandana,0.0,1,2,1,0
18,800000,other,male,general,secondary,0.5,0,0,mahila_shakti_kendra,0.0,0,2,1,0
18,800000,other,male,general,secondary,0.5,0,0,national_scholarship_portal,0.0,1,3,1,0
18,800000,other,male,general,secondary,0.5,0,0,pm_scholarship_scheme,0.0,1,2,1,0
18,800000,other,male,general,secondary,0.5,0,0,ayushman_bharat,0.0,0,2,1,0
18,800000,other,male,general,secondary,0.5,0,0,pm_awas_yojana_gramin,0.0,2,2,1,0
18,800000,other,male,general,secondary,0.5,0,0,pm_mudra_yojana,0.0,2,1,1,0
18,800000,other,male,general,secondary,0.5,0,0,startup_india_seed_fund,0.0,1,1,1,0
18,800000,other,male,general,secondary,0.5,0,0,deen_dayal_disability,0.0,0,2,1,0
18,800000,other,male,general,secondary,0.5,0,0,post_matric_sc,0.0,0,3,1,0
18,800000,other,male,general,secondary,0.5,0,0,eklavya_model_school,0.0,1,2,1,0
18,800000,other,male,general,secondary,0.5,0,0,indira_gandhi_old_age,0.0,0,3,1,0
31,150000,other,female,obc,graduate,0.5,0,0,pm_matru_vandana,100.0,3,0,0,1
31,150000,other,female,obc,graduate,0.5,0,0,mahila_shakti_kendra,100.0,2,0,0,1
31,150000,other,female,obc,graduate,0.5,0,0,pm_suraksha_bima,100.0,2,0,0,1
31,150000,other,female,obc,graduate,0.5,0,0,pm_jeevan_jyoti,100.0,2,0,0,1
31,150000,other,female,obc,graduate,0.5,0,0,mgnregs,100.0,3,0,0,1
31,150000,other,female,obc,graduate,0.5,0,0,pm_kisan,0.0,3,1,1,0
31,150000,other,female,obc,graduate,0.5,0,0,pm_fasal_bima,0.0,2,1,1,0
31,150000,other,female,obc,graduate,0.5,0,0,kisan_credit_card,0.0,2,1,1,0
31,150000,other,female,obc,graduate,0.5,0,0,national_scholarship_portal,0.0,2,2,1,0
31,150000,other,female,obc,graduate,0.5,0,0,pm_scholarship_scheme,0.0,1,2,1,0
31,150000,other,female,obc,graduate,0.5,0,0,ayushman_bharat,0.0,0,2,1,0
31,150000,other,female,obc,graduate,0.5,0,0,pm_awas_yojana_gramin,0.0,3,1,1,0
31,150000,other,female,obc,graduate,0.5,0,0,pm_mudra_yojana,0.0,2,1,1,0
31,150000,other,female,obc,graduate,0.5,0,0,startup_india_seed_fund,0.0,1,1,1,0
31,150000,other,female,obc,graduate,0.5,0,0,deen_dayal_disability,0.0,1,1,1,0
31,150000,other,female,obc,graduate,0.5,0,0,post_matric_sc,0.0,1,2,1,0
31,150000,other,female,obc,graduate,0.5,0,0,eklavya_model_school,0.0,0,3,1,0
31,150000,other,female,obc,graduate,0.5,0,0,indira_gandhi_old_age,0.0,0,3,1,0
46,40000,self_employed,female,obc,secondary,2.5,0,0,pm_matru_vandana,100.0,3,0,0,1
46,40000,self_employed,female,obc,secondary,2.5,0,0,mahila_shakti_kendra,100.0,2,0,0,1
46,40000,self_employed,female,obc,secondary,2.5,0,0,pm_suraksha_bima,100.0,2,0,0,1
46,40000,self_employed,female,obc,secondary,2.5,0,0,pm_jeevan_jyoti,100.0,2,0,0,1
46,40000,self_employed,female,obc,secondary,2.5,0,0,mgnregs,100.0,3,0,0,1
46,40000,self_employed,female,obc,secondary,2.5,0,0,pm_mudra_yojana,100.0,3,0,0,1
46,40000,self_employed,female,obc,secondary,2.5,0,0,startup_india_seed_fund,100.0,2,0,0,1
46,40000,self_employed,female,obc,secondary,2.5,0,0,pm_kisan,0.0,3,1,1,0
46,40000,self_employed,female,obc,secondary,2.5,0,0,pm_fasal_bima,0.0,2,1,1,0
46,40000,self_employed,female,obc,secondary,2.5,0,0,kisan_credit_card,0.0,2,1,1,0
46,40000,self_employed,female,obc,secondary,2.5,0,0,national_scholarship_portal,0.0,2,2,1,0
46,40000,self_employed,female,obc,secondary,2.5,0,0,pm_scholarship_scheme,0.0,1,2,1,0
46,40000,self_employed,female,obc,secondary,2.5,0,0,ayushman_bharat,0.0,1,1,1,0
46,40000,self_employed,female,obc,secondary,2.5,0,0,pm_awas_yojana_gramin,0.0,3,1,1,0
46,40000,self_employed,female,obc,secondary,2.5,0,0,deen_dayal_disability,0.0,1,1,1,0
46,40000,self_employed,female,obc,secondary,2.5,0,0,post_matric_sc,0.0,1,2,1,0
46,40000,self_employed,female,obc,secondary,2.5,0,0,eklavya_model_school,0.0,0,3,1,0
46,40000,self_employed,female,obc,secondary,2.5,0,0,indira_gandhi_old_age,0.0,1,2,1,0
27,250000,other,female,st,none,5,1,1,pm_matru_vandana,100.0,3,0,0,0
27,250000,other,female,st,none,5,1,1,mahila_shakti_kendra,100.0,2,0,0,1
27,250000,other,female,st,none,5,1,1,pm_suraksha_bima,100.0,2,0,0,1
27,250000,other,female,st,none,5,1,1,pm_jeevan_jyoti,100.0,2,0,0,1
27,250000,other,female,st,none,5,1,1,deen_dayal_disability,100.0,2,0,0,1
27,250000,other,female,st,none,5,1,1,pm_awas_yojana_gramin,85.7,3,1,0,1
27,250000,other,female,st,none,5,1,1,mgnregs,66.7,2,1,0,0
27,250000,other,female,st,none,5,1,1,ayushman_bharat,60.0,1,1,0,1
27,250000,other,female,st,none,5,1,1,pm_kisan,0.0,2,2,1,0
27,250000,other,female,st,none,5,1,1,pm_fasal_bima,0.0,2,1,1,0
27,250000,other,female,st,none,5,1,1,kisan_credit_card,0.0,2,1,1,0
27,250000,other,female,st,none,5,1,1,national_scholarship_portal,0.0,3,1,1,0
27,250000,other,female,st,none,5,1,1,pm_scholarship_scheme,0.0,1,2,1,0
27,250000,other,female,st,none,5,1,1,pm_mudra_yojana,0.0,2,1,1,0
27,250000,other,female,st,none,5,1,1,startup_india_seed_fund,0.0,1,1,1,0
27,250000,other,female,st,none,5,1,1,post_matric_sc,0.0,1,2,1,0
27,250000,other,female,st,none,5,1,1,eklavya_model_school,0.0,1,2,1,0
27,250000,other,female,st,none,5,1,1,indira_gandhi_old_age,0.0,1,2,1,0
75,800000,unemployed,other,obc,secondary,0.5,1,0,indira_gandhi_old_age,75.0,2,1,0,0
75,800000,unemployed,other,obc,secondary,0.5,1,0,pm_awas_yojana_gramin,71.4,3,1,0,0
75,800000,unemployed,other,obc,secondary,0.5,1,0,mgnregs,66.7,2,1,0,0
75,800000,unemployed,other,obc,secondary,0.5,1,0,ayushman_bharat,60.0,1,1,0,1
75,800000,unemployed,other,obc,secondary,0.5,1,0,pm_kisan,0.0,2,2,1,0
75,800000,unemployed,other,obc,secondary,0.5,1,0,pm_fasal_bima,0.0,2,1,1,0
75,800000,unemployed,other,obc,secondary,0.5,1,0,kisan_credit_card,0.0,2,1,1,0
75,800000,unemployed,other,obc,secondary,0.5,1,0,pm_matru_vandana,0.0,2,1,1,0
75,800000,unemployed,other,obc,secondary,0.5,1,0,mahila_shakti_kendra,0.0,0,2,1,0
75,800000,unemployed,other,obc,secondary,0.5,1,0,national_scholarship_portal,0.0,1,3,1,0
75,800000,unemployed,other,obc,secondary,0.5,1,0,pm_scholarship_scheme,0.0,0,3,1,0
75,800000,unemployed,other,obc,secondary,0.5,1,0,pm_suraksha_bima,0.0,0,2,1,0
75,800000,unemployed,other,obc,secondary,0.5,1,0,pm_jeevan_jyoti,0.0,0,2,1,0
75,800000,unemployed,other,obc,secondary,0.5,1,0,pm_mudra_yojana,0.0,1,2,1,0
75,800000,unemployed,other,obc,secondary,0.5,1,0,startup_india_seed_fund,0.0,0,2,1,0
75,800000,unemployed,other,obc,secondary,0.5,1,0,deen_dayal_disability,0.0,0,2,1,0
75,800000,unemployed,other,obc,secondary,0.5,1,0,post_matric_sc,0.0,0,3,1,0
75,800000,unemployed,other,obc,secondary,0.5,1,0,eklavya_model_school,0.0,0,3,1,0
50,250000,unemployed,male,general,secondary,0,0,0,pm_suraksha_bima,100.0,2,0,0,1
50,250000,unemployed,male,general,secondary,0,0,0,pm_jeevan_jyoti,100.0,2,0,0,1
50,250000,unemployed,male,general,secondary,0,0,0,mgnregs,66.7,2,1,0,0
50,250000,unemployed,male,general,secondary,0,0,0,pm_kisan,0.0,2,2,1,0
50,250000,unemployed,male,general,secondary,0,0,0,pm_fasal_bima,0.0,1,2,1,0
50,250000,unemployed,male,general,secondary,0,0,0,kisan_credit_card,0.0,1,2,1,0
50,250000,unemployed,male,general,secondary,0,0,0,pm_matru_vandana,0.0,2,1,1,0
50,250000,unemployed,male,general,secondary,0,0,0,mahila_shakti_kendra,0.0,1,1,1,0
50,250000,unemployed,male,general,secondary,0,0,0,national_scholarship_portal,0.0,1,3,1,0
50,250000,unemployed,male,general,secondary,0,0,0,pm_scholarship_scheme,0.0,1,2,1,0
50,250000,unemployed,male,general,secondary,0,0,0,ayushman_bharat,0.0,0,2,1,0
50,250000,unemployed,male,general,secondary,0,0,0,pm_awas_yojana_gramin,0.0,3,1,1,0
50,250000,unemployed,male,general,secondary,0,0,0,pm_mudra_yojana,0.0,2,1,1,0
50,250000,unemployed,male,general,secondary,0,0,0,startup_india_seed_fund,0.0,1,1,1,0
50,250000,unemployed,male,general,secondary,0,0,0,deen_dayal_disability,0.0,1,1,1,0
50,250000,unemployed,male,general,secondary,0,0,0,post_matric_sc,0.0,1,2,1,0
50,250000,unemployed,male,general,secondary,0,0,0,eklavya_model_school,0.0,0,3,1,0
50,250000,unemployed,male,general,secondary,0,0,0,indira_gandhi_old_age,0.0,0,3,1,0
79,400000,daily_wage,female,st,secondary,0,1,0,pm_matru_vandana,100.0,3,0,0,1
79,400000,daily_wage,female,st,secondary,0,1,0,indira_gandhi_old_age,75.0,2,1,0,0
79,400000,daily_wage,female,st,secondary,0,1,0,pm_awas_yojana_gramin,71.4,3,1,0,1
79,400000,daily_wage,female,st,secondary,0,1,0,mgnregs,66.7,2,1,0,0
79,400000,daily_wage,female,st,secondary,0,1,0,mahila_shakti_kendra,60.0,1,1,0,0
79,400000,daily_wage,female,st,secondary,0,1,0,ayushman_bharat,60.0,1,1,0,0
79,400000,daily_wage,female,st,secondary,0,1,0,pm_kisan,0.0,2,2,1,0
79,400000,daily_wage,female,st,secondary,0,1,0,pm_fasal_bima,0.0,1,2,1,0
79,400000,daily_wage,female,st,secondary,0,1,0,kisan_credit_card,0.0,0,3,1,0
79,400000,daily_wage,female,st,secondary,0,1,0,national_scholarship_portal,0.0,1,3,1,0
79,400000,daily_wage,female,st,secondary,0,1,0,pm_scholarship_scheme,0.0,1,2,1,0
79,400000,daily_wage,female,st,secondary,0,1,0,pm_suraksha_bima,0.0,1,1,1,0
79,400000,daily_wage,female,st,secondary,0,1,0,pm_jeevan_jyoti,0.0,1,1,1,0
79,400000,daily_wage,female,st,secondary,0,1,0,pm_mudra_yojana,0.0,1,2,1,0
79,400000,daily_wage,female,st,secondary,0,1,0,startup_india_seed_fund,0.0,0,2,1,0
79,400000,daily_wage,female,st,secondary,0,1,0,deen_dayal_disability,0.0,0,2,1,0
79,400000,daily_wage,female,st,secondary,0,1,0,post_matric_sc,0.0,0,3,1,0
79,400000,daily_wage,female,st,secondary,0,1,0,eklavya_model_school,0.0,1,2,1,0
44,90000,daily_wage,male,sc,graduate,2.5,0,0,pm_suraksha_bima,100.0,2,0,0,1
44,90000,daily_wage,male,sc,graduate,2.5,0,0,pm_jeevan_jyoti,100.0,2,0,0,1
44,90000,daily_wage,male,sc,graduate,2.5,0,0,mgnregs,100.0,3,0,0,1
44,90000,daily_wage,male,sc,graduate,2.5,0,0,pm_kisan,0.0,3,1,1,0
44,90000,daily_wage,male,sc,graduate,2.5,0,0,pm_fasal_bima,0.0,2,1,1,0
44,90000,daily_wage,male,sc,graduate,2.5,0,0,kisan_credit_card,0.0,2,1,1,0
44,90000,daily_wage,male,sc,graduate,2.5,0,0,pm_matru_vandana,0.0,2,1,1,0
44,90000,daily_wage,male,sc,graduate,2.5,0,0,mahila_shakti_kendra,0.0,1,1,1,0
44,90000,daily_wage,male,sc,graduate,2.5,0,0,national_scholarship_portal,0.0,2,2,1,0
44,90000,daily_wage,male,sc,graduate,2.5,0,0,pm_scholarship_scheme,0.0,1,2,1,0
44,90000,daily_wage,male,sc,graduate,2.5,0,0,ayushman_bharat,0.0,1,1,1,0
44,90000,daily_wage,male,sc,graduate,2.5,0,0,pm_awas_yojana_gramin,0.0,3,1,1,0
44,90000,daily_wage,male,sc,graduate,2.5,0,0,pm_mudra_yojana,0.0,2,1,1,0
44,90000,daily_wage,male,sc,graduate,2.5,0,0,startup_india_seed_fund,0.0,1,1,1,0
44,90000,daily_wage,male,sc,graduate,2.5,0,0,deen_dayal_disability,0.0,1,1,1,0
44,90000,daily_wage,male,sc,graduate,2.5,0,0,post_matric_sc,0.0,2,1,1,0
44,90000,daily_wage,male,sc,graduate,2.5,0,0,eklavya_model_school,0.0,0,3,1,0
44,90000,daily_wage,male,sc,graduate,2.5,0,0,indira_gandhi_old_age,0.0,1,2,1,0
40,0,unemployed,other,sc,primary,5,1,0,ayushman_bharat,100.0,2,0,0,0
40,0,unemployed,other,sc,primary,5,1,0,pm_suraksha_bima,100.0,2,0,0,1
40,0,unemployed,other,sc,primary,5,1,0,pm_jeevan_jyoti,100.0,2,0,0,1
40,0,unemployed,other,sc,primary,5,1,0,mgnregs,100.0,3,0,0,1
40,0,unemployed,other,sc,primary,5,1,0,pm_awas_yojana_gramin,85.7,3,1,0,1
40,0,unemployed,other,sc,primary,5,1,0,pm_kisan,0.0,3,1,1,0
40,0,unemployed,other,sc,primary,5,1,0,pm_fasal_bima,0.0,2,1,1,0
40,0,unemployed,other,sc,primary,5,1,0,kisan_credit_card,0.0,2,1,1,0
40,0,unemployed,other,sc,primary,5,1,0,pm_matru_vandana,0.0,2,1,1,0
40,0,unemployed,other,sc,primary,5,1,0,mahila_shakti_kendra,0.0,1,1,1,0
40,0,unemployed,other,sc,primary,5,1,0,national_scholarship_portal,0.0,2,2,1,0
40,0,unemployed,other,sc,primary,5,1,0,pm_scholarship_scheme,0.0,1,2,1,0
40,0,unemployed,other,sc,primary,5,1,0,pm_mudra_yojana,0.0,2,1,1,0
40,0,unemployed,other,sc,primary,5,1,0,startup_india_seed_fund,0.0,1,1,1,0
40,0,unemployed,other,sc,primary,5,1,0,deen_dayal_disability,0.0,1,1,1,0
40,0,unemployed,other,sc,primary,5,1,0,post_matric_sc,0.0,2,1,1,0
40,0,unemployed,other,sc,primary,5,1,0,eklavya_model_school,0.0,0,3,1,0
40,0,unemployed,other,sc,primary,5,1,0,indira_gandhi_old_age,0.0,2,1,1,0
46,0,daily_wage,other,st,primary,1,0,0,pm_suraksha_bima,100.0,2,0,0,1
46,0,daily_wage,other,st,primary,1,0,0,pm_jeevan_jyoti,100.0,2,0,0,1
46,0,daily_wage,other,st,primary,1,0,0,mgnregs,100.0,3,0,0,1
46,0,daily_wage,other,st,primary,1,0,0,pm_kisan,0.0,3,1,1,0
46,0,daily_wage,other,st,primary,1,0,0,pm_fasal_bima,0.0,2,1,1,0
46,0,daily_wage,other,st,primary,1,0,0,kisan_credit_card,0.0,2,1,1,0
46,0,daily_wage,other,st,primary,1,0,0,pm_matru_vandana,0.0,2,1,1,0
46,0,daily_wage,other,st,primary,1,0,0,mahila_shakti_kendra,0.0,1,1,1,0
46,0,daily_wage,other,st,primary,1,0,0,national_scholarship_portal,0.0,2,2,1,0
46,0,daily_wage,other,st,primary,1,0,0,pm_scholarship_scheme,0.0,1,2,1,0
46,0,daily_wage,other,st,primary,1,0,0,ayushman_bharat,0.0,1,1,1,0
46,0,daily_wage,other,st,primary,1,0,0,pm_awas_yojana_gramin,0.0,3,1,1,0
46,0,daily_wage,other,st,primary,1,0,0,pm_mudra_yojana,0.0,2,1,1,0
46,0,daily_wage,other,st,primary,1,0,0,startup_india_seed_fund,0.0,1,1,1,0
46,0,daily_wage,other,st,primary,1,0,0,deen_dayal_disability,0.0,1,1,1,0
46,0,daily_wage,other,st,primary,1,0,0,post_matric_sc,0.0,1,2,1,0
46,0,daily_wage,other,st,primary,1,0,0,eklavya_model_school,0.0,1,2,1,0
46,0,daily_wage,other,st,primary,1,0,0,indira_gandhi_old_age,0.0,1,2,1,0
35,250000,salaried,female,obc,none,1,1,0,pm_matru_vandana,100.0,3,0,0,1
35,250000,salaried,female,obc,none,1,1,0,mahila_shakti_kendra,100.0,2,0,0,1
35,250000,salaried,female,obc,none,1,1,0,pm_suraksha_bima,100.0,2,0,0,1
35,250000,salaried,female,obc,none,1,1,0,pm_jeevan_jyoti,100.0,2,0,0,1
35,250000,salaried,female,obc,none,1,1,0,pm_awas_yojana_gramin,100.0,4,0,0,1
35,250000,salaried,female,obc,none,1,1,0,ayushman_bharat,60.0,1,1,0,0
35,250000,salaried,female,obc,none,1,1,0,mgnregs,33.3,1,2,0,1
35,250000,salaried,female,obc,none,1,1,0,pm_kisan,0.0,2,2,1,0
35,250000,salaried,female,obc,none,1,1,0,pm_fasal_bima,0.0,2,1,1,0
35,250000,salaried,female,obc,none,1,1,0,kisan_credit_card,0.0,2,1,1,0
35,250000,salaried,female,obc,none,1,1,0,national_scholarship_portal,0.0,2,2,1,0
35,250000,salaried,female,obc,none,1,1,0,pm_scholarship_scheme,0.0,1,2,1,0
35,250000,salaried,female,obc,none,1,1,0,pm_mudra_yojana,0.0,2,1,1,0
35,250000,salaried,female,obc,none,1,1,0,startup_india_seed_fund,0.0,1,1,1,0
35,250000,salaried,female,obc,none,1,1,0,deen_dayal_disability,0.0,1,1,1,0
35,250000,salaried,female,obc,none,1,1,0,post_matric_sc,0.0,1,2,1,0
35,250000,salaried,female,obc,none,1,1,0,eklavya_model_school,0.0,0,3,1,0
35,250000,salaried,female,obc,none,1,1,0,indira_gandhi_old_age,0.0,1,2,1,0
58,400000,daily_wage,female,general,secondary,2.5,0,0,pm_matru_vandana,100.0,3,0,0,1
58,400000,daily_wage,female,general,secondary,2.5,0,0,pm_suraksha_bima,100.0,2,0,0,1
58,400000,daily_wage,female,general,secondary,2.5,0,0,mgnregs,66.7,2,1,0,1
58,400000,daily_wage,female,general,secondary,2.5,0,0,mahila_shakti_kendra,60.0,1,1,0,1
58,400000,daily_wage,female,general,secondary,2.5,0,0,pm_kisan,0.0,2,2,1,0
58,400000,daily_wage,female,general,secondary,2.5,0,0,pm_fasal_bima,0.0,2,1,1,0
58,400000,daily_wage,female,general,secondary,2.5,0,0,kisan_credit_card,0.0,2,1,1,0
58,400000,daily_wage,female,general,secondary,2.5,0,0,national_scholarship_portal,0.0,0,4,1,0
58,400000,daily_wage,female,general,secondary,2.5,0,0,pm_scholarship_scheme,0.0,1,2,1,0
58,400000,daily_wage,female,general,secondary,2.5,0,0,ayushman_bharat,0.0,0,2,1,0
58,400000,daily_wage,female,general,secondary,2.5,0,0,pm_jeevan_jyoti,0.0,1,1,1,0
58,400000,daily_wage,female,general,secondary,2.5,0,0,pm_awas_yojana_gramin,0.0,2,2,1,0
58,400000,daily_wage,female,general,secondary,2.5,0,0,pm_mudra_yojana,0.0,2,1,1,0
58,400000,daily_wage,female,general,secondary,2.5,0,0,startup_india_seed_fund,0.0,0,2,1,0
58,400000,daily_wage,female,general,secondary,2.5,0,0,deen_dayal_disability,0.0,0,2,1,0
58,400000,daily_wage,female,general,secondary,2.5,0,0,post_matric_sc,0.0,0,3,1,0
58,400000,daily_wage,female,general,secondary,2.5,0,0,eklavya_model_school,0.0,0,3,1,0
58,400000,daily_wage,female,general,secondary,2.5,0,0,indira_gandhi_old_age,0.0,0,3,1,0
19,0,other,female,obc,primary,1,1,0,pm_matru_vandana,100.0,3,0,0,1
19,0,other,female,obc,primary,1,1,0,mahila_shakti_kendra,100.0,2,0,0,1
19,0,other,female,obc,primary,1,1,0,ayushman_bharat,100.0,2,0,0,0
19,0,other,female,obc,primary,1,1,0,pm_suraksha_bima,100.0,2,0,0,1
19,0,other,female,obc,primary,1,1,0,pm_jeevan_jyoti,100.0,2,0,0,1
19,0,other,female,obc,primary,1,1,0,pm_awas_yojana_gramin,100.0,4,0,0,1
19,0,other,female,obc,primary,1,1,0,mgnregs,100.0,3,0,0,1
19,0,other,female,obc,primary,1,1,0,pm_kisan,0.0,3,1,1,0
19,0,other,female,obc,primary,1,1,0,pm_fasal_bima,0.0,2,1,1,0
19,0,other,female,obc,primary,1,1,0,kisan_credit_card,0.0,2,1,1,0
19,0,other,female,obc,primary,1,1,0,national_scholarship_portal,0.0,3,1,1,0
19,0,other,female,obc,primary,1,1,0,pm_scholarship_scheme,0.0,2,1,1,0
19,0,other,female,obc,primary,1,1,0,pm_mudra_yojana,0.0,2,1,1,0
19,0,other,female,obc,primary,1,1,0,startup_india_seed_fund,0.0,1,1,1,0
19,0,other,female,obc,primary,1,1,0,deen_dayal_disability,0.0,1,1,1,0
19,0,other,female,obc,primary,1,1,0,post_matric_sc,0.0,1,2,1,0
19,0,other,female,obc,primary,1,1,0,eklavya_model_school,0.0,0,3,1,0
19,0,other,female,obc,primary,1,1,0,indira_gandhi_old_age,0.0,2,1,1,0
67,0,student,female,st,none,0.5,0,0,pm_matru_vandana,100.0,3,0,0,1
67,0,student,female,st,none,0.5,0,0,mahila_shakti_kendra,100.0,2,0,0,0
67,0,student,female,st,none,0.5,0,0,pm_suraksha_bima,100.0,2,0,0,1
67,0,student,female,st,none,0.5,0,0,national_scholarship_portal,87.5,3,1,0,1
67,0,student,female,st,none,0.5,0,0,pm_scholarship_scheme,83.3,2,1,0,1
67,0,student,female,st,none,0.5,0,0,eklavya_model_school,83.3,2,1,0,0
67,0,student,female,st,none,0.5,0,0,mgnregs,66.7,2,1,0,1
67,0,student,female,st,none,0.5,0,0,pm_kisan,0.0,3,1,1,0
67,0,student,female,st,none,0.5,0,0,pm_fasal_bima,0.0,2,1,1,0
67,0,student,female,st,none,0.5,0,0,kisan_credit_card,0.0,2,1,1,0
67,0,student,female,st,none,0.5,0,0,ayushman_bharat,0.0,1,1,1,0
67,0,student,female,st,none,0.5,0,0,pm_jeevan_jyoti,0.0,1,1,1,0
67,0,student,female,st,none,0.5,0,0,pm_awas_yojana_gramin,0.0,3,1,1,0
67,0,student,female,st,none,0.5,0,0,pm_mudra_yojana,0.0,1,2,1,0
67,0,student,female,st,none,0.5,0,0,startup_india_seed_fund,0.0,0,2,1,0
67,0,student,female,st,none,0.5,0,0,deen_dayal_disability,0.0,1,1,1,0
67,0,student,female,st,none,0.5,0,0,post_matric_sc,0.0,2,1,1,0
67,0,student,female,st,none,0.5,0,0,indira_gandhi_old_age,0.0,2,1,1,0
52,0,unemployed,male,st,primary,0,0,0,pm_suraksha_bima,100.0,2,0,0,1
52,0,unemployed,male,st,primary,0,0,0,mgnregs,100.0,3,0,0,1
52,0,unemployed,male,st,primary,0,0,0,pm_kisan,0.0,3,1,1,0
52,0,unemployed,male,st,primary,0,0,0,pm_fasal_bima,0.0,1,2,1,0
52,0,unemployed,male,st,primary,0,0,0,kisan_credit_card,0.0,1,2,1,0
52,0,unemployed,male,st,primary,0,0,0,pm_matru_vandana,0.0,2,1,1,0
52,0,unemployed,male,st,primary,0,0,0,mahila_shakti_kendra,0.0,1,1,1,0
52,0,unemployed,male,st,primary,0,0,0,national_scholarship_portal,0.0,2,2,1,0
52,0,unemployed,male,st,primary,0,0,0,pm_scholarship_scheme,0.0,1,2,1,0
52,0,unemployed,male,st,primary,0,0,0,ayushman_bharat,0.0,1,1,1,0
52,0,unemployed,male,st,primary,0,0,0,pm_jeevan_jyoti,0.0,1,1,1,0
52,0,unemployed,male,st,primary,0,0,0,pm_awas_yojana_gramin,0.0,3,1,1,0
52,0,unemployed,male,st,primary,0,0,0,pm_mudra_yojana,0.0,2,1,1,0
52,0,unemployed,male,st,primary,0,0,0,startup_india_seed_fund,0.0,0,2,1,0
52,0,unemployed,male,st,primary,0,0,0,deen_dayal_disability,0.0,1,1,1,0
52,0,unemployed,male,st,primary,0,0,0,post_matric_sc,0.0,1,2,1,0
52,0,unemployed,male,st,primary,0,0,0,eklavya_model_school,0.0,1,2,1,0
52,0,unemployed,male,st,primary,0,0,0,indira_gandhi_old_age,0.0,1,2,1,0
60,250000,student,female,general,primary,5,0,0,pm_matru_vandana,100.0,3,0,0,1
60,250000,student,female,general,primary,5,0,0,mahila_shakti_kendra,100.0,2,0,0,1
60,250000,student,female,general,primary,5,0,0,pm_suraksha_bima,100.0,2,0,0,1
60,250000,student,female,general,primary,5,0,0,pm_scholarship_scheme,83.3,2,1,0,1
60,250000,student,female,general,primary,5,0,0,national_scholarship_portal,62.5,2,2,0,1
60,250000,student,female,general,primary,5,0,0,mgnregs,33.3,1,2,0,1
60,250000,student,female,general,primary,5,0,0,pm_kisan,0.0,2,2,1,0
60,250000,student,female,general,primary,5,0,0,pm_fasal_bima,0.0,2,1,1,0
60,250000,student,female,general,primary,5,0,0,kisan_credit_card,0.0,2,1,1,0
60,250000,student,female,general,primary,5,0,0,ayushman_bharat,0.0,0,2,1,0
60,250000,student,female,general,primary,5,0,0,pm_jeevan_jyoti,0.0,1,1,1,0
60,250000,student,female,general,primary,5,0,0,pm_awas_yojana_gramin,0.0,2,2,1,0
60,250000,student,female,general,primary,5,0,0,pm_mudra_yojana,0.0,2,1,1,0
60,250000,student,female,general,primary,5,0,0,startup_india_seed_fund,0.0,0,2,1,0
60,250000,student,female,general,primary,5,0,0,deen_dayal_disability,0.0,1,1,1,0
60,250000,student,female,general,primary,5,0,0,post_matric_sc,0.0,2,1,1,0
60,250000,student,female,general,primary,5,0,0,eklavya_model_school,0.0,1,2,1,0
60,250000,student,female,general,primary,5,0,0,indira_gandhi_old_age,0.0,1,2,1,0
59,250000,unemployed,male,obc,postgraduate,2.5,0,0,pm_suraksha_bima,100.0,2,0,0,0
59,250000,unemployed,male,obc,postgraduate,2.5,0,0,mgnregs,66.7,2,1,0,1
59,250000,unemployed,male,obc,postgraduate,2.5,0,0,pm_kisan,0.0,2,2,1,0
59,250000,unemployed,male,obc,postgraduate,2.5,0,0,pm_fasal_bima,0.0,2,1,1,0
59,250000,unemployed,male,obc,postgraduate,2.5,0,0,kisan_credit_card,0.0,2,1,1,0
59,250000,unemployed,male,obc,postgraduate,2.5,0,0,pm_matru_vandana,0.0,2,1,1,0
59,250000,unemployed,male,obc,postgraduate,2.5,0,0,mahila_shakti_kendra,0.0,1,1,1,0
59,250000,unemployed,male,obc,postgraduate,2.5,0,0,national_scholarship_portal,0.0,2,2,1,0
59,250000,unemployed,male,obc,postgraduate,2.5,0,0,pm_scholarship_scheme,0.0,1,2,1,0
59,250000,unemployed,male,obc,postgraduate,2.5,0,0,ayushman_bharat,0.0,0,2,1,0
59,250000,unemployed,male,obc,postgraduate,2.5,0,0,pm_jeevan_jyoti,0.0,1,1,1,0
59,250000,unemployed,male,obc,postgraduate,2.5,0,0,pm_awas_yojana_gramin,0.0,3,1,1,0
59,250000,unemployed,male,obc,postgraduate,2.5,0,0,pm_mudra_yojana,0.0,2,1,1,0
59,250000,unemployed,male,obc,postgraduate,2.5,0,0,startup_india_seed_fund,0.0,0,2,1,0
59,250000,unemployed,male,obc,postgraduate,2.5,0,0,deen_dayal_disability,0.0,1,1,1,0
59,250000,unemployed,male,obc,postgraduate,2.5,0,0,post_matric_sc,0.0,1,2,1,0
59,250000,unemployed,male,obc,postgraduate,2.5,0,0,eklavya_model_school,0.0,0,3,1,0
59,250000,unemployed,male,obc,postgraduate,2.5,0,0,indira_gandhi_old_age,0.0,0,3,1,0
72,150000,self_employed,male,obc,secondary,0.5,0,0,mgnregs,100.0,3,0,0,1
72,150000,self_employed,male,obc,secondary,0.5,0,0,startup_india_seed_fund,75.0,1,1,0,1
72,150000,self_employed,male,obc,secondary,0.5,0,0,pm_kisan,0.0,3,1,1,0
72,150000,self_employed,male,obc,secondary,0.5,0,0,pm_fasal_bima,0.0,2,1,1,0
72,150000,self_employed,male,obc,secondary,0.5,0,0,kisan_credit_card,0.0,2,1,1,0
72,150000,self_employed,male,obc,secondary,0.5,0,0,pm_matru_vandana,0.0,2,1,1,0
72,150000,self_employed,male,obc,secondary,0.5,0,0,mahila_shakti_kendra,0.0,1,1,1,0
72,150000,self_employed,male,obc,secondary,0.5,0,0,national_scholarship_portal,0.0,2,2,1,0
72,150000,self_employed,male,obc,secondary,0.5,0,0,pm_scholarship_scheme,0.0,1,2,1,0
72,150000,self_employed,male,obc,secondary,0.5,0,0,ayushman_bharat,0.0,0,2,1,0
72,150000,self_employed,male,obc,secondary,0.5,0,0,pm_suraksha_bima,0.0,1,1,1,0
72,150000,self_employed,male,obc,secondary,0.5,0,0,pm_jeevan_jyoti,0.0,1,1,1,0
72,150000,self_employed,male,obc,secondary,0.5,0,0,pm_awas_yojana_gramin,0.0,3,1,1,0
72,150000,self_employed,male,obc,secondary,0.5,0,0,pm_mudra_yojana,0.0,2,1,1,0
72,150000,self_employed,male,obc,secondary,0.5,0,0,deen_dayal_disability,0.0,1,1,1,0
72,150000,self_employed,male,obc,secondary,0.5,0,0,post_matric_sc,0.0,1,2,1,0
72,150000,self_employed,male,obc,secondary,0.5,0,0,eklavya_model_school,0.0,0,3,1,0
72,150000,self_employed,male,obc,secondary,0.5,0,0,indira_gandhi_old_age,0.0,1,2,1,0
74,40000,daily_wage,other,general,primary,2.5,0,0,mgnregs,100.0,3,0,0,1
74,40000,daily_wage,other,general,primary,2.5,0,0,pm_kisan,0.0,3,1,1,0
74,40000,daily_wage,other,general,primary,2.5,0,0,pm_fasal_bima,0.0,2,1,1,0
74,40000,daily_wage,other,general,primary,2.5,0,0,kisan_credit_card,0.0,2,1,1,0
74,40000,daily_wage,other,general,primary,2.5,0,0,pm_matru_vandana,0.0,2,1,1,0
74,40000,daily_wage,other,general,primary,2.5,0,0,mahila_shakti_kendra,0.0,1,1,1,0
74,40000,daily_wage,other,general,primary,2.5,0,0,national_scholarship_portal,0.0,1,3,1,0
74,40000,daily_wage,other,general,primary,2.5,0,0,pm_scholarship_scheme,0.0,1,2,1,0
74,40000,daily_wage,other,general,primary,2.5,0,0,ayushman_bharat,0.0,1,1,1,0
74,40000,daily_wage,other,general,primary,2.5,0,0,pm_suraksha_bima,0.0,1,1,1,0
74,40000,daily_wage,other,general,primary,2.5,0,0,pm_jeevan_jyoti,0.0,1,1,1,0
74,40000,daily_wage,other,general,primary,2.5,0,0,pm_awas_yojana_gramin,0.0,3,1,1,0
74,40000,daily_wage,other,general,primary,2.5,0,0,pm_mudra_yojana,0.0,1,2,1,0
74,40000,daily_wage,other,general,primary,2.5,0,0,startup_india_seed_fund,0.0,0,2,1,0
74,40000,daily_wage,other,general,primary,2.5,0,0,deen_dayal_disability,0.0,1,1,1,0
74,40000,daily_wage,other,general,primary,2.5,0,0,post_matric_sc,0.0,1,2,1,0
74,40000,daily_wage,other,general,primary,2.5,0,0,eklavya_model_school,0.0,0,3,1,0
74,40000,daily_wage,other,general,primary,2.5,0,0,indira_gandhi_old_age,0.0,2,1,1,0
30,400000,unemployed,other,general,primary,2.5,0,0,pm_suraksha_bima,100.0,2,0,0,1
30,400000,unemployed,other,general,primary,2.5,0,0,pm_jeevan_jyoti,100.0,2,0,0,1
30,400000,unemployed,other,general,primary,2.5,0,0,mgnregs,66.7,2,1,0,1
30,400000,unemployed,other,general,primary,2.5,0,0,pm_kisan,0.0,2,2,1,0
30,400000,unemployed,other,general,primary,2.5,0,0,pm_fasal_bima,0.0,2,1,1,0
30,400000,unemployed,other,general,primary,2.5,0,0,kisan_credit_card,0.0,2,1,1,0
30,400000,unemployed,other,general,primary,2.5,0,0,pm_matru_vandana,0.0,2,1,1,0
30,400000,unemployed,other,general,primary,2.5,0,0,mahila_shakti_kendra,0.0,0,2,1,0
30,400000,unemployed,other,general,primary,2.5,0,0,national_scholarship_portal,0.0,1,3,1,0
30,400000,unemployed,other,general,primary,2.5,0,0,pm_scholarship_scheme,0.0,1,2,1,0
30,400000,unemployed,other,general,primary,2.5,0,0,ayushman_bharat,0.0,0,2,1,0
30,400000,unemployed,other,general,primary,2.5,0,0,pm_awas_yojana_gramin,0.0,2,2,1,0
30,400000,unemployed,other,general,primary,2.5,0,0,pm_mudra_yojana,0.0,2,1,1,0
30,400000,unemployed,other,general,primary,2.5,0,0,startup_india_seed_fund,0.0,1,1,1,0
30,400000,unemployed,other,general,primary,2.5,0,0,deen_dayal_disability,0.0,0,2,1,0
30,400000,unemployed,other,general,primary,2.5,0,0,post_matric_sc,0.0,0,3,1,0
30,400000,unemployed,other,general,primary,2.5,0,0,eklavya_model_school,0.0,0,3,1,0
30,400000,unemployed,other,general,primary,2.5,0,0,indira_gandhi_old_age,0.0,0,3,1,0
21,0,unemployed,other,obc,none,1,1,0,ayushman_bharat,100.0,2,0,0,1
21,0,unemployed,other,obc,none,1,1,0,pm_suraksha_bima,100.0,2,0,0,1
21,0,unemployed,other,obc,none,1,1,0,pm_jeevan_jyoti,100.0,2,0,0,1
21,0,unemployed,other,obc,none,1,1,0,pm_awas_yojana_gramin,100.0,4,0,0,1
21,0,unemployed,other,obc,none,1,1,0,mgnregs,100.0,3,0,0,1
21,0,unemployed,other,obc,none,1,1,0,pm_kisan,0.0,3,1,1,0
21,0,unemployed,other,obc,none,1,1,0,pm_fasal_bima,0.0,2,1,1,0
21,0,unemployed,other,obc,none,1,1,0,kisan_credit_card,0.0,2,1,1,0
21,0,unemployed,other,obc,none,1,1,0,pm_matru_vandana,0.0,2,1,1,0
21,0,unemployed,other,obc,none,1,1,0,mahila_shakti_kendra,0.0,1,1,1,0
21,0,unemployed,other,obc,none,1,1,0,national_scholarship_portal,0.0,3,1,1,0
21,0,unemployed,other,obc,none,1,1,0,pm_scholarship_scheme,0.0,2,1,1,0
21,0,unemployed,other,obc,none,1,1,0,pm_mudra_yojana,0.0,2,1,1,0
21,0,unemployed,other,obc,none,1,1,0,startup_india_seed_fund,0.0,1,1,1,0
21,0,unemployed,other,obc,none,1,1,0,deen_dayal_disability,0.0,1,1,1,0
21,0,unemployed,other,obc,none,1,1,0,post_matric_sc,0.0,1,2,1,0
21,0,unemployed,other,obc,none,1,1,0,eklavya_model_school,0.0,0,3,1,0
21,0,unemployed,other,obc,none,1,1,0,indira_gandhi_old_age,0.0,2,1,1,0
48,0,student,female,sc,secondary,0,0,0,pm_matru_vandana,100.0,3,0,0,1
48,0,student,female,sc,secondary,0,0,0,mahila_shakti_kendra,100.0,2,0,0,0
48,0,student,female,sc,secondary,0,0,0,pm_suraksha_bima,100.0,2,0,0,1
48,0,student,female,sc,secondary,0,0,0,pm_jeevan_jyoti,100.0,2,0,0,1
48,0,student,female,sc,secondary,0,0,0,post_matric_sc,100.0,3,0,0,1
48,0,student,female,sc,secondary,0,0,0,national_scholarship_portal,87.5,3,1,0,1
48,0,student,female,sc,secondary,0,0,0,pm_scholarship_scheme,83.3,2,1,0,1
48,0,student,female,sc,secondary,0,0,0,mgnregs,66.7,2,1,0,0
48,0,student,female,sc,secondary,0,0,0,pm_kisan,0.0,3,1,1,0
48,0,student,female,sc,secondary,0,0,0,pm_fasal_bima,0.0,1,2,1,0
48,0,student,female,sc,secondary,0,0,0,kisan_credit_card,0.0,1,2,1,0
48,0,student,female,sc,secondary,0,0,0,ayushman_bharat,0.0,1,1,1,0
48,0,student,female,sc,secondary,0,0,0,pm_awas_yojana_gramin,0.0,3,1,1,0
48,0,student,female,sc,secondary,0,0,0,pm_mudra_yojana,0.0,2,1,1,0
48,0,student,female,sc,secondary,0,0,0,startup_india_seed_fund,0.0,1,1,1,0
48,0,student,female,sc,secondary,0,0,0,deen_dayal_disability,0.0,1,1,1,0
48,0,student,female,sc,secondary,0,0,0,eklavya_model_school,0.0,1,2,1,0
48,0,student,female,sc,secondary,0,0,0,indira_gandhi_old_age,0.0,1,2,1,0
64,800000,student,other,sc,primary,2.5,1,0,indira_gandhi_old_age,75.0,2,1,0,0
64,800000,student,other,sc,primary,2.5,1,0,pm_awas_yojana_gramin,71.4,3,1,0,1
64,800000,student,other,sc,primary,2.5,1,0,post_matric_sc,71.4,2,1,0,0
64,800000,student,other,sc,primary,2.5,1,0,pm_suraksha_bima,66.7,1,1,0,1
64,800000,student,other,sc,primary,2.5,1,0,national_scholarship_portal,62.5,2,2,0,1
64,800000,student,other,sc,primary,2.5,1,0,ayushman_bharat,60.0,1,1,0,1
64,800000,student,other,sc,primary,2.5,1,0,pm_scholarship_scheme,50.0,1,2,0,1
64,800000,student,other,sc,primary,2.5,1,0,mgnregs,33.3,1,2,0,1
64,800000,student,other,sc,primary,2.5,1,0,pm_kisan,0.0,2,2,1,0
64,800000,student,other,sc,primary,2.5,1,0,pm_fasal_bima,0.0,2,1,1,0
64,800000,student,other,sc,primary,2.5,1,0,kisan_credit_card,0.0,2,1,1,0
64,800000,student,other,sc,primary,2.5,1,0,pm_matru_vandana,0.0,2,1,1,0
64,800000,student,other,sc,primary,2.5,1,0,mahila_shakti_kendra,0.0,0,2,1,0
64,800000,student,other,sc,primary,2.5,1,0,pm_jeevan_jyoti,0.0,0,2,1,0
64,800000,student,other,sc,primary,2.5,1,0,pm_mudra_yojana,0.0,2,1,1,0
64,800000,student,other,sc,primary,2.5,1,0,startup_india_seed_fund,0.0,0,2,1,0
64,800000,student,other,sc,primary,2.5,1,0,deen_dayal_disability,0.0,0,2,1,0
64,800000,student,other,sc,primary,2.5,1,0,eklavya_model_school,0.0,1,2,1,0
43,90000,student,other,general,secondary,0.5,0,0,pm_suraksha_bima,100.0,2,0,0,0
43,90000,student,other,general,secondary,0.5,0,0,pm_jeevan_jyoti,100.0,2,0,0,1
43,90000,student,other,general,secondary,0.5,0,0,pm_scholarship_scheme,83.3,2,1,0,1
43,90000,student,other,general,secondary,0.5,0,0,mgnregs,66.7,2,1,0,0
43,90000,student,other,general,secondary,0.5,0,0,national_scholarship_portal,62.5,2,2,0,1
43,90000,student,other,general,secondary,0.5,0,0,pm_kisan,0.0,3,1,1,0
43,90000,student,other,general,secondary,0.5,0,0,pm_fasal_bima,0.0,2,1,1,0
43,90000,student,other,general,secondary,0.5,0,0,kisan_credit_card,0.0,2,1,1,0
43,90000,student,other,general,secondary,0.5,0,0,pm_matru_vandana,0.0,2,1,1,0
43,90000,student,other,general,secondary,0.5,0,0,mahila_shakti_kendra,0.0,1,1,1,0
43,90000,student,other,general,secondary,0.5,0,0,ayushman_bharat,0.0,1,1,1,0
43,90000,student,other,general,secondary,0.5,0,0,pm_awas_yojana_gramin,0.0,3,1,1,0
43,90000,student,other,general,secondary,0.5,0,0,pm_mudra_yojana,0.0,2,1,1,0
43,90000,student,other,general,secondary,0.5,0,0,startup_india_seed_fund,0.0,1,1,1,0
43,90000,student,other,general,secondary,0.5,0,0,deen_dayal_disability,0.0,1,1,1,0
43,90000,student,other,general,secondary,0.5,0,0,post_matric_sc,0.0,2,1,1,0
43,90000,student,other,general,secondary,0.5,0,0,eklavya_model_school,0.0,1,2,1,0
43,90000,student,other,general,secondary,0.5,0,0,indira_gandhi_old_age,0.0,1,2,1,0
34,90000,salaried,female,general,primary,1,0,0,pm_matru_vandana,100.0,3,0,0,1
34,90000,salaried,female,general,primary,1,0,0,mahila_shakti_kendra,100.0,2,0,0,1
34,90000,salaried,female,general,primary,1,0,0,pm_suraksha_bima,100.0,2,0,0,1
34,90000,salaried,female,general,primary,1,0,0,pm_jeevan_jyoti,100.0,2,0,0,1
34,90000,salaried,female,general,primary,1,0,0,mgnregs,66.7,2,1,0,0
34,90000,salaried,female,general,primary,1,0,0,pm_kisan,0.0,3,1,1,0
34,90000,salaried,female,general,primary,1,0,0,pm_fasal_bima,0.0,2,1,1,0
34,90000,salaried,female,general,primary,1,0,0,kisan_credit_card,0.0,2,1,1,0
34,90000,salaried,female,general,primary,1,0,0,national_scholarship_portal,0.0,1,3,1,0
34,90000,salaried,female,general,primary,1,0,0,pm_scholarship_scheme,0.0,1,2,1,0
34,90000,salaried,female,general,primary,1,0,0,ayushman_bharat,0.0,1,1,1,0
34,90000,salaried,female,general,primary,1,0,0,pm_awas_yojana_gramin,0.0,3,1,1,0
34,90000,salaried,female,general,primary,1,0,0,pm_mudra_yojana,0.0,2,1,1,0
34,90000,salaried,female,general,primary,1,0,0,startup_india_seed_fund,0.0,1,1,1,0
34,90000,salaried,female,general,primary,1,0,0,deen_dayal_disability,0.0,1,1,1,0
34,90000,salaried,female,general,primary,1,0,0,post_matric_sc,0.0,1,2,1,0
34,90000,salaried,female,general,primary,1,0,0,eklavya_model_school,0.0,0,3,1,0
34,90000,salaried,female,general,primary,1,0,0,indira_gandhi_old_age,0.0,1,2,1,0
34,400000,farmer,female,sc,postgraduate,5,0,0,pm_fasal_bima,100.0,3,0,0,1
34,400000,farmer,female,sc,postgraduate,5,0,0,kisan_credit_card,100.0,3,0,0,1
34,400000,farmer,female,sc,postgraduate,5,0,0,pm_matru_vandana,100.0,3,0,0,1
34,400000,farmer,female,sc,postgraduate,5,0,0,pm_suraksha_bima,100.0,2,0,0,1
34,400000,farmer,female,sc,postgraduate,5,0,0,pm_jeevan_jyoti,100.0,2,0,0,1
34,400000,farmer,female,sc,postgraduate,5,0,0,pm_kisan,75.0,3,1,0,1
34,400000,farmer,female,sc,postgraduate,5,0,0,mgnregs,66.7,2,1,0,1
34,400000,farmer,female,sc,postgraduate,5,0,0,mahila_shakti_kendra,60.0,1,1,0,0
34,400000,farmer,female,sc,postgraduate,5,0,0,national_scholarship_portal,0.0,1,3,1,0
34,400000,farmer,female,sc,postgraduate,5,0,0,pm_scholarship_scheme,0.0,1,2,1,0
34,400000,farmer,female,sc,postgraduate,5,0,0,ayushman_bharat,0.0,0,2,1,0
34,400000,farmer,female,sc,postgraduate,5,0,0,pm_awas_yojana_gramin,0.0,1,3,1,0
34,400000,farmer,female,sc,postgraduate,5,0,0,pm_mudra_yojana,0.0,2,1,1,0
34,400000,farmer,female,sc,postgraduate,5,0,0,startup_india_seed_fund,0.0,1,1,1,0
34,400000,farmer,female,sc,postgraduate,5,0,0,deen_dayal_disability,0.0,0,2,1,0
34,400000,farmer,female,sc,postgraduate,5,0,0,post_matric_sc,0.0,1,2,1,0
34,400000,farmer,female,sc,postgraduate,5,0,0,eklavya_model_school,0.0,0,3,1,0
34,400000,farmer,female,sc,postgraduate,5,0,0,indira_gandhi_old_age,0.0,0,3,1,0
54,40000,daily_wage,male,obc,secondary,1,1,0,ayushman_bharat,100.0,2,0,0,1
54,40000,daily_wage,male,obc,secondary,1,1,0,pm_suraksha_bima,100.0,2,0,0,1
54,40000,daily_wage,male,obc,secondary,1,1,0,pm_awas_yojana_gramin,100.0,4,0,0,0
54,40000,daily_wage,male,obc,secondary,1,1,0,mgnregs,100.0,3,0,0,1
54,40000,daily_wage,male,obc,secondary,1,1,0,pm_kisan,0.0,3,1,1,0
54,40000,daily_wage,male,obc,secondary,1,1,0,pm_fasal_bima,0.0,2,1,1,0
54,40000,daily_wage,male,obc,secondary,1,1,0,kisan_credit_card,0.0,2,1,1,0
54,40000,daily_wage,male,obc,secondary,1,1,0,pm_matru_vandana,0.0,2,1,1,0
54,40000,daily_wage,male,obc,secondary,1,1,0,mahila_shakti_kendra,0.0,1,1,1,0
54,40000,daily_wage,male,obc,secondary,1,1,0,national_scholarship_portal,0.0,2,2,1,0
54,40000,daily_wage,male,obc,secondary,1,1,0,pm_scholarship_scheme,0.0,1,2,1,0
54,40000,daily_wage,male,obc,secondary,1,1,0,pm_jeevan_jyoti,0.0,1,1,1,0
54,40000,daily_wage,male,obc,secondary,1,1,0,pm_mudra_yojana,0.0,2,1,1,0
54,40000,daily_wage,male,obc,secondary,1,1,0,startup_india_seed_fund,0.0,0,2,1,0
54,40000,daily_wage,male,obc,secondary,1,1,0,deen_dayal_disability,0.0,1,1,1,0
54,40000,daily_wage,male,obc,secondary,1,1,0,post_matric_sc,0.0,1,2,1,0
54,40000,daily_wage,male,obc,secondary,1,1,0,eklavya_model_school,0.0,0,3,1,0
54,40000,daily_wage,male,obc,secondary,1,1,0,indira_gandhi_old_age,0.0,2,1,1,0
70,400000,other,male,st,none,0.5,1,0,pm_suraksha_bima,100.0,2,0,0,1
70,400000,other,male,st,none,0.5,1,0,indira_gandhi_old_age,75.0,2,1,0,1
70,400000,other,male,st,none,0.5,1,0,pm_awas_yojana_gramin,71.4,3,1,0,0
70,400000,other,male,st,none,0.5,1,0,mgnregs,66.7,2,1,0,1
70,400000,other,male,st,none,0.5,1,0,ayushman_bharat,60.0,1,1,0,1
70,400000,other,male,st,none,0.5,1,0,pm_kisan,0.0,2,2,1,0
70,400000,other,male,st,none,0.5,1,0,pm_fasal_bima,0.0,2,1,1,0
70,400000,other,male,st,none,0.5,1,0,kisan_credit_card,0.0,2,1,1,0
70,400000,other,male,st,none,0.5,1,0,pm_matru_vandana,0.0,2,1,1,0
70,400000,other,male,st,none,0.5,1,0,mahila_shakti_kendra,0.0,0,2,1,0
70,400000,other,male,st,none,0.5,1,0,national_scholarship_portal,0.0,1,3,1,0
70,400000,other,male,st,none,0.5,1,0,pm_scholarship_scheme,0.0,1,2,1,0
70,400000,other,male,st,none,0.5,1,0,pm_jeevan_jyoti,0.0,1,1,1,0
70,400000,other,male,st,none,0.5,1,0,pm_mudra_yojana,0.0,1,2,1,0
70,400000,other,male,st,none,0.5,1,0,startup_india_seed_fund,0.0,0,2,1,0
70,400000,other,male,st,none,0.5,1,0,deen_dayal_disability,0.0,0,2,1,0
70,400000,other,male,st,none,0.5,1,0,post_matric_sc,0.0,0,3,1,0
70,400000,other,male,st,none,0.5,1,0,eklavya_model_school,0.0,1,2,1,0
23,40000,daily_wage,male,general,primary,5,1,0,ayushman_bharat,100.0,2,0,0,1
23,40000,daily_wage,male,general,primary,5,1,0,pm_suraksha_bima,100.0,2,0,0,1
23,40000,daily_wage,male,general,primary,5,1,0,pm_jeevan_jyoti,100.0,2,0,0,1
23,40000,daily_wage,male,general,primary,5,1,0,mgnregs,100.0,3,0,0,1
23,40000,daily_wage,male,general,primary,5,1,0,pm_awas_yojana_gramin,85.7,3,1,0,1
23,40000,daily_wage,male,general,primary,5,1,0,pm_kisan,0.0,3,1,1,0
23,40000,daily_wage,male,general,primary,5,1,0,pm_fasal_bima,0.0,2,1,1,0
23,40000,daily_wage,male,general,primary,5,1,0,kisan_credit_card,0.0,2,1,1,0
23,40000,daily_wage,male,general,primary,5,1,0,pm_matru_vandana,0.0,2,1,1,0
23,40000,daily_wage,male,general,primary,5,1,0,mahila_shakti_kendra,0.0,1,1,1,0
23,40000,daily_wage,male,general,primary,5,1,0,national_scholarship_portal,0.0,2,2,1,0
23,40000,daily_wage,male,general,primary,5,1,0,pm_scholarship_scheme,0.0,2,1,1,0
23,40000,daily_wage,male,general,primary,5,1,0,pm_mudra_yojana,0.0,2,1,1,0
23,40000,daily_wage,male,general,primary,5,1,0,startup_india_seed_fund,0.0,1,1,1,0
23,40000,daily_wage,male,general,primary,5,1,0,deen_dayal_disability,0.0,1,1,1,0
23,40000,daily_wage,male,general,primary,5,1,0,post_matric_sc,0.0,1,2,1,0
23,40000,daily_wage,male,general,primary,5,1,0,eklavya_model_school,0.0,0,3,1,0
23,40000,daily_wage,male,general,primary,5,1,0,indira_gandhi_old_age,0.0,2,1,1,0
59,40000,farmer,female,general,postgraduate,5,1,0,pm_kisan,100.0,4,0,0,1
59,40000,farmer,female,general,postgraduate,5,1,0,pm_fasal_bima,100.0,3,0,0,0
59,40000,farmer,female,general,postgraduate,5,1,0,kisan_credit_card,100.0,3,0,0,0
59,40000,farmer,female,general,postgraduate,5,1,0,pm_matru_vandana,100.0,3,0,0,1
59,40000,farmer,female,general,postgraduate,5,1,0,mahila_shakti_kendra,100.0,2,0,0,1
59,40000,farmer,female,general,postgraduate,5,1,0,ayushman_bharat,100.0,2,0,0,1
59,40000,farmer,female,general,postgraduate,5,1,0,pm_suraksha_bima,100.0,2,0,0,1
59,40000,farmer,female,general,postgraduate,5,1,0,mgnregs,100.0,3,0,0,0
59,40000,farmer,female,general,postgraduate,5,1,0,pm_awas_yojana_gramin,85.7,3,1,0,1
59,40000,farmer,female,general,postgraduate,5,1,0,national_scholarship_portal,0.0,1,3,1,0
59,40000,farmer,female,general,postgraduate,5,1,0,pm_scholarship_scheme,0.0,1,2,1,0
59,40000,farmer,female,general,postgraduate,5,1,0,pm_jeevan_jyoti,0.0,1,1,1,0
59,40000,farmer,female,general,postgraduate,5,1,0,pm_mudra_yojana,0.0,2,1,1,0
59,40000,farmer,female,general,postgraduate,5,1,0,startup_india_seed_fund,0.0,0,2,1,0
59,40000,farmer,female,general,postgraduate,5,1,0,deen_dayal_disability,0.0,1,1,1,0
59,40000,farmer,female,general,postgraduate,5,1,0,post_matric_sc,0.0,1,2,1,0
59,40000,farmer,female,general,postgraduate,5,1,0,eklavya_model_school,0.0,0,3,1,0
59,40000,farmer,female,general,postgraduate,5,1,0,indira_gandhi_old_age,0.0,2,1,1,0
35,400000,daily_wage,other,sc,none,5,1,0,pm_suraksha_bima,100.0,2,0,0,1
35,400000,daily_wage,other,sc,none,5,1,0,pm_jeevan_jyoti,100.0,2,0,0,1
35,400000,daily_wage,other,sc,none,5,1,0,mgnregs,66.7,2,1,0,1
35,400000,daily_wage,other,sc,none,5,1,0,ayushman_bharat,60.0,1,1,0,1
35,400000,daily_wage,other,sc,none,5,1,0,pm_awas_yojana_gramin,57.1,2,2,0,0
35,400000,daily_wage,other,sc,none,5,1,0,pm_kisan,0.0,2,2,1,0
35,400000,daily_wage,other,sc,none,5,1,0,pm_fasal_bima,0.0,2,1,1,0
35,400000,daily_wage,other,sc,none,5,1,0,kisan_credit_card,0.0,2,1,1,0
35,400000,daily_wage,other,sc,none,5,1,0,pm_matru_vandana,0.0,2,1,1,0
35,400000,daily_wage,other,sc,none,5,1,0,mahila_shakti_kendra,0.0,0,2,1,0
35,400000,daily_wage,other,sc,none,5,1,0,national_scholarship_portal,0.0,1,3,1,0
35,400000,daily_wage,other,sc,none,5,1,0,pm_scholarship_scheme,0.0,1,2,1,0
35,400000,daily_wage,other,sc,none,5,1,0,pm_mudra_yojana,0.0,2,1,1,0
35,400000,daily_wage,other,sc,none,5,1,0,startup_india_seed_fund,0.0,1,1,1,0
35,400000,daily_wage,other,sc,none,5,1,0,deen_dayal_disability,0.0,0,2,1,0
35,400000,daily_wage,other,sc,none,5,1,0,post_matric_sc,0.0,1,2,1,0
35,400000,daily_wage,other,sc,none,5,1,0,eklavya_model_school,0.0,0,3,1,0
35,400000,daily_wage,other,sc,none,5,1,0,indira_gandhi_old_age,0.0,1,2,1,0
62,40000,unemployed,male,st,postgraduate,0,0,0,pm_suraksha_bima,100.0,2,0,0,1
62,40000,unemployed,male,st,postgraduate,0,0,0,mgnregs,100.0,3,0,0,1
62,40000,unemployed,male,st,postgraduate,0,0,0,pm_kisan,0.0,3,1,1,0
62,40000,unemployed,male,st,postgraduate,0,0,0,pm_fasal_bima,0.0,1,2,1,0
62,40000,unemployed,male,st,postgraduate,0,0,0,kisan_credit_card,0.0,1,2,1,0
62,40000,unemployed,male,st,postgraduate,0,0,0,pm_matru_vandana,0.0,2,1,1,0
62,40000,unemployed,male,st,postgraduate,0,0,0,mahila_shakti_kendra,0.0,1,1,1,0
62,40000,unemployed,male,st,postgraduate,0,0,0,national_scholarship_portal,0.0,2,2,1,0
62,40000,unemployed,male,st,postgraduate,0,0,0,pm_scholarship_scheme,0.0,1,2,1,0
62,40000,unemployed,male,st,postgraduate,0,0,0,ayushman_bharat,0.0,1,1,1,0
62,40000,unemployed,male,st,postgraduate,0,0,0,pm_jeevan_jyoti,0.0,1,1,1,0
62,40000,unemployed,male,st,postgraduate,0,0,0,pm_awas_yojana_gramin,0.0,3,1,1,0
62,40000,unemployed,male,st,postgraduate,0,0,0,pm_mudra_yojana,0.0,2,1,1,0
62,40000,unemployed,male,st,postgraduate,0,0,0,startup_india_seed_fund,0.0,0,2,1,0
62,40000,unemployed,male,st,postgraduate,0,0,0,deen_dayal_disability,0.0,1,1,1,0
62,40000,unemployed,male,st,postgraduate,0,0,0,post_matric_sc,0.0,1,2,1,0
62,40000,unemployed,male,st,postgraduate,0,0,0,eklavya_model_school,0.0,1,2,1,0
62,40000,unemployed,male,st,postgraduate,0,0,0,indira_gandhi_old_age,0.0,2,1,1,0
35,40000,other,other,obc,graduate,1,0,0,pm_suraksha_bima,100.0,2,0,0,1
35,40000,other,other,obc,graduate,1,0,0,pm_jeevan_jyoti,100.0,2,0,0,1
35,40000,other,other,obc,graduate,1,0,0,mgnregs,100.0,3,0,0,0
35,40000,other,other,obc,graduate,1,0,0,pm_kisan,0.0,3,1,1,0
35,40000,other,other,obc,graduate,1,0,0,pm_fasal_bima,0.0,2,1,1,0
35,40000,other,other,obc,graduate,1,0,0,kisan_credit_card,0.0,2,1,1,0
35,40000,other,other,obc,graduate,1,0,0,pm_matru_vandana,0.0,2,1,1,0
35,40000,other,other,obc,graduate,1,0,0,mahila_shakti_kendra,0.0,1,1,1,0
35,40000,other,other,obc,graduate,1,0,0,national_scholarship_portal,0.0,2,2,1,0
35,40000,other,other,obc,graduate,1,0,0,pm_scholarship_scheme,0.0,1,2,1,0
35,40000,other,other,obc,graduate,1,0,0,ayushman_bharat,0.0,1,1,1,0
35,40000,other,other,obc,graduate,1,0,0,pm_awas_yojana_gramin,0.0,3,1,1,0
35,40000,other,other,obc,graduate,1,0,0,pm_mudra_yojana,0.0,2,1,1,0
35,40000,other,other,obc,graduate,1,0,0,startup_india_seed_fund,0.0,1,1,1,0
35,40000,other,other,obc,graduate,1,0,0,deen_dayal_disability,0.0,1,1,1,0
35,40000,other,other,obc,graduate,1,0,0,post_matric_sc,0.0,1,2,1,0
35,40000,other,other,obc,graduate,1,0,0,eklavya_model_school,0.0,0,3,1,0
35,40000,other,other,obc,graduate,1,0,0,indira_gandhi_old_age,0.0,1,2,1,0
29,400000,unemployed,male,general,graduate,1,1,0,pm_suraksha_bima,100.0,2,0,0,1
29,400000,unemployed,male,general,graduate,1,1,0,pm_jeevan_jyoti,100.0,2,0,0,1
29,400000,unemployed,male,general,graduate,1,1,0,pm_awas_yojana_gramin,71.4,3,1,0,1
29,400000,unemployed,male,general,graduate,1,1,0,mgnregs,66.7,2,1,0,1
29,400000,unemployed,male,general,graduate,1,1,0,ayushman_bharat,60.0,1,1,0,1
29,400000,unemployed,male,general,graduate,1,1,0,pm_kisan,0.0,2,2,1,0
29,400000,unemployed,male,general,graduate,1,1,0,pm_fasal_bima,0.0,2,1,1,0
29,400000,unemployed,male,general,graduate,1,1,0,kisan_credit_card,0.0,2,1,1,0
29,400000,unemployed,male,general,graduate,1,1,0,pm_matru_vandana,0.0,2,1,1,0
29,400000,unemployed,male,general,graduate,1,1,0,mahila_shakti_kendra,0.0,0,2,1,0
29,400000,unemployed,male,general,graduate,1,1,0,national_scholarship_portal,0.0,1,3,1,0
29,400000,unemployed,male,general,graduate,1,1,0,pm_scholarship_scheme,0.0,1,2,1,0
29,400000,unemployed,male,general,graduate,1,1,0,pm_mudra_yojana,0.0,2,1,1,0
29,400000,unemployed,male,general,graduate,1,1,0,startup_india_seed_fund,0.0,1,1,1,0
29,400000,unemployed,male,general,graduate,1,1,0,deen_dayal_disability,0.0,0,2,1,0
29,400000,unemployed,male,general,graduate,1,1,0,post_matric_sc,0.0,0,3,1,0
29,400000,unemployed,male,general,graduate,1,1,0,eklavya_model_school,0.0,0,3,1,0
29,400000,unemployed,male,general,graduate,1,1,0,indira_gandhi_old_age,0.0,1,2,1,0
54,150000,student,other,obc,secondary,1,0,0,pm_suraksha_bima,100.0,2,0,0,1
54,150000,student,other,obc,secondary,1,0,0,national_scholarship_portal,87.5,3,1,0,1
54,150000,student,other,obc,secondary,1,0,0,pm_scholarship_scheme,83.3,2,1,0,1
54,150000,student,other,obc,secondary,1,0,0,mgnregs,66.7,2,1,0,1
54,150000,student,other,obc,secondary,1,0,0,pm_kisan,0.0,3,1,1,0
54,150000,student,other,obc,secondary,1,0,0,pm_fasal_bima,0.0,2,1,1,0
54,150000,student,other,obc,secondary,1,0,0,kisan_credit_card,0.0,2,1,1,0
54,150000,student,other,obc,secondary,1,0,0,pm_matru_vandana,0.0,2,1,1,0
54,150000,student,other,obc,secondary,1,0,0,mahila_shakti_kendra,0.0,1,1,1,0
54,150000,student,other,obc,secondary,1,0,0,ayushman_bharat,0.0,0,2,1,0
54,150000,student,other,obc,secondary,1,0,0,pm_jeevan_jyoti,0.0,1,1,1,0
54,150000,student,other,obc,secondary,1,0,0,pm_awas_yojana_gramin,0.0,3,1,1,0
54,150000,student,other,obc,secondary,1,0,0,pm_mudra_yojana,0.0,2,1,1,0
54,150000,student,other,obc,secondary,1,0,0,startup_india_seed_fund,0.0,0,2,1,0
54,150000,student,other,obc,secondary,1,0,0,deen_dayal_disability,0.0,1,1,1,0
54,150000,student,other,obc,secondary,1,0,0,post_matric_sc,0.0,2,1,1,0
54,150000,student,other,obc,secondary,1,0,0,eklavya_model_school,0.0,1,2,1,0
54,150000,student,other,obc,secondary,1,0,0,indira_gandhi_old_age,0.0,0,3,1,0
22,800000,student,other,sc,secondary,2.5,1,0,national_scholarship_portal,75.0,3,1,0,1
22,800000,student,other,sc,secondary,2.5,1,0,pm_awas_yojana_gramin,71.4,3,1,0,1
22,800000,student,other,sc,secondary,2.5,1,0,post_matric_sc,71.4,2,1,0,1
22,800000,student,other,sc,secondary,2.5,1,0,pm_scholarship_scheme,66.7,2,1,0,1
22,800000,student,other,sc,secondary,2.5,1,0,pm_suraksha_bima,66.7,1,1,0,0
22,800000,student,other,sc,secondary,2.5,1,0,pm_jeevan_jyoti,66.7,1,1,0,1
22,800000,student,other,sc,secondary,2.5,1,0,ayushman_bharat,60.0,1,1,0,1
22,800000,student,other,sc,secondary,2.5,1,0,mgnregs,33.3,1,2,0,0
22,800000,student,other,sc,secondary,2.5,1,0,pm_kisan,0.0,2,2,1,0
22,800000,student,other,sc,secondary,2.5,1,0,pm_fasal_bima,0.0,2,1,1,0
22,800000,student,other,sc,secondary,2.5,1,0,kisan_credit_card,0.0,2,1,1,0
22,800000,student,other,sc,secondary,2.5,1,0,pm_matru_vandana,0.0,2,1,1,0
22,800000,student,other,sc,secondary,2.5,1,0,mahila_shakti_kendra,0.0,0,2,1,0
22,800000,student,other,sc,secondary,2.5,1,0,pm_mudra_yojana,0.0,2,1,1,0
22,800000,student,other,sc,secondary,2.5,1,0,startup_india_seed_fund,0.0,1,1,1,0
22,800000,student,other,sc,secondary,2.5,1,0,deen_dayal_disability,0.0,0,2,1,0
22,800000,student,other,sc,secondary,2.5,1,0,eklavya_model_school,0.0,1,2,1,0
22,800000,student,other,sc,secondary,2.5,1,0,indira_gandhi_old_age,0.0,1,2,1,0
20,250000,student,male,general,graduate,0.5,0,0,pm_scholarship_scheme,100.0,3,0,0,1
20,250000,student,male,general,graduate,0.5,0,0,pm_suraksha_bima,100.0,2,0,0,1
20,250000,student,male,general,graduate,0.5,0,0,pm_jeevan_jyoti,100.0,2,0,0,1
20,250000,student,male,general,graduate,0.5,0,0,national_scholarship_portal,75.0,3,1,0,1
20,250000,student,male,general,graduate,0.5,0,0,mgnregs,33.3,1,2,0,1
20,250000,student,male,general,graduate,0.5,0,0,pm_kisan,0.0,2,2,1,0
20,250000,student,male,general,graduate,0.5,0,0,pm_fasal_bima,0.0,2,1,1,0
20,250000,student,male,general,graduate,0.5,0,0,kisan_credit_card,0.0,2,1,1,0
20,250000,student,male,general,graduate,0.5,0,0,pm_matru_vandana,0.0,2,1,1,0
20,250000,student,male,general,graduate,0.5,0,0,mahila_shakti_kendra,0.0,1,1,1,0
20,250000,student,male,general,graduate,0.5,0,0,ayushman_bharat,0.0,0,2,1,0
20,250000,student,male,general,graduate,0.5,0,0,pm_awas_yojana_gramin,0.0,3,1,1,0
20,250000,student,male,general,graduate,0.5,0,0,pm_mudra_yojana,0.0,2,1,1,0
20,250000,student,male,general,graduate,0.5,0,0,startup_india_seed_fund,0.0,1,1,1,0
20,250000,student,male,general,graduate,0.5,0,0,deen_dayal_disability,0.0,1,1,1,0
20,250000,student,male,general,graduate,0.5,0,0,post_matric_sc,0.0,2,1,1,0
20,250000,student,male,general,graduate,0.5,0,0,eklavya_model_school,0.0,1,2,1,0
20,250000,student,male,general,graduate,0.5,0,0,indira_gandhi_old_age,0.0,0,3,1,0
34,400000,unemployed,other,general,primary,2.5,0,1,pm_suraksha_bima,100.0,2,0,0,1
34,400000,unemployed,other,general,primary,2.5,0,1,pm_jeevan_jyoti,100.0,2,0,0,1
34,400000,unemployed,other,general,primary,2.5,0,1,mgnregs,66.7,2,1,0,1
34,400000,unemployed,other,general,primary,2.5,0,1,deen_dayal_disability,60.0,1,1,0,1
34,400000,unemployed,other,general,primary,2.5,0,1,pm_kisan,0.0,2,2,1,0
34,400000,unemployed,other,general,primary,2.5,0,1,pm_fasal_bima,0.0,2,1,1,0
34,400000,unemployed,other,general,primary,2.5,0,1,kisan_credit_card,0.0,2,1,1,0
34,400000,unemployed,other,general,primary,2.5,0,1,pm_matru_vandana,0.0,2,1,1,0
34,400000,unemployed,other,general,primary,2.5,0,1,mahila_shakti_kendra,0.0,0,2,1,0
34,400000,unemployed,other,general,primary,2.5,0,1,national_scholarship_portal,0.0,0,4,1,0
34,400000,unemployed,other,general,primary,2.5,0,1,pm_scholarship_scheme,0.0,1,2,1,0
34,400000,unemployed,other,general,primary,2.5,0,1,ayushman_bharat,0.0,0,2,1,0
34,400000,unemployed,other,general,primary,2.5,0,1,pm_awas_yojana_gramin,0.0,2,2,1,0
34,400000,unemployed,other,general,primary,2.5,0,1,pm_mudra_yojana,0.0,2,1,1,0
34,400000,unemployed,other,general,primary,2.5,0,1,startup_india_seed_fund,0.0,1,1,1,0
34,400000,unemployed,other,general,primary,2.5,0,1,post_matric_sc,0.0,0,3,1,0
34,400000,unemployed,other,general,primary,2.5,0,1,eklavya_model_school,0.0,0,3,1,0
34,400000,unemployed,other,general,primary,2.5,0,1,indira_gandhi_old_age,0.0,0,3,1,0
62,90000,farmer,female,general,graduate,5,1,0,pm_kisan,100.0,4,0,0,1
62,90000,farmer,female,general,graduate,5,1,0,pm_fasal_bima,100.0,3,0,0,1
62,90000,farmer,female,general,graduate,5,1,0,kisan_credit_card,100.0,3,0,0,1
62,90000,farmer,female,general,graduate,5,1,0,pm_matru_vandana,100.0,3,0,0,1
62,90000,farmer,female,general,graduate,5,1,0,mahila_shakti_kendra,100.0,2,0,0,0
62,90000,farmer,female,general,graduate,5,1,0,ayushman_bharat,100.0,2,0,0,1
62,90000,farmer,female,general,graduate,5,1,0,pm_suraksha_bima,100.0,2,0,0,1
62,90000,farmer,female,general,graduate,5,1,0,mgnregs,100.0,3,0,0,1
62,90000,farmer,female,general,graduate,5,1,0,indira_gandhi_old_age,100.0,3,0,0,1
62,90000,farmer,female,general,graduate,5,1,0,pm_awas_yojana_gramin,85.7,3,1,0,0
62,90000,farmer,female,general,graduate,5,1,0,national_scholarship_portal,0.0,1,3,1,0
62,90000,farmer,female,general,graduate,5,1,0,pm_scholarship_scheme,0.0,1,2,1,0
62,90000,farmer,female,general,graduate,5,1,0,pm_jeevan_jyoti,0.0,1,1,1,0
62,90000,farmer,female,general,graduate,5,1,0,pm_mudra_yojana,0.0,2,1,1,0
62,90000,farmer,female,general,graduate,5,1,0,startup_india_seed_fund,0.0,0,2,1,0
62,90000,farmer,female,general,graduate,5,1,0,deen_dayal_disability,0.0,1,1,1,0
62,90000,farmer,female,general,graduate,5,1,0,post_matric_sc,0.0,1,2,1,0
62,90000,farmer,female,general,graduate,5,1,0,eklavya_model_school,0.0,0,3,1,0
20,400000,farmer,female,sc,postgraduate,5,0,0,pm_fasal_bima,100.0,3,0,0,1
20,400000,farmer,female,sc,postgraduate,5,0,0,kisan_credit_card,100.0,3,0,0,1
20,400000,farmer,female,sc,postgraduate,5,0,0,pm_matru_vandana,100.0,3,0,0,1
20,400000,farmer,female,sc,postgraduate,5,0,0,pm_suraksha_bima,100.0,2,0,0,1
20,400000,farmer,female,sc,postgraduate,5,0,0,pm_jeevan_jyoti,100.0,2,0,0,1
20,400000,farmer,female,sc,postgraduate,5,0,0,pm_kisan,75.0,3,1,0,0
20,400000,farmer,female,sc,postgraduate,5,0,0,mgnregs,66.7,2,1,0,0
20,400000,farmer,female,sc,postgraduate,5,0,0,mahila_shakti_kendra,60.0,1,1,0,1
20,400000,farmer,female,sc,postgraduate,5,0,0,national_scholarship_portal,0.0,2,2,1,0
20,400000,farmer,female,sc,postgraduate,5,0,0,pm_scholarship_scheme,0.0,2,1,1,0
20,400000,farmer,female,sc,postgraduate,5,0,0,ayushman_bharat,0.0,0,2,1,0
20,400000,farmer,female,sc,postgraduate,5,0,0,pm_awas_yojana_gramin,0.0,1,3,1,0
20,400000,farmer,female,sc,postgraduate,5,0,0,pm_mudra_yojana,0.0,2,1,1,0
20,400000,farmer,female,sc,postgraduate,5,0,0,startup_india_seed_fund,0.0,1,1,1,0
20,400000,farmer,female,sc,postgraduate,5,0,0,deen_dayal_disability,0.0,0,2,1,0
20,400000,farmer,female,sc,postgraduate,5,0,0,post_matric_sc,0.0,1,2,1,0
20,400000,farmer,female,sc,postgraduate,5,0,0,eklavya_model_school,0.0,0,3,1,0
20,400000,farmer,female,sc,postgraduate,5,0,0,indira_gandhi_old_age,0.0,0,3,1,0
44,250000,other,female,sc,primary,1,0,0,pm_matru_vandana,100.0,3,0,0,0
44,250000,other,female,sc,primary,1,0,0,mahila_shakti_kendra,100.0,2,0,0,1
44,250000,other,female,sc,primary,1,0,0,pm_suraksha_bima,100.0,2,0,0,1
44,250000,other,female,sc,primary,1,0,0,pm_jeevan_jyoti,100.0,2,0,0,1
44,250000,other,female,sc,primary,1,0,0,mgnregs,66.7,2,1,0,1
44,250000,other,female,sc,primary,1,0,0,pm_kisan,0.0,2,2,1,0
44,250000,other,female,sc,primary,1,0,0,pm_fasal_bima,0.0,2,1,1,0
44,250000,other,female,sc,primary,1,0,0,kisan_credit_card,0.0,2,1,1,0
44,250000,other,female,sc,primary,1,0,0,national_scholarship_portal,0.0,2,2,1,0
44,250000,other,female,sc,primary,1,0,0,pm_scholarship_scheme,0.0,1,2,1,0
44,250000,other,female,sc,primary,1,0,0,ayushman_bharat,0.0,0,2,1,0
44,250000,other,female,sc,primary,1,0,0,pm_awas_yojana_gramin,0.0,3,1,1,0
44,250000,other,female,sc,primary,1,0,0,pm_mudra_yojana,0.0,2,1,1,0
44,250000,other,female,sc,primary,1,0,0,startup_india_seed_fund,0.0,1,1,1,0
44,250000,other,female,sc,primary,1,0,0,deen_dayal_disability,0.0,1,1,1,0
44,250000,other,female,sc,primary,1,0,0,post_matric_sc,0.0,2,1,1,0
44,250000,other,female,sc,primary,1,0,0,eklavya_model_school,0.0,0,3,1,0
44,250000,other,female,sc,primary,1,0,0,indira_gandhi_old_age,0.0,0,3,1,0
21,90000,salaried,female,st,none,2.5,1,0,pm_matru_vandana,100.0,3,0,0,1
21,90000,salaried,female,st,none,2.5,1,0,mahila_shakti_kendra,100.0,2,0,0,1
21,90000,salaried,female,st,none,2.5,1,0,ayushman_bharat,100.0,2,0,0,1
21,90000,salaried,female,st,none,2.5,1,0,pm_suraksha_bima,100.0,2,0,0,1
21,90000,salaried,female,st,none,2.5,1,0,pm_jeevan_jyoti,100.0,2,0,0,1
21,90000,salaried,female,st,none,2.5,1,0,pm_awas_yojana_gramin,100.0,4,0,0,1
21,90000,salaried,female,st,none,2.5,1,0,mgnregs,66.7,2,1,0,0
21,90000,salaried,female,st,none,2.5,1,0,pm_kisan,0.0,3,1,1,0
21,90000,salaried,female,st,none,2.5,1,0,pm_fasal_bima,0.0,2,1,1,0
21,90000,salaried,female,st,none,2.5,1,0,kisan_credit_card,0.0,2,1,1,0
21,90000,salaried,female,st,none,2.5,1,0,national_scholarship_portal,0.0,3,1,1,0
21,90000,salaried,female,st,none,2.5,1,0,pm_scholarship_scheme,0.0,2,1,1,0
21,90000,salaried,female,st,none,2.5,1,0,pm_mudra_yojana,0.0,2,1,1,0
21,90000,salaried,female,st,none,2.5,1,0,startup_india_seed_fund,0.0,1,1,1,0
21,90000,salaried,female,st,none,2.5,1,0,deen_dayal_disability,0.0,1,1,1,0
21,90000,salaried,female,st,none,2.5,1,0,post_matric_sc,0.0,1,2,1,0
21,90000,salaried,female,st,none,2.5,1,0,eklavya_model_school,0.0,1,2,1,0
21,90000,salaried,female,st,none,2.5,1,0,indira_gandhi_old_age,0.0,2,1,1,0
62,150000,daily_wage,other,obc,none,5,1,0,pm_suraksha_bima,100.0,2,0,0,1
62,150000,daily_wage,other,obc,none,5,1,0,mgnregs,100.0,3,0,0,1
62,150000,daily_wage,other,obc,none,5,1,0,pm_awas_yojana_gramin,85.7,3,1,0,1
62,150000,daily_wage,other,obc,none,5,1,0,indira_gandhi_old_age,75.0,2,1,0,1
62,150000,daily_wage,other,obc,none,5,1,0,ayushman_bharat,60.0,1,1,0,1
62,150000,daily_wage,other,obc,none,5,1,0,pm_kisan,0.0,3,1,1,0
62,150000,daily_wage,other,obc,none,5,1,0,pm_fasal_bima,0.0,2,1,1,0
62,150000,daily_wage,other,obc,none,5,1,0,kisan_credit_card,0.0,2,1,1,0
62,150000,daily_wage,other,obc,none,5,1,0,pm_matru_vandana,0.0,2,1,1,0
62,150000,daily_wage,other,obc,none,5,1,0,mahila_shakti_kendra,0.0,1,1,1,0
62,150000,daily_wage,other,obc,none,5,1,0,national_scholarship_portal,0.0,2,2,1,0
62,150000,daily_wage,other,obc,none,5,1,0,pm_scholarship_scheme,0.0,1,2,1,0
62,150000,daily_wage,other,obc,none,5,1,0,pm_jeevan_jyoti,0.0,1,1,1,0
62,150000,daily_wage,other,obc,none,5,1,0,pm_mudra_yojana,0.0,2,1,1,0
62,150000,daily_wage,other,obc,none,5,1,0,startup_india_seed_fund,0.0,0,2,1,0
62,150000,daily_wage,other,obc,none,5,1,0,deen_dayal_disability,0.0,1,1,1,0
62,150000,daily_wage,other,obc,none,5,1,0,post_matric_sc,0.0,1,2,1,0
62,150000,daily_wage,other,obc,none,5,1,0,eklavya_model_school,0.0,0,3,1,0
79,800000,farmer,male,obc,none,1,0,0,pm_fasal_bima,100.0,3,0,0,1
79,800000,farmer,male,obc,none,1,0,0,pm_kisan,75.0,3,1,0,1
79,800000,farmer,male,obc,none,1,0,0,mgnregs,66.7,2,1,0,0
79,800000,farmer,male,obc,none,1,0,0,kisan_credit_card,0.0,2,1,1,0
79,800000,farmer,male,obc,none,1,0,0,pm_matru_vandana,0.0,2,1,1,0
79,800000,farmer,male,obc,none,1,0,0,mahila_shakti_kendra,0.0,0,2,1,0
79,800000,farmer,male,obc,none,1,0,0,national_scholarship_portal,0.0,1,3,1,0
79,800000,farmer,male,obc,none,1,0,0,pm_scholarship_scheme,0.0,0,3,1,0
79,800000,farmer,male,obc,none,1,0,0,ayushman_bharat,0.0,0,2,1,0
79,800000,farmer,male,obc,none,1,0,0,pm_suraksha_bima,0.0,0,2,1,0
79,800000,farmer,male,obc,none,1,0,0,pm_jeevan_jyoti,0.0,0,2,1,0
79,800000,farmer,male,obc,none,1,0,0,pm_awas_yojana_gramin,0.0,2,2,1,0
79,800000,farmer,male,obc,none,1,0,0,pm_mudra_yojana,0.0,1,2,1,0
79,800000,farmer,male,obc,none,1,0,0,startup_india_seed_fund,0.0,0,2,1,0
79,800000,farmer,male,obc,none,1,0,0,deen_dayal_disability,0.0,0,2,1,0
79,800000,farmer,male,obc,none,1,0,0,post_matric_sc,0.0,0,3,1,0
79,800000,farmer,male,obc,none,1,0,0,eklavya_model_school,0.0,0,3,1,0
79,800000,farmer,male,obc,none,1,0,0,indira_gandhi_old_age,0.0,1,2,1,0
48,90000,student,female,obc,secondary,5,0,0,pm_matru_vandana,100.0,3,0,0,1
48,90000,student,female,obc,secondary,5,0,0,mahila_shakti_kendra,100.0,2,0,0,1
48,90000,student,female,obc,secondary,5,0,0,pm_suraksha_bima,100.0,2,0,0,1
48,90000,student,female,obc,secondary,5,0,0,pm_jeevan_jyoti,100.0,2,0,0,1
48,90000,student,female,obc,secondary,5,0,0,national_scholarship_portal,87.5,3,1,0,0
48,90000,student,female,obc,secondary,5,0,0,pm_scholarship_scheme,83.3,2,1,0,1
48,90000,student,female,obc,secondary,5,0,0,mgnregs,66.7,2,1,0,1
48,90000,student,female,obc,secondary,5,0,0,pm_kisan,0.0,3,1,1,0
48,90000,student,female,obc,secondary,5,0,0,pm_fasal_bima,0.0,2,1,1,0
48,90000,student,female,obc,secondary,5,0,0,kisan_credit_card,0.0,2,1,1,0
48,90000,student,female,obc,secondary,5,0,0,ayushman_bharat,0.0,1,1,1,0
48,90000,student,female,obc,secondary,5,0,0,pm_awas_yojana_gramin,0.0,2,2,1,0
48,90000,student,female,obc,secondary,5,0,0,pm_mudra_yojana,0.0,2,1,1,0
48,90000,student,female,obc,secondary,5,0,0,startup_india_seed_fund,0.0,1,1,1,0
48,90000,student,female,obc,secondary,5,0,0,deen_dayal_disability,0.0,1,1,1,0
48,90000,student,female,obc,secondary,5,0,0,post_matric_sc,0.0,2,1,1,0
48,90000,student,female,obc,secondary,5,0,0,eklavya_model_school,0.0,1,2,1,0
48,90000,student,female,obc,secondary,5,0,0,indira_gandhi_old_age,0.0,1,2,1,0
24,150000,salaried,female,obc,none,0.5,0,0,pm_matru_vandana,100.0,3,0,0,1
24,150000,salaried,female,obc,none,0.5,0,0,mahila_shakti_kendra,100.0,2,0,0,1
24,150000,salaried,female,obc,none,0.5,0,0,pm_suraksha_bima,100.0,2,0,0,0
24,150000,salaried,female,obc,none,0.5,0,0,pm_jeevan_jyoti,100.0,2,0,0,1
24,150000,salaried,female,obc,none,0.5,0,0,mgnregs,66.7,2,1,0,0
24,150000,salaried,female,obc,none,0.5,0,0,pm_kisan,0.0,3,1,1,0
24,150000,salaried,female,obc,none,0.5,0,0,pm_fasal_bima,0.0,2,1,1,0
24,150000,salaried,female,obc,none,0.5,0,0,kisan_credit_card,0.0,2,1,1,0
24,150000,salaried,female,obc,none,0.5,0,0,national_scholarship_portal,0.0,3,1,1,0
24,150000,salaried,female,obc,none,0.5,0,0,pm_scholarship_scheme,0.0,2,1,1,0
24,150000,salaried,female,obc,none,0.5,0,0,ayushman_bharat,0.0,0,2,1,0
24,150000,salaried,female,obc,none,0.5,0,0,pm_awas_yojana_gramin,0.0,3,1,1,0
24,150000,salaried,female,obc,none,0.5,0,0,pm_mudra_yojana,0.0,2,1,1,0
24,150000,salaried,female,obc,none,0.5,0,0,startup_india_seed_fund,0.0,1,1,1,0
24,150000,salaried,female,obc,none,0.5,0,0,deen_dayal_disability,0.0,1,1,1,0
24,150000,salaried,female,obc,none,0.5,0,0,post_matric_sc,0.0,1,2,1,0
24,150000,salaried,female,obc,none,0.5,0,0,eklavya_model_school,0.0,0,3,1,0
24,150000,salaried,female,obc,none,0.5,0,0,indira_gandhi_old_age,0.0,0,3,1,0
43,250000,salaried,male,obc,graduate,2.5,0,0,pm_suraksha_bima,100.0,2,0,0,1
43,250000,salaried,male,obc,graduate,2.5,0,0,pm_jeevan_jyoti,100.0,2,0,0,1
43,250000,salaried,male,obc,graduate,2.5,0,0,mgnregs,33.3,1,2,0,1
43,250000,salaried,male,obc,graduate,2.5,0,0,pm_kisan,0.0,2,2,1,0
43,250000,salaried,male,obc,graduate,2.5,0,0,pm_fasal_bima,0.0,2,1,1,0
43,250000,salaried,male,obc,graduate,2.5,0,0,kisan_credit_card,0.0,2,1,1,0
43,250000,salaried,male,obc,graduate,2.5,0,0,pm_matru_vandana,0.0,2,1,1,0
43,250000,salaried,male,obc,graduate,2.5,0,0,mahila_shakti_kendra,0.0,1,1,1,0
43,250000,salaried,male,obc,graduate,2.5,0,0,national_scholarship_portal,0.0,2,2,1,0
43,250000,salaried,male,obc,graduate,2.5,0,0,pm_scholarship_scheme,0.0,1,2,1,0
43,250000,salaried,male,obc,graduate,2.5,0,0,ayushman_bharat,0.0,0,2,1,0
43,250000,salaried,male,obc,graduate,2.5,0,0,pm_awas_yojana_gramin,0.0,3,1,1,0
43,250000,salaried,male,obc,graduate,2.5,0,0,pm_mudra_yojana,0.0,2,1,1,0
43,250000,salaried,male,obc,graduate,2.5,0,0,startup_india_seed_fund,0.0,1,1,1,0
43,250000,salaried,male,obc,graduate,2.5,0,0,deen_dayal_disability,0.0,1,1,1,0
43,250000,salaried,male,obc,graduate,2.5,0,0,post_matric_sc,0.0,1,2,1,0
43,250000,salaried,male,obc,graduate,2.5,0,0,eklavya_model_school,0.0,0,3,1,0
43,250000,salaried,male,obc,graduate,2.5,0,0,indira_gandhi_old_age,0.0,0,3,1,0
16,40000,daily_wage,female,sc,secondary,1,0,0,mahila_shakti_kendra,100.0,2,0,0,0
16,40000,daily_wage,female,sc,secondary,1,0,0,pm_kisan,0.0,2,2,1,0
16,40000,daily_wage,female,sc,secondary,1,0,0,pm_fasal_bima,0.0,1,2,1,0
16,40000,daily_wage,female,sc,secondary,1,0,0,kisan_credit_card,0.0,1,2,1,0
16,40000,daily_wage,female,sc,secondary,1,0,0,pm_matru_vandana,0.0,2,1,1,0
16,40000,daily_wage,female,sc,secondary,1,0,0,national_scholarship_portal,0.0,3,1,1,0
16,40000,daily_wage,female,sc,secondary,1,0,0,pm_scholarship_scheme,0.0,1,2,1,0
16,40000,daily_wage,female,sc,secondary,1,0,0,ayushman_bharat,0.0,1,1,1,0
16,40000,daily_wage,female,sc,secondary,1,0,0,pm_suraksha_bima,0.0,1,1,1,0
16,40000,daily_wage,female,sc,secondary,1,0,0,pm_jeevan_jyoti,0.0,1,1,1,0
16,40000,daily_wage,female,sc,secondary,1,0,0,pm_awas_yojana_gramin,0.0,2,2,1,0
16,40000,daily_wage,female,sc,secondary,1,0,0,mgnregs,0.0,2,1,1,0
16,40000,daily_wage,female,sc,secondary,1,0,0,pm_mudra_yojana,0.0,1,2,1,0
16,40000,daily_wage,female,sc,secondary,1,0,0,startup_india_seed_fund,0.0,0,2,1,0
16,40000,daily_wage,female,sc,secondary,1,0,0,deen_dayal_disability,0.0,1,1,1,0
16,40000,daily_wage,female,sc,secondary,1,0,0,post_matric_sc,0.0,2,1,1,0
16,40000,daily_wage,female,sc,secondary,1,0,0,eklavya_model_school,0.0,1,2,1,0
16,40000,daily_wage,female,sc,secondary,1,0,0,indira_gandhi_old_age,0.0,1,2,1,0
22,90000,self_employed,male,st,none,5,1,0,ayushman_bharat,100.0,2,0,0,1
22,90000,self_employed,male,st,none,5,1,0,pm_suraksha_bima,100.0,2,0,0,1
22,90000,self_employed,male,st,none,5,1,0,pm_jeevan_jyoti,100.0,2,0,0,1
22,90000,self_employed,male,st,none,5,1,0,mgnregs,100.0,3,0,0,1
22,90000,self_employed,male,st,none,5,1,0,pm_mudra_yojana,100.0,3,0,0,1
22,90000,self_employed,male,st,none,5,1,0,startup_india_seed_fund,100.0,2,0,0,1
22,90000,self_employed,male,st,none,5,1,0,pm_awas_yojana_gramin,85.7,3,1,0,1
22,90000,self_employed,male,st,none,5,1,0,pm_kisan,0.0,3,1,1,0
22,90000,self_employed,male,st,none,5,1,0,pm_fasal_bima,0.0,2,1,1,0
22,90000,self_employed,male,st,none,5,1,0,kisan_credit_card,0.0,2,1,1,0
22,90000,self_employed,male,st,none,5,1,0,pm_matru_vandana,0.0,2,1,1,0
22,90000,self_employed,male,st,none,5,1,0,mahila_shakti_kendra,0.0,1,1,1,0
22,90000,self_employed,male,st,none,5,1,0,national_scholarship_portal,0.0,3,1,1,0
22,90000,self_employed,male,st,none,5,1,0,pm_scholarship_scheme,0.0,2,1,1,0
22,90000,self_employed,male,st,none,5,1,0,deen_dayal_disability,0.0,1,1,1,0
22,90000,self_employed,male,st,none,5,1,0,post_matric_sc,0.0,1,2,1,0
22,90000,self_employed,male,st,none,5,1,0,eklavya_model_school,0.0,1,2,1,0
22,90000,self_employed,male,st,none,5,1,0,indira_gandhi_old_age,0.0,2,1,1,0
57,0,self_employed,male,st,postgraduate,0.5,0,0,pm_suraksha_bima,100.0,2,0,0,0
57,0,self_employed,male,st,postgraduate,0.5,0,0,mgnregs,100.0,3,0,0,0
57,0,self_employed,male,st,postgraduate,0.5,0,0,pm_mudra_yojana,100.0,3,0,0,1
57,0,self_employed,male,st,postgraduate,0.5,0,0,startup_india_seed_fund,75.0,1,1,0,1
57,0,self_employed,male,st,postgraduate,0.5,0,0,pm_kisan,0.0,3,1,1,0
57,0,self_employed,male,st,postgraduate,0.5,0,0,pm_fasal_bima,0.0,2,1,1,0
57,0,self_employed,male,st,postgraduate,0.5,0,0,kisan_credit_card,0.0,2,1,1,0
57,0,self_employed,male,st,postgraduate,0.5,0,0,pm_matru_vandana,0.0,2,1,1,0
57,0,self_employed,male,st,postgraduate,0.5,0,0,mahila_shakti_kendra,0.0,1,1,1,0
57,0,self_employed,male,st,postgraduate,0.5,0,0,national_scholarship_portal,0.0,2,2,1,0
57,0,self_employed,male,st,postgraduate,0.5,0,0,pm_scholarship_scheme,0.0,1,2,1,0
57,0,self_employed,male,st,postgraduate,0.5,0,0,ayushman_bharat,0.0,1,1,1,0
57,0,self_employed,male,st,postgraduate,0.5,0,0,pm_jeevan_jyoti,0.0,1,1,1,0
57,0,self_employed,male,st,postgraduate,0.5,0,0,pm_awas_yojana_gramin,0.0,3,1,1,0
57,0,self_employed,male,st,postgraduate,0.5,0,0,deen_dayal_disability,0.0,1,1,1,0
57,0,self_employed,male,st,postgraduate,0.5,0,0,post_matric_sc,0.0,1,2,1,0
57,0,self_employed,male,st,postgraduate,0.5,0,0,eklavya_model_school,0.0,1,2,1,0
57,0,self_employed,male,st,postgraduate,0.5,0,0,indira_gandhi_old_age,0.0,1,2,1,0
25,800000,daily_wage,female,obc,primary,5,0,0,pm_matru_vandana,100.0,3,0,0,1
25,800000,daily_wage,female,obc,primary,5,0,0,pm_suraksha_bima,66.7,1,1,0,1
25,800000,daily_wage,female,obc,primary,5,0,0,pm_jeevan_jyoti,66.7,1,1,0,0
25,800000,daily_wage,female,obc,primary,5,0,0,mgnregs,66.7,2,1,0,1
25,800000,daily_wage,female,obc,primary,5,0,0,mahila_shakti_kendra,60.0,1,1,0,1
25,800000,daily_wage,female,obc,primary,5,0,0,pm_kisan,0.0,2,2,1,0
25,800000,daily_wage,female,obc,primary,5,0,0,pm_fasal_bima,0.0,2,1,1,0
25,800000,daily_wage,female,obc,primary,5,0,0,kisan_credit_card,0.0,2,1,1,0
25,800000,daily_wage,female,obc,primary,5,0,0,national_scholarship_portal,0.0,2,2,1,0
25,800000,daily_wage,female,obc,primary,5,0,0,pm_scholarship_scheme,0.0,1,2,1,0
25,800000,daily_wage,female,obc,primary,5,0,0,ayushman_bharat,0.0,0,2,1,0
25,800000,daily_wage,female,obc,primary,5,0,0,pm_awas_yojana_gramin,0.0,1,3,1,0
25,800000,daily_wage,female,obc,primary,5,0,0,pm_mudra_yojana,0.0,2,1,1,0
25,800000,daily_wage,female,obc,primary,5,0,0,startup_india_seed_fund,0.0,1,1,1,0
25,800000,daily_wage,female,obc,primary,5,0,0,deen_dayal_disability,0.0,0,2,1,0
25,800000,daily_wage,female,obc,primary,5,0,0,post_matric_sc,0.0,0,3,1,0
25,800000,daily_wage,female,obc,primary,5,0,0,eklavya_model_school,0.0,0,3,1,0
25,800000,daily_wage,female,obc,primary,5,0,0,indira_gandhi_old_age,0.0,0,3,1,0
27,0,salaried,male,sc,primary,2.5,1,1,ayushman_bharat,100.0,2,0,0,1
27,0,salaried,male,sc,primary,2.5,1,1,pm_suraksha_bima,100.0,2,0,0,1
27,0,salaried,male,sc,primary,2.5,1,1,pm_jeevan_jyoti,100.0,2,0,0,1
27,0,salaried,male,sc,primary,2.5,1,1,pm_awas_yojana_gramin,100.0,4,0,0,1
27,0,salaried,male,sc,primary,2.5,1,1,deen_dayal_disability,100.0,2,0,0,1
27,0,salaried,male,sc,primary,2.5,1,1,mgnregs,66.7,2,1,0,0
27,0,salaried,male,sc,primary,2.5,1,1,pm_kisan,0.0,3,1,1,0
27,0,salaried,male,sc,primary,2.5,1,1,pm_fasal_bima,0.0,2,1,1,0
27,0,salaried,male,sc,primary,2.5,1,1,kisan_credit_card,0.0,2,1,1,0
27,0,salaried,male,sc,primary,2.5,1,1,pm_matru_vandana,0.0,2,1,1,0
27,0,salaried,male,sc,primary,2.5,1,1,mahila_shakti_kendra,0.0,1,1,1,0
27,0,salaried,male,sc,primary,2.5,1,1,national_scholarship_portal,0.0,3,1,1,0
27,0,salaried,male,sc,primary,2.5,1,1,pm_scholarship_scheme,0.0,1,2,1,0
27,0,salaried,male,sc,primary,2.5,1,1,pm_mudra_yojana,0.0,2,1,1,0
27,0,salaried,male,sc,primary,2.5,1,1,startup_india_seed_fund,0.0,1,1,1,0
27,0,salaried,male,sc,primary,2.5,1,1,post_matric_sc,0.0,2,1,1,0
27,0,salaried,male,sc,primary,2.5,1,1,eklavya_model_school,0.0,0,3,1,0
27,0,salaried,male,sc,primary,2.5,1,1,indira_gandhi_old_age,0.0,2,1,1,0
45,150000,farmer,female,st,none,1,1,0,pm_kisan,100.0,4,0,0,1
45,150000,farmer,female,st,none,1,1,0,pm_fasal_bima,100.0,3,0,0,1
45,150000,farmer,female,st,none,1,1,0,kisan_credit_card,100.0,3,0,0,0
45,150000,farmer,female,st,none,1,1,0,pm_matru_vandana,100.0,3,0,0,0
45,150000,farmer,female,st,none,1,1,0,mahila_shakti_kendra,100.0,2,0,0,1
45,150000,farmer,female,st,none,1,1,0,pm_suraksha_bima,100.0,2,0,0,1
45,150000,farmer,female,st,none,1,1,0,pm_jeevan_jyoti,100.0,2,0,0,1
45,150000,farmer,female,st,none,1,1,0,pm_awas_yojana_gramin,100.0,4,0,0,1
45,150000,farmer,female,st,none,1,1,0,mgnregs,100.0,3,0,0,1
45,150000,farmer,female,st,none,1,1,0,ayushman_bharat,60.0,1,1,0,1
45,150000,farmer,female,st,none,1,1,0,national_scholarship_portal,0.0,2,2,1,0
45,150000,farmer,female,st,none,1,1,0,pm_scholarship_scheme,0.0,1,2,1,0
45,150000,farmer,female,st,none,1,1,0,pm_mudra_yojana,0.0,2,1,1,0
45,150000,farmer,female,st,none,1,1,0,startup_india_seed_fund,0.0,1,1,1,0
45,150000,farmer,female,st,none,1,1,0,deen_dayal_disability,0.0,1,1,1,0
45,150000,farmer,female,st,none,1,1,0,post_matric_sc,0.0,1,2,1,0
45,150000,farmer,female,st,none,1,1,0,eklavya_model_school,0.0,1,2,1,0
45,150000,farmer,female,st,none,1,1,0,indira_gandhi_old_age,0.0,1,2,1,0
27,40000,student,female,sc,postgraduate,5,0,1,pm_matru_vandana,100.0,3,0,0,1
27,40000,student,female,sc,postgraduate,5,0,1,mahila_shakti_kendra,100.0,2,0,0,1
27,40000,student,female,sc,postgraduate,5,0,1,national_scholarship_portal,100.0,4,0,0,1
27,40000,student,female,sc,postgraduate,5,0,1,pm_suraksha_bima,100.0,2,0,0,1
27,40000,student,female,sc,postgraduate,5,0,1,pm_jeevan_jyoti,100.0,2,0,0,1
27,40000,student,female,sc,postgraduate,5,0,1,deen_dayal_disability,100.0,2,0,0,1
27,40000,student,female,sc,postgraduate,5,0,1,post_matric_sc,100.0,3,0,0,1
27,40000,student,female,sc,postgraduate,5,0,1,pm_scholarship_scheme,83.3,2,1,0,0
27,40000,student,female,sc,postgraduate,5,0,1,mgnregs,66.7,2,1,0,1
27,40000,student,female,sc,postgraduate,5,0,1,pm_kisan,0.0,3,1,1,0
27,40000,student,female,sc,postgraduate,5,0,1,pm_fasal_bima,0.0,2,1,1,0
27,40000,student,female,sc,postgraduate,5,0,1,kisan_credit_card,0.0,2,1,1,0
27,40000,student,female,sc,postgraduate,5,0,1,ayushman_bharat,0.0,1,1,1,0
27,40000,student,female,sc,postgraduate,5,0,1,pm_awas_yojana_gramin,0.0,2,2,1,0
27,40000,student,female,sc,postgraduate,5,0,1,pm_mudra_yojana,0.0,2,1,1,0
27,40000,student,female,sc,postgraduate,5,0,1,startup_india_seed_fund,0.0,1,1,1,0
27,40000,student,female,sc,postgraduate,5,0,1,eklavya_model_school,0.0,1,2,1,0
27,40000,student,female,sc,postgraduate,5,0,1,indira_gandhi_old_age,0.0,1,2,1,0
75,0,farmer,male,general,none,0.5,0,0,pm_kisan,100.0,4,0,0,1
75,0,farmer,male,general,none,0.5,0,0,pm_fasal_bima,100.0,3,0,0,1
75,0,farmer,male,general,none,0.5,0,0,kisan_credit_card,100.0,3,0,0,1
75,0,farmer,male,general,none,0.5,0,0,mgnregs,100.0,3,0,0,1
75,0,farmer,male,general,none,0.5,0,0,pm_matru_vandana,0.0,2,1,1,0
75,0,farmer,male,general,none,0.5,0,0,mahila_shakti_kendra,0.0,1,1,1,0
75,0,farmer,male,general,none,0.5,0,0,national_scholarship_portal,0.0,1,3,1,0
75,0,farmer,male,general,none,0.5,0,0,pm_scholarship_scheme,0.0,1,2,1,0
75,0,farmer,male,general,none,0.5,0,0,ayushman_bharat,0.0,1,1,1,0
75,0,farmer,male,general,none,0.5,0,0,pm_suraksha_bima,0.0,1,1,1,0
75,0,farmer,male,general,none,0.5,0,0,pm_jeevan_jyoti,0.0,1,1,1,0
75,0,farmer,male,general,none,0.5,0,0,pm_awas_yojana_gramin,0.0,3,1,1,0
75,0,farmer,male,general,none,0.5,0,0,pm_mudra_yojana,0.0,1,2,1,0
75,0,farmer,male,general,none,0.5,0,0,startup_india_seed_fund,0.0,0,2,1,0
75,0,farmer,male,general,none,0.5,0,0,deen_dayal_disability,0.0,1,1,1,0
75,0,farmer,male,general,none,0.5,0,0,post_matric_sc,0.0,1,2,1,0
75,0,farmer,male,general,none,0.5,0,0,eklavya_model_school,0.0,0,3,1,0
75,0,farmer,male,general,none,0.5,0,0,indira_gandhi_old_age,0.0,2,1,1,0
54,40000,self_employed,male,general,postgraduate,0,1,0,ayushman_bharat,100.0,2,0,0,1
54,40000,self_employed,male,general,postgraduate,0,1,0,pm_suraksha_bima,100.0,2,0,0,1
54,40000,self_employed,male,general,postgraduate,0,1,0,pm_awas_yojana_gramin,100.0,4,0,0,0
54,40000,self_employed,male,general,postgraduate,0,1,0,mgnregs,100.0,3,0,0,1
54,40000,self_employed,male,general,postgraduate,0,1,0,pm_mudra_yojana,100.0,3,0,0,1
54,40000,self_employed,male,general,postgraduate,0,1,0,startup_india_seed_fund,75.0,1,1,0,1
54,40000,self_employed,male,general,postgraduate,0,1,0,pm_kisan,0.0,3,1,1,0
54,40000,self_employed,male,general,postgraduate,0,1,0,pm_fasal_bima,0.0,1,2,1,0
54,40000,self_employed,male,general,postgraduate,0,1,0,kisan_credit_card,0.0,1,2,1,0
54,40000,self_employed,male,general,postgraduate,0,1,0,pm_matru_vandana,0.0,2,1,1,0
54,40000,self_employed,male,general,postgraduate,0,1,0,mahila_shakti_kendra,0.0,1,1,1,0
54,40000,self_employed,male,general,postgraduate,0,1,0,national_scholarship_portal,0.0,1,3,1,0
54,40000,self_employed,male,general,postgraduate,0,1,0,pm_scholarship_scheme,0.0,1,2,1,0
54,40000,self_employed,male,general,postgraduate,0,1,0,pm_jeevan_jyoti,0.0,1,1,1,0
54,40000,self_employed,male,general,postgraduate,0,1,0,deen_dayal_disability,0.0,1,1,1,0
54,40000,self_employed,male,general,postgraduate,0,1,0,post_matric_sc,0.0,1,2,1,0
54,40000,self_employed,male,general,postgraduate,0,1,0,eklavya_model_school,0.0,0,3,1,0
54,40000,self_employed,male,general,postgraduate,0,1,0,indira_gandhi_old_age,0.0,2,1,1,0
46,0,farmer,male,general,none,5,1,0,pm_kisan,100.0,4,0,0,1
46,0,farmer,male,general,none,5,1,0,pm_fasal_bima,100.0,3,0,0,1
46,0,farmer,male,general,none,5,1,0,kisan_credit_card,100.0,3,0,0,1
46,0,farmer,male,general,none,5,1,0,ayushman_bharat,100.0,2,0,0,1
46,0,farmer,male,general,none,5,1,0,pm_suraksha_bima,100.0,2,0,0,1
46,0,farmer,male,general,none,5,1,0,pm_jeevan_jyoti,100.0,2,0,0,1
46,0,farmer,male,general,none,5,1,0,mgnregs,100.0,3,0,0,1
46,0,farmer,male,general,none,5,1,0,pm_awas_yojana_gramin,85.7,3,1,0,1
46,0,farmer,male,general,none,5,1,0,pm_matru_vandana,0.0,2,1,1,0
46,0,farmer,male,general,none,5,1,0,mahila_shakti_kendra,0.0,1,1,1,0
46,0,farmer,male,general,none,5,1,0,national_scholarship_portal,0.0,1,3,1,0
46,0,farmer,male,general,none,5,1,0,pm_scholarship_scheme,0.0,1,2,1,0
46,0,farmer,male,general,none,5,1,0,pm_mudra_yojana,0.0,2,1,1,0
46,0,farmer,male,general,none,5,1,0,startup_india_seed_fund,0.0,1,1,1,0
46,0,farmer,male,general,none,5,1,0,deen_dayal_disability,0.0,1,1,1,0
46,0,farmer,male,general,none,5,1,0,post_matric_sc,0.0,1,2,1,0
46,0,farmer,male,general,none,5,1,0,eklavya_model_school,0.0,0,3,1,0
46,0,farmer,male,general,none,5,1,0,indira_gandhi_old_age,0.0,2,1,1,0
28,0,student,other,obc,postgraduate,1,1,0,national_scholarship_portal,100.0,4,0,0,0
28,0,student,other,obc,postgraduate,1,1,0,ayushman_bharat,100.0,2,0,0,1
28,0,student,other,obc,postgraduate,1,1,0,pm_suraksha_bima,100.0,2,0,0,1
28,0,student,other,obc,postgraduate,1,1,0,pm_jeevan_jyoti,100.0,2,0,0,1
28,0,student,other,obc,postgraduate,1,1,0,pm_awas_yojana_gramin,100.0,4,0,0,1
28,0,student,other,obc,postgraduate,1,1,0,pm_scholarship_scheme,83.3,2,1,0,1
28,0,student,other,obc,postgraduate,1,1,0,mgnregs,66.7,2,1,0,1
28,0,student,other,obc,postgraduate,1,1,0,pm_kisan,0.0,3,1,1,0
28,0,student,other,obc,postgraduate,1,1,0,pm_fasal_bima,0.0,2,1,1,0
28,0,student,other,obc,postgraduate,1,1,0,kisan_credit_card,0.0,2,1,1,0
28,0,student,other,obc,postgraduate,1,1,0,pm_matru_vandana,0.0,2,1,1,0
28,0,student,other,obc,postgraduate,1,1,0,mahila_shakti_kendra,0.0,1,1,1,0
28,0,student,other,obc,postgraduate,1,1,0,pm_mudra_yojana,0.0,2,1,1,0
28,0,student,other,obc,postgraduate,1,1,0,startup_india_seed_fund,0.0,1,1,1,0
28,0,student,other,obc,postgraduate,1,1,0,deen_dayal_disability,0.0,1,1,1,0
28,0,student,other,obc,postgraduate,1,1,0,post_matric_sc,0.0,2,1,1,0
28,0,student,other,obc,postgraduate,1,1,0,eklavya_model_school,0.0,1,2,1,0
28,0,student,other,obc,postgraduate,1,1,0,indira_gandhi_old_age,0.0,2,1,1,0
24,0,other,female,general,postgraduate,5,0,0,pm_matru_vandana,100.0,3,0,0,0
24,0,other,female,general,postgraduate,5,0,0,mahila_shakti_kendra,100.0,2,0,0,1
24,0,other,female,general,postgraduate,5,0,0,pm_suraksha_bima,100.0,2,0,0,1
24,0,other,female,general,postgraduate,5,0,0,pm_jeevan_jyoti,100.0,2,0,0,1
24,0,other,female,general,postgraduate,5,0,0,mgnregs,100.0,3,0,0,1
24,0,other,female,general,postgraduate,5,0,0,pm_kisan,0.0,3,1,1,0
24,0,other,female,general,postgraduate,5,0,0,pm_fasal_bima,0.0,2,1,1,0
24,0,other,female,general,postgraduate,5,0,0,kisan_credit_card,0.0,2,1,1,0
24,0,other,female,general,postgraduate,5,0,0,national_scholarship_portal,0.0,2,2,1,0
24,0,other,female,general,postgraduate,5,0,0,pm_scholarship_scheme,0.0,2,1,1,0
24,0,other,female,general,postgraduate,5,0,0,ayushman_bharat,0.0,1,1,1,0
24,0,other,female,general,postgraduate,5,0,0,pm_awas_yojana_gramin,0.0,2,2,1,0
24,0,other,female,general,postgraduate,5,0,0,pm_mudra_yojana,0.0,2,1,1,0
24,0,other,female,general,postgraduate,5,0,0,startup_india_seed_fund,0.0,1,1,1,0
24,0,other,female,general,postgraduate,5,0,0,deen_dayal_disability,0.0,1,1,1,0
24,0,other,female,general,postgraduate,5,0,0,post_matric_sc,0.0,1,2,1,0
24,0,other,female,general,postgraduate,5,0,0,eklavya_model_school,0.0,0,3,1,0
24,0,other,female,general,postgraduate,5,0,0,indira_gandhi_old_age,0.0,1,2,1,0
79,40000,self_employed,other,sc,postgraduate,2.5,0,0,mgnregs,100.0,3,0,0,1
79,40000,self_employed,other,sc,postgraduate,2.5,0,0,startup_india_seed_fund,75.0,1,1,0,0
79,40000,self_employed,other,sc,postgraduate,2.5,0,0,pm_kisan,0.0,3,1,1,0
79,40000,self_employed,other,sc,postgraduate,2.5,0,0,pm_fasal_bima,0.0,2,1,1,0
79,40000,self_employed,other,sc,postgraduate,2.5,0,0,kisan_credit_card,0.0,1,2,1,0
79,40000,self_employed,other,sc,postgraduate,2.5,0,0,pm_matru_vandana,0.0,2,1,1,0
79,40000,self_employed,other,sc,postgraduate,2.5,0,0,mahila_shakti_kendra,0.0,1,1,1,0
79,40000,self_employed,other,sc,postgraduate,2.5,0,0,national_scholarship_portal,0.0,2,2,1,0
79,40000,self_employed,other,sc,postgraduate,2.5,0,0,pm_scholarship_scheme,0.0,1,2,1,0
79,40000,self_employed,other,sc,postgraduate,2.5,0,0,ayushman_bharat,0.0,1,1,1,0
79,40000,self_employed,other,sc,postgraduate,2.5,0,0,pm_suraksha_bima,0.0,1,1,1,0
79,40000,self_employed,other,sc,postgraduate,2.5,0,0,pm_jeevan_jyoti,0.0,1,1,1,0
79,40000,self_employed,other,sc,postgraduate,2.5,0,0,pm_awas_yojana_gramin,0.0,3,1,1,0
79,40000,self_employed,other,sc,postgraduate,2.5,0,0,pm_mudra_yojana,0.0,2,1,1,0
79,40000,self_employed,other,sc,postgraduate,2.5,0,0,deen_dayal_disability,0.0,1,1,1,0
79,40000,self_employed,other,sc,postgraduate,2.5,0,0,post_matric_sc,0.0,2,1,1,0
79,40000,self_employed,other,sc,postgraduate,2.5,0,0,eklavya_model_school,0.0,0,3,1,0
79,40000,self_employed,other,sc,postgraduate,2.5,0,0,indira_gandhi_old_age,0.0,2,1,1,0
54,400000,daily_wage,other,general,primary,1,0,0,pm_suraksha_bima,100.0,2,0,0,1
54,400000,daily_wage,other,general,primary,1,0,0,mgnregs,66.7,2,1,0,1
54,400000,daily_wage,other,general,primary,1,0,0,pm_kisan,0.0,2,2,1,0
54,400000,daily_wage,other,general,primary,1,0,0,pm_fasal_bima,0.0,2,1,1,0
54,400000,daily_wage,other,general,primary,1,0,0,kisan_credit_card,0.0,2,1,1,0
54,400000,daily_wage,other,general,primary,1,0,0,pm_matru_vandana,0.0,2,1,1,0
54,400000,daily_wage,other,general,primary,1,0,0,mahila_shakti_kendra,0.0,0,2,1,0
54,400000,daily_wage,other,general,primary,1,0,0,national_scholarship_portal,0.0,0,4,1,0
54,400000,daily_wage,other,general,primary,1,0,0,pm_scholarship_scheme,0.0,1,2,1,0
54,400000,daily_wage,other,general,primary,1,0,0,ayushman_bharat,0.0,0,2,1,0
54,400000,daily_wage,other,general,primary,1,0,0,pm_jeevan_jyoti,0.0,1,1,1,0
54,400000,daily_wage,other,general,primary,1,0,0,pm_awas_yojana_gramin,0.0,2,2,1,0
54,400000,daily_wage,other,general,primary,1,0,0,pm_mudra_yojana,0.0,2,1,1,0
54,400000,daily_wage,other,general,primary,1,0,0,startup_india_seed_fund,0.0,0,2,1,0
54,400000,daily_wage,other,general,primary,1,0,0,deen_dayal_disability,0.0,0,2,1,0
54,400000,daily_wage,other,general,primary,1,0,0,post_matric_sc,0.0,0,3,1,0
54,400000,daily_wage,other,general,primary,1,0,0,eklavya_model_school,0.0,0,3,1,0
54,400000,daily_wage,other,general,primary,1,0,0,indira_gandhi_old_age,0.0,0,3,1,0
22,150000,unemployed,female,sc,secondary,2.5,0,0,pm_matru_vandana,100.0,3,0,0,1
22,150000,unemployed,female,sc,secondary,2.5,0,0,mahila_shakti_kendra,100.0,2,0,0,1
22,150000,unemployed,female,sc,secondary,2.5,0,0,pm_suraksha_bima,100.0,2,0,0,1
22,150000,unemployed,female,sc,secondary,2.5,0,0,pm_jeevan_jyoti,100.0,2,0,0,0
22,150000,unemployed,female,sc,secondary,2.5,0,0,mgnregs,100.0,3,0,0,1
22,150000,unemployed,female,sc,secondary,2.5,0,0,pm_kisan,0.0,3,1,1,0
22,150000,unemployed,female,sc,secondary,2.5,0,0,pm_fasal_bima,0.0,2,1,1,0
22,150000,unemployed,female,sc,secondary,2.5,0,0,kisan_credit_card,0.0,2,1,1,0
22,150000,unemployed,female,sc,secondary,2.5,0,0,national_scholarship_portal,0.0,3,1,1,0
22,150000,unemployed,female,sc,secondary,2.5,0,0,pm_scholarship_scheme,0.0,2,1,1,0
22,150000,unemployed,female,sc,secondary,2.5,0,0,ayushman_bharat,0.0,0,2,1,0
22,150000,unemployed,female,sc,secondary,2.5,0,0,pm_awas_yojana_gramin,0.0,3,1,1,0
22,150000,unemployed,female,sc,secondary,2.5,0,0,pm_mudra_yojana,0.0,2,1,1,0
22,150000,unemployed,female,sc,secondary,2.5,0,0,startup_india_seed_fund,0.0,1,1,1,0
22,150000,unemployed,female,sc,secondary,2.5,0,0,deen_dayal_disability,0.0,1,1,1,0
22,150000,unemployed,female,sc,secondary,2.5,0,0,post_matric_sc,0.0,2,1,1,0
22,150000,unemployed,female,sc,secondary,2.5,0,0,eklavya_model_school,0.0,0,3,1,0
22,150000,unemployed,female,sc,secondary,2.5,0,0,indira_gandhi_old_age,0.0,0,3,1,0
74,40000,self_employed,other,obc,none,1,0,0,mgnregs,100.0,3,0,0,0
74,40000,self_employed,other,obc,none,1,0,0,startup_india_seed_fund,75.0,1,1,0,0
74,40000,self_employed,other,obc,none,1,0,0,pm_kisan,0.0,3,1,1,0
74,40000,self_employed,other,obc,none,1,0,0,pm_fasal_bima,0.0,2,1,1,0
74,40000,self_employed,other,obc,none,1,0,0,kisan_credit_card,0.0,2,1,1,0
74,40000,self_employed,other,obc,none,1,0,0,pm_matru_vandana,0.0,2,1,1,0
74,40000,self_employed,other,obc,none,1,0,0,mahila_shakti_kendra,0.0,1,1,1,0
74,40000,self_employed,other,obc,none,1,0,0,national_scholarship_portal,0.0,2,2,1,0
74,40000,self_employed,other,obc,none,1,0,0,pm_scholarship_scheme,0.0,1,2,1,0
74,40000,self_employed,other,obc,none,1,0,0,ayushman_bharat,0.0,1,1,1,0
74,40000,self_employed,other,obc,none,1,0,0,pm_suraksha_bima,0.0,1,1,1,0
74,40000,self_employed,other,obc,none,1,0,0,pm_jeevan_jyoti,0.0,1,1,1,0
74,40000,self_employed,other,obc,none,1,0,0,pm_awas_yojana_gramin,0.0,3,1,1,0
74,40000,self_employed,other,obc,none,1,0,0,pm_mudra_yojana,0.0,2,1,1,0
74,40000,self_employed,other,obc,none,1,0,0,deen_dayal_disability,0.0,1,1,1,0
74,40000,self_employed,other,obc,none,1,0,0,post_matric_sc,0.0,1,2,1,0
74,40000,self_employed,other,obc,none,1,0,0,eklavya_model_school,0.0,0,3,1,0
74,40000,self_employed,other,obc,none,1,0,0,indira_gandhi_old_age,0.0,2,1,1,0
68,400000,daily_wage,male,general,graduate,0,0,0,pm_suraksha_bima,100.0,2,0,0,1
68,400000,daily_wage,male,general,graduate,0,0,0,mgnregs,66.7,2,1,0,1
68,400000,daily_wage,male,general,graduate,0,0,0,pm_kisan,0.0,2,2,1,0
68,400000,daily_wage,male,general,graduate,0,0,0,pm_fasal_bima,0.0,1,2,1,0
68,400000,daily_wage,male,general,graduate,0,0,0,kisan_credit_card,0.0,1,2,1,0
68,400000,daily_wage,male,general,graduate,0,0,0,pm_matru_vandana,0.0,2,1,1,0
68,400000,daily_wage,male,general,graduate,0,0,0,mahila_shakti_kendra,0.0,0,2,1,0
68,400000,daily_wage,male,general,graduate,0,0,0,national_scholarship_portal,0.0,0,4,1,0
68,400000,daily_wage,male,general,graduate,0,0,0,pm_scholarship_scheme,0.0,1,2,1,0
68,400000,daily_wage,male,general,graduate,0,0,0,ayushman_bharat,0.0,0,2,1,0
68,400000,daily_wage,male,general,graduate,0,0,0,pm_jeevan_jyoti,0.0,1,1,1,0
68,400000,daily_wage,male,general,graduate,0,0,0,pm_awas_yojana_gramin,0.0,2,2,1,0
68,400000,daily_wage,male,general,graduate,0,0,0,pm_mudra_yojana,0.0,1,2,1,0
68,400000,daily_wage,male,general,graduate,0,0,0,startup_india_seed_fund,0.0,0,2,1,0
68,400000,daily_wage,male,general,graduate,0,0,0,deen_dayal_disability,0.0,0,2,1,0
68,400000,daily_wage,male,general,graduate,0,0,0,post_matric_sc,0.0,0,3,1,0
68,400000,daily_wage,male,general,graduate,0,0,0,eklavya_model_school,0.0,0,3,1,0
68,400000,daily_wage,male,general,graduate,0,0,0,indira_gandhi_old_age,0.0,1,2,1,0
66,90000,salaried,female,obc,primary,2.5,0,1,pm_matru_vandana,100.0,3,0,0,1
66,90000,salaried,female,obc,primary,2.5,0,1,mahila_shakti_kendra,100.0,2,0,0,1
66,90000,salaried,female,obc,primary,2.5,0,1,pm_suraksha_bima,100.0,2,0,0,1
66,90000,salaried,female,obc,primary,2.5,0,1,deen_dayal_disability,100.0,2,0,0,1
66,90000,salaried,female,obc,primary,2.5,0,1,mgnregs,66.7,2,1,0,1
66,90000,salaried,female,obc,primary,2.5,0,1,pm_kisan,0.0,3,1,1,0
66,90000,salaried,female,obc,primary,2.5,0,1,pm_fasal_bima,0.0,2,1,1,0
66,90000,salaried,female,obc,primary,2.5,0,1,kisan_credit_card,0.0,2,1,1,0
66,90000,salaried,female,obc,primary,2.5,0,1,national_scholarship_portal,0.0,2,2,1,0
66,90000,salaried,female,obc,primary,2.5,0,1,pm_scholarship_scheme,0.0,1,2,1,0
66,90000,salaried,female,obc,primary,2.5,0,1,ayushman_bharat,0.0,1,1,1,0
66,90000,salaried,female,obc,primary,2.5,0,1,pm_jeevan_jyoti,0.0,1,1,1,0
66,90000,salaried,female,obc,primary,2.5,0,1,pm_awas_yojana_gramin,0.0,3,1,1,0
66,90000,salaried,female,obc,primary,2.5,0,1,pm_mudra_yojana,0.0,1,2,1,0
66,90000,salaried,female,obc,primary,2.5,0,1,startup_india_seed_fund,0.0,0,2,1,0
66,90000,salaried,female,obc,primary,2.5,0,1,post_matric_sc,0.0,1,2,1,0
66,90000,salaried,female,obc,primary,2.5,0,1,eklavya_model_school,0.0,0,3,1,0
66,90000,salaried,female,obc,primary,2.5,0,1,indira_gandhi_old_age,0.0,2,1,1,0
48,400000,salaried,male,sc,graduate,1,0,0,pm_suraksha_bima,100.0,2,0,0,1
48,400000,salaried,male,sc,graduate,1,0,0,pm_jeevan_jyoti,100.0,2,0,0,1
48,400000,salaried,male,sc,graduate,1,0,0,mgnregs,33.3,1,2,0,1
48,400000,salaried,male,sc,graduate,1,0,0,pm_kisan,0.0,2,2,1,0
48,400000,salaried,male,sc,graduate,1,0,0,pm_fasal_bima,0.0,2,1,1,0
48,400000,salaried,male,sc,graduate,1,0,0,kisan_credit_card,0.0,2,1,1,0
48,400000,salaried,male,sc,graduate,1,0,0,pm_matru_vandana,0.0,2,1,1,0
48,400000,salaried,male,sc,graduate,1,0,0,mahila_shakti_kendra,0.0,0,2,1,0
48,400000,salaried,male,sc,graduate,1,0,0,national_scholarship_portal,0.0,1,3,1,0
48,400000,salaried,male,sc,graduate,1,0,0,pm_scholarship_scheme,0.0,1,2,1,0
48,400000,salaried,male,sc,graduate,1,0,0,ayushman_bharat,0.0,0,2,1,0
48,400000,salaried,male,sc,graduate,1,0,0,pm_awas_yojana_gramin,0.0,2,2,1,0
48,400000,salaried,male,sc,graduate,1,0,0,pm_mudra_yojana,0.0,2,1,1,0
48,400000,salaried,male,sc,graduate,1,0,0,startup_india_seed_fund,0.0,1,1,1,0
48,400000,salaried,male,sc,graduate,1,0,0,deen_dayal_disability,0.0,0,2,1,0
48,400000,salaried,male,sc,graduate,1,0,0,post_matric_sc,0.0,1,2,1,0
48,400000,salaried,male,sc,graduate,1,0,0,eklavya_model_school,0.0,0,3,1,0
48,400000,salaried,male,sc,graduate,1,0,0,indira_gandhi_old_age,0.0,0,3,1,0
31,250000,salaried,female,sc,secondary,5,0,1,pm_matru_vandana,100.0,3,0,0,0
31,250000,salaried,female,sc,secondary,5,0,1,mahila_shakti_kendra,100.0,2,0,0,1
31,250000,salaried,female,sc,secondary,5,0,1,pm_suraksha_bima,100.0,2,0,0,1
31,250000,salaried,female,sc,secondary,5,0,1,pm_jeevan_jyoti,100.0,2,0,0,1
31,250000,salaried,female,sc,secondary,5,0,1,deen_dayal_disability,100.0,2,0,0,1
31,250000,salaried,female,sc,secondary,5,0,1,mgnregs,33.3,1,2,0,0
31,250000,salaried,female,sc,secondary,5,0,1,pm_kisan,0.0,2,2,1,0
31,250000,salaried,female,sc,secondary,5,0,1,pm_fasal_bima,0.0,2,1,1,0
31,250000,salaried,female,sc,secondary,5,0,1,kisan_credit_card,0.0,2,1,1,0
31,250000,salaried,female,sc,secondary,5,0,1,national_scholarship_portal,0.0,2,2,1,0
31,250000,salaried,female,sc,secondary,5,0,1,pm_scholarship_scheme,0.0,1,2,1,0
31,250000,salaried,female,sc,secondary,5,0,1,ayushman_bharat,0.0,0,2,1,0
31,250000,salaried,female,sc,secondary,5,0,1,pm_awas_yojana_gramin,0.0,2,2,1,0
31,250000,salaried,female,sc,secondary,5,0,1,pm_mudra_yojana,0.0,2,1,1,0
31,250000,salaried,female,sc,secondary,5,0,1,startup_india_seed_fund,0.0,1,1,1,0
31,250000,salaried,female,sc,secondary,5,0,1,post_matric_sc,0.0,2,1,1,0
31,250000,salaried,female,sc,secondary,5,0,1,eklavya_model_school,0.0,0,3,1,0
31,250000,salaried,female,sc,secondary,5,0,1,indira_gandhi_old_age,0.0,0,3,1,0
53,800000,daily_wage,male,st,graduate,0,0,0,pm_suraksha_bima,66.7,1,1,0,1
53,800000,daily_wage,male,st,graduate,0,0,0,mgnregs,66.7,2,1,0,1
53,800000,daily_wage,male,st,graduate,0,0,0,pm_kisan,0.0,2,2,1,0
53,800000,daily_wage,male,st,graduate,0,0,0,pm_fasal_bima,0.0,1,2,1,0
53,800000,daily_wage,male,st,graduate,0,0,0,kisan_credit_card,0.0,1,2,1,0
53,800000,daily_wage,male,st,graduate,0,0,0,pm_matru_vandana,0.0,2,1,1,0
53,800000,daily_wage,male,st,graduate,0,0,0,mahila_shakti_kendra,0.0,0,2,1,0
53,800000,daily_wage,male,st,graduate,0,0,0,national_scholarship_portal,0.0,1,3,1,0
53,800000,daily_wage,male,st,graduate,0,0,0,pm_scholarship_scheme,0.0,0,3,1,0
53,800000,daily_wage,male,st,graduate,0,0,0,ayushman_bharat,0.0,0,2,1,0
53,800000,daily_wage,male,st,graduate,0,0,0,pm_jeevan_jyoti,0.0,0,2,1,0
53,800000,daily_wage,male,st,graduate,0,0,0,pm_awas_yojana_gramin,0.0,2,2,1,0
53,800000,daily_wage,male,st,graduate,0,0,0,pm_mudra_yojana,0.0,2,1,1,0
53,800000,daily_wage,male,st,graduate,0,0,0,startup_india_seed_fund,0.0,0,2,1,0
53,800000,daily_wage,male,st,graduate,0,0,0,deen_dayal_disability,0.0,0,2,1,0
53,800000,daily_wage,male,st,graduate,0,0,0,post_matric_sc,0.0,0,3,1,0
53,800000,daily_wage,male,st,graduate,0,0,0,eklavya_model_school,0.0,1,2,1,0
53,800000,daily_wage,male,st,graduate,0,0,0,indira_gandhi_old_age,0.0,0,3,1,0
36,800000,daily_wage,female,general,none,0.5,1,0,pm_matru_vandana,100.0,3,0,0,1
36,800000,daily_wage,female,general,none,0.5,1,0,pm_awas_yojana_gramin,71.4,3,1,0,0
36,800000,daily_wage,female,general,none,0.5,1,0,pm_suraksha_bima,66.7,1,1,0,0
36,800000,daily_wage,female,general,none,0.5,1,0,pm_jeevan_jyoti,66.7,1,1,0,1
36,800000,daily_wage,female,general,none,0.5,1,0,mgnregs,66.7,2,1,0,1
36,800000,daily_wage,female,general,none,0.5,1,0,mahila_shakti_kendra,60.0,1,1,0,1
36,800000,daily_wage,female,general,none,0.5,1,0,ayushman_bharat,60.0,1,1,0,0
36,800000,daily_wage,female,general,none,0.5,1,0,pm_kisan,0.0,2,2,1,0
36,800000,daily_wage,female,general,none,0.5,1,0,pm_fasal_bima,0.0,2,1,1,0
36,800000,daily_wage,female,general,none,0.5,1,0,kisan_credit_card,0.0,2,1,1,0
36,800000,daily_wage,female,general,none,0.5,1,0,national_scholarship_portal,0.0,0,4,1,0
36,800000,daily_wage,female,general,none,0.5,1,0,pm_scholarship_scheme,0.0,0,3,1,0
36,800000,daily_wage,female,general,none,0.5,1,0,pm_mudra_yojana,0.0,2,1,1,0
36,800000,daily_wage,female,general,none,0.5,1,0,startup_india_seed_fund,0.0,1,1,1,0
36,800000,daily_wage,female,general,none,0.5,1,0,deen_dayal_disability,0.0,0,2,1,0
36,800000,daily_wage,female,general,none,0.5,1,0,post_matric_sc,0.0,0,3,1,0
36,800000,daily_wage,female,general,none,0.5,1,0,eklavya_model_school,0.0,0,3,1,0
36,800000,daily_wage,female,general,none,0.5,1,0,indira_gandhi_old_age,0.0,1,2,1,0
67,0,unemployed,female,sc,secondary,1,0,0,pm_matru_vandana,100.0,3,0,0,0
67,0,unemployed,female,sc,secondary,1,0,0,mahila_shakti_kendra,100.0,2,0,0,1
67,0,unemployed,female,sc,secondary,1,0,0,pm_suraksha_bima,100.0,2,0,0,1
67,0,unemployed,female,sc,secondary,1,0,0,mgnregs,100.0,3,0,0,1
67,0,unemployed,female,sc,secondary,1,0,0,pm_kisan,0.0,3,1,1,0
67,0,unemployed,female,sc,secondary,1,0,0,pm_fasal_bima,0.0,2,1,1,0
67,0,unemployed,female,sc,secondary,1,0,0,kisan_credit_card,0.0,2,1,1,0
67,0,unemployed,female,sc,secondary,1,0,0,national_scholarship_portal,0.0,2,2,1,0
67,0,unemployed,female,sc,secondary,1,0,0,pm_scholarship_scheme,0.0,1,2,1,0
67,0,unemployed,female,sc,secondary,1,0,0,ayushman_bharat,0.0,1,1,1,0
67,0,unemployed,female,sc,secondary,1,0,0,pm_jeevan_jyoti,0.0,1,1,1,0
67,0,unemployed,female,sc,secondary,1,0,0,pm_awas_yojana_gramin,0.0,3,1,1,0
67,0,unemployed,female,sc,secondary,1,0,0,pm_mudra_yojana,0.0,1,2,1,0
67,0,unemployed,female,sc,secondary,1,0,0,startup_india_seed_fund,0.0,0,2,1,0
67,0,unemployed,female,sc,secondary,1,0,0,deen_dayal_disability,0.0,1,1,1,0
67,0,unemployed,female,sc,secondary,1,0,0,post_matric_sc,0.0,2,1,1,0
67,0,unemployed,female,sc,secondary,1,0,0,eklavya_model_school,0.0,0,3,1,0
67,0,unemployed,female,sc,secondary,1,0,0,indira_gandhi_old_age,0.0,2,1,1,0
76,400000,daily_wage,other,st,graduate,1,0,0,mgnregs,66.7,2,1,0,0
76,400000,daily_wage,other,st,graduate,1,0,0,pm_kisan,0.0,2,2,1,0
76,400000,daily_wage,other,st,graduate,1,0,0,pm_fasal_bima,0.0,2,1,1,0
76,400000,daily_wage,other,st,graduate,1,0,0,kisan_credit_card,0.0,1,2,1,0
76,400000,daily_wage,other,st,graduate,1,0,0,pm_matru_vandana,0.0,2,1,1,0
76,400000,daily_wage,other,st,graduate,1,0,0,mahila_shakti_kendra,0.0,0,2,1,0
76,400000,daily_wage,other,st,graduate,1,0,0,national_scholarship_portal,0.0,1,3,1,0
76,400000,daily_wage,other,st,graduate,1,0,0,pm_scholarship_scheme,0.0,1,2,1,0
76,400000,daily_wage,other,st,graduate,1,0,0,ayushman_bharat,0.0,0,2,1,0
76,400000,daily_wage,other,st,graduate,1,0,0,pm_suraksha_bima,0.0,1,1,1,0
76,400000,daily_wage,other,st,graduate,1,0,0,pm_jeevan_jyoti,0.0,1,1,1,0
76,400000,daily_wage,other,st,graduate,1,0,0,pm_awas_yojana_gramin,0.0,2,2,1,0
76,400000,daily_wage,other,st,graduate,1,0,0,pm_mudra_yojana,0.0,1,2,1,0
76,400000,daily_wage,other,st,graduate,1,0,0,startup_india_seed_fund,0.0,0,2,1,0
76,400000,daily_wage,other,st,graduate,1,0,0,deen_dayal_disability,0.0,0,2,1,0
76,400000,daily_wage,other,st,graduate,1,0,0,post_matric_sc,0.0,0,3,1,0
76,400000,daily_wage,other,st,graduate,1,0,0,eklavya_model_school,0.0,1,2,1,0
76,400000,daily_wage,other,st,graduate,1,0,0,indira_gandhi_old_age,0.0,1,2,1,0
31,90000,salaried,male,general,primary,1,0,0,pm_suraksha_bima,100.0,2,0,0,1
31,90000,salaried,male,general,primary,1,0,0,pm_jeevan_jyoti,100.0,2,0,0,1
31,90000,salaried,male,general,primary,1,0,0,mgnregs,66.7,2,1,0,1
31,90000,salaried,male,general,primary,1,0,0,pm_kisan,0.0,3,1,1,0
31,90000,salaried,male,general,primary,1,0,0,pm_fasal_bima,0.0,2,1,1,0
31,90000,salaried,male,general,primary,1,0,0,kisan_credit_card,0.0,2,1,1,0
31,90000,salaried,male,general,primary,1,0,0,pm_matru_vandana,0.0,2,1,1,0
31,90000,salaried,male,general,primary,1,0,0,mahila_shakti_kendra,0.0,1,1,1,0
31,90000,salaried,male,general,primary,1,0,0,national_scholarship_portal,0.0,1,3,1,0
31,90000,salaried,male,general,primary,1,0,0,pm_scholarship_scheme,0.0,1,2,1,0
31,90000,salaried,male,general,primary,1,0,0,ayushman_bharat,0.0,1,1,1,0
31,90000,salaried,male,general,primary,1,0,0,pm_awas_yojana_gramin,0.0,3,1,1,0
31,90000,salaried,male,general,primary,1,0,0,pm_mudra_yojana,0.0,2,1,1,0
31,90000,salaried,male,general,primary,1,0,0,startup_india_seed_fund,0.0,1,1,1,0
31,90000,salaried,male,general,primary,1,0,0,deen_dayal_disability,0.0,1,1,1,0
31,90000,salaried,male,general,primary,1,0,0,post_matric_sc,0.0,1,2,1,0
31,90000,salaried,male,general,primary,1,0,0,eklavya_model_school,0.0,0,3,1,0
31,90000,salaried,male,general,primary,1,0,0,indira_gandhi_old_age,0.0,1,2,1,0
55,40000,unemployed,male,general,secondary,2.5,0,0,pm_suraksha_bima,100.0,2,0,0,1
55,40000,unemployed,male,general,secondary,2.5,0,0,mgnregs,100.0,3,0,0,1
55,40000,unemployed,male,general,secondary,2.5,0,0,pm_kisan,0.0,3,1,1,0
55,40000,unemployed,male,general,secondary,2.5,0,0,pm_fasal_bima,0.0,2,1,1,0
55,40000,unemployed,male,general,secondary,2.5,0,0,kisan_credit_card,0.0,2,1,1,0
55,40000,unemployed,male,general,secondary,2.5,0,0,pm_matru_vandana,0.0,2,1,1,0
55,40000,unemployed,male,general,secondary,2.5,0,0,mahila_shakti_kendra,0.0,1,1,1,0
55,40000,unemployed,male,general,secondary,2.5,0,0,national_scholarship_portal,0.0,1,3,1,0
55,40000,unemployed,male,general,secondary,2.5,0,0,pm_scholarship_scheme,0.0,1,2,1,0
55,40000,unemployed,male,general,secondary,2.5,0,0,ayushman_bharat,0.0,1,1,1,0
55,40000,unemployed,male,general,secondary,2.5,0,0,pm_jeevan_jyoti,0.0,1,1,1,0
55,40000,unemployed,male,general,secondary,2.5,0,0,pm_awas_yojana_gramin,0.0,3,1,1,0
55,40000,unemployed,male,general,secondary,2.5,0,0,pm_mudra_yojana,0.0,2,1,1,0
55,40000,unemployed,male,general,secondary,2.5,0,0,startup_india_seed_fund,0.0,0,2,1,0
55,40000,unemployed,male,general,secondary,2.5,0,0,deen_dayal_disability,0.0,1,1,1,0
55,40000,unemployed,male,general,secondary,2.5,0,0,post_matric_sc,0.0,1,2,1,0
55,40000,unemployed,male,general,secondary,2.5,0,0,eklavya_model_school,0.0,0,3,1,0
55,40000,unemployed,male,general,secondary,2.5,0,0,indira_gandhi_old_age,0.0,1,2,1,0
34,250000,unemployed,other,st,graduate,0.5,1,0,pm_suraksha_bima,100.0,2,0,0,1
34,250000,unemployed,other,st,graduate,0.5,1,0,pm_jeevan_jyoti,100.0,2,0,0,1
34,250000,unemployed,other,st,graduate,0.5,1,0,pm_awas_yojana_gramin,100.0,4,0,0,1
34,250000,unemployed,other,st,graduate,0.5,1,0,mgnregs,66.7,2,1,0,0
34,250000,unemployed,other,st,graduate,0.5,1,0,ayushman_bharat,60.0,1,1,0,0
34,250000,unemployed,other,st,graduate,0.5,1,0,pm_kisan,0.0,2,2,1,0
34,250000,unemployed,other,st,graduate,0.5,1,0,pm_fasal_bima,0.0,2,1,1,0
34,250000,unemployed,other,st,graduate,0.5,1,0,kisan_credit_card,0.0,2,1,1,0
34,250000,unemployed,other,st,graduate,0.5,1,0,pm_matru_vandana,0.0,2,1,1,0
34,250000,unemployed,other,st,graduate,0.5,1,0,mahila_shakti_kendra,0.0,1,1,1,0
34,250000,unemployed,other,st,graduate,0.5,1,0,national_scholarship_portal,0.0,2,2,1,0
34,250000,unemployed,other,st,graduate,0.5,1,0,pm_scholarship_scheme,0.0,1,2,1,0
34,250000,unemployed,other,st,graduate,0.5,1,0,pm_mudra_yojana,0.0,2,1,1,0
34,250000,unemployed,other,st,graduate,0.5,1,0,startup_india_seed_fund,0.0,1,1,1,0
34,250000,unemployed,other,st,graduate,0.5,1,0,deen_dayal_disability,0.0,1,1,1,0
34,250000,unemployed,other,st,graduate,0.5,1,0,post_matric_sc,0.0,1,2,1,0
34,250000,unemployed,other,st,graduate,0.5,1,0,eklavya_model_school,0.0,1,2,1,0
34,250000,unemployed,other,st,graduate,0.5,1,0,indira_gandhi_old_age,0.0,1,2,1,0
35,40000,unemployed,male,general,graduate,0,0,0,pm_suraksha_bima,100.0,2,0,0,1
35,40000,unemployed,male,general,graduate,0,0,0,pm_jeevan_jyoti,100.0,2,0,0,1
35,40000,unemployed,male,general,graduate,0,0,0,mgnregs,100.0,3,0,0,1
35,40000,unemployed,male,general,graduate,0,0,0,pm_kisan,0.0,3,1,1,0
35,40000,unemployed,male,general,graduate,0,0,0,pm_fasal_bima,0.0,1,2,1,0
35,40000,unemployed,male,general,graduate,0,0,0,kisan_credit_card,0.0,1,2,1,0
35,40000,unemployed,male,general,graduate,0,0,0,pm_matru_vandana,0.0,2,1,1,0
35,40000,unemployed,male,general,graduate,0,0,0,mahila_shakti_kendra,0.0,1,1,1,0
35,40000,unemployed,male,general,graduate,0,0,0,national_scholarship_portal,0.0,1,3,1,0
35,40000,unemployed,male,general,graduate,0,0,0,pm_scholarship_scheme,0.0,1,2,1,0
35,40000,unemployed,male,general,graduate,0,0,0,ayushman_bharat,0.0,1,1,1,0
35,40000,unemployed,male,general,graduate,0,0,0,pm_awas_yojana_gramin,0.0,3,1,1,0
35,40000,unemployed,male,general,graduate,0,0,0,pm_mudra_yojana,0.0,2,1,1,0
35,40000,unemployed,male,general,graduate,0,0,0,startup_india_seed_fund,0.0,1,1,1,0
35,40000,unemployed,male,general,graduate,0,0,0,deen_dayal_disability,0.0,1,1,1,0
35,40000,unemployed,male,general,graduate,0,0,0,post_matric_sc,0.0,1,2,1,0
35,40000,unemployed,male,general,graduate,0,0,0,eklavya_model_school,0.0,0,3,1,0
35,40000,unemployed,male,general,graduate,0,0,0,indira_gandhi_old_age,0.0,1,2,1,0
50,250000,student,male,sc,none,1,0,0,pm_suraksha_bima,100.0,2,0,0,1
50,250000,student,male,sc,none,1,0,0,pm_jeevan_jyoti,100.0,2,0,0,0
50,250000,student,male,sc,none,1,0,0,post_matric_sc,100.0,3,0,0,1
50,250000,student,male,sc,none,1,0,0,national_scholarship_portal,87.5,3,1,0,1
50,250000,student,male,sc,none,1,0,0,pm_scholarship_scheme,83.3,2,1,0,0
50,250000,student,male,sc,none,1,0,0,mgnregs,33.3,1,2,0,0
50,250000,student,male,sc,none,1,0,0,pm_kisan,0.0,2,2,1,0
50,250000,student,male,sc,none,1,0,0,pm_fasal_bima,0.0,2,1,1,0
50,250000,student,male,sc,none,1,0,0,kisan_credit_card,0.0,2,1,1,0
50,250000,student,male,sc,none,1,0,0,pm_matru_vandana,0.0,2,1,1,0
50,250000,student,male,sc,none,1,0,0,mahila_shakti_kendra,0.0,1,1,1,0
50,250000,student,male,sc,none,1,0,0,ayushman_bharat,0.0,0,2,1,0
50,250000,student,male,sc,none,1,0,0,pm_awas_yojana_gramin,0.0,3,1,1,0
50,250000,student,male,sc,none,1,0,0,pm_mudra_yojana,0.0,2,1,1,0
50,250000,student,male,sc,none,1,0,0,startup_india_seed_fund,0.0,1,1,1,0
50,250000,student,male,sc,none,1,0,0,deen_dayal_disability,0.0,1,1,1,0
50,250000,student,male,sc,none,1,0,0,eklavya_model_school,0.0,1,2,1,0
50,250000,student,male,sc,none,1,0,0,indira_gandhi_old_age,0.0,0,3,1,0
20,0,daily_wage,female,general,secondary,0.5,1,0,pm_matru_vandana,100.0,3,0,0,1
20,0,daily_wage,female,general,secondary,0.5,1,0,mahila_shakti_kendra,100.0,2,0,0,1
20,0,daily_wage,female,general,secondary,0.5,1,0,ayushman_bharat,100.0,2,0,0,1
20,0,daily_wage,female,general,secondary,0.5,1,0,pm_suraksha_bima,100.0,2,0,0,1
20,0,daily_wage,female,general,secondary,0.5,1,0,pm_jeevan_jyoti,100.0,2,0,0,1
20,0,daily_wage,female,general,secondary,0.5,1,0,pm_awas_yojana_gramin,100.0,4,0,0,1
20,0,daily_wage,female,general,secondary,0.5,1,0,mgnregs,100.0,3,0,0,1
20,0,daily_wage,female,general,secondary,0.5,1,0,pm_kisan,0.0,3,1,1,0
20,0,daily_wage,female,general,secondary,0.5,1,0,pm_fasal_bima,0.0,2,1,1,0
20,0,daily_wage,female,general,secondary,0.5,1,0,kisan_credit_card,0.0,2,1,1,0
20,0,daily_wage,female,general,secondary,0.5,1,0,national_scholarship_portal,0.0,2,2,1,0
20,0,daily_wage,female,general,secondary,0.5,1,0,pm_scholarship_scheme,0.0,2,1,1,0
20,0,daily_wage,female,general,secondary,0.5,1,0,pm_mudra_yojana,0.0,2,1,1,0
20,0,daily_wage,female,general,secondary,0.5,1,0,startup_india_seed_fund,0.0,1,1,1,0
20,0,daily_wage,female,general,secondary,0.5,1,0,deen_dayal_disability,0.0,1,1,1,0
20,0,daily_wage,female,general,secondary,0.5,1,0,post_matric_sc,0.0,1,2,1,0
20,0,daily_wage,female,general,secondary,0.5,1,0,eklavya_model_school,0.0,0,3,1,0
20,0,daily_wage,female,general,secondary,0.5,1,0,indira_gandhi_old_age,0.0,2,1,1,0
27,250000,farmer,female,st,none,0.5,0,0,pm_fasal_bima,100.0,3,0,0,1
27,250000,farmer,female,st,none,0.5,0,0,kisan_credit_card,100.0,3,0,0,1
27,250000,farmer,female,st,none,0.5,0,0,pm_matru_vandana,100.0,3,0,0,1
27,250000,farmer,female,st,none,0.5,0,0,mahila_shakti_kendra,100.0,2,0,0,1
27,250000,farmer,female,st,none,0.5,0,0,pm_suraksha_bima,100.0,2,0,0,1
27,250000,farmer,female,st,none,0.5,0,0,pm_jeevan_jyoti,100.0,2,0,0,1
27,250000,farmer,female,st,none,0.5,0,0,pm_kisan,75.0,3,1,0,1
27,250000,farmer,female,st,none,0.5,0,0,mgnregs,66.7,2,1,0,0
27,250000,farmer,female,st,none,0.5,0,0,national_scholarship_portal,0.0,3,1,1,0
27,250000,farmer,female,st,none,0.5,0,0,pm_scholarship_scheme,0.0,1,2,1,0
27,250000,farmer,female,st,none,0.5,0,0,ayushman_bharat,0.0,0,2,1,0
27,250000,farmer,female,st,none,0.5,0,0,pm_awas_yojana_gramin,0.0,3,1,1,0
27,250000,farmer,female,st,none,0.5,0,0,pm_mudra_yojana,0.0,2,1,1,0
27,250000,farmer,female,st,none,0.5,0,0,startup_india_seed_fund,0.0,1,1,1,0
27,250000,farmer,female,st,none,0.5,0,0,deen_dayal_disability,0.0,1,1,1,0
27,250000,farmer,female,st,none,0.5,0,0,post_matric_sc,0.0,1,2,1,0
27,250000,farmer,female,st,none,0.5,0,0,eklavya_model_school,0.0,1,2,1,0
27,250000,farmer,female,st,none,0.5,0,0,indira_gandhi_old_age,0.0,0,3,1,0
18,150000,other,male,obc,secondary,0.5,0,0,pm_suraksha_bima,100.0,2,0,0,1
18,150000,other,male,obc,secondary,0.5,0,0,pm_jeevan_jyoti,100.0,2,0,0,1
18,150000,other,male,obc,secondary,0.5,0,0,mgnregs,100.0,3,0,0,1
18,150000,other,male,obc,secondary,0.5,0,0,pm_kisan,0.0,3,1,1,0
18,150000,other,male,obc,secondary,0.5,0,0,pm_fasal_bima,0.0,2,1,1,0
18,150000,other,male,obc,secondary,0.5,0,0,kisan_credit_card,0.0,2,1,1,0
18,150000,other,male,obc,secondary,0.5,0,0,pm_matru_vandana,0.0,1,2,1,0
18,150000,other,male,obc,secondary,0.5,0,0,mahila_shakti_kendra,0.0,1,1,1,0
18,150000,other,male,obc,secondary,0.5,0,0,national_scholarship_portal,0.0,3,1,1,0
18,150000,other,male,obc,secondary,0.5,0,0,pm_scholarship_scheme,0.0,2,1,1,0
18,150000,other,male,obc,secondary,0.5,0,0,ayushman_bharat,0.0,0,2,1,0
18,150000,other,male,obc,secondary,0.5,0,0,pm_awas_yojana_gramin,0.0,3,1,1,0
18,150000,other,male,obc,secondary,0.5,0,0,pm_mudra_yojana,0.0,2,1,1,0
18,150000,other,male,obc,secondary,0.5,0,0,startup_india_seed_fund,0.0,1,1,1,0
18,150000,other,male,obc,secondary,0.5,0,0,deen_dayal_disability,0.0,1,1,1,0
18,150000,other,male,obc,secondary,0.5,0,0,post_matric_sc,0.0,1,2,1,0
18,150000,other,male,obc,secondary,0.5,0,0,eklavya_model_school,0.0,1,2,1,0
18,150000,other,male,obc,secondary,0.5,0,0,indira_gandhi_old_age,0.0,0,3,1,0
69,0,other,other,sc,secondary,0.5,0,0,pm_suraksha_bima,100.0,2,0,0,1
69,0,other,other,sc,secondary,0.5,0,0,mgnregs,100.0,3,0,0,1
69,0,other,other,sc,secondary,0.5,0,0,pm_kisan,0.0,3,1,1,0
69,0,other,other,sc,secondary,0.5,0,0,pm_fasal_bima,0.0,2,1,1,0
69,0,other,other,sc,secondary,0.5,0,0,kisan_credit_card,0.0,2,1,1,0
69,0,other,other,sc,secondary,0.5,0,0,pm_matru_vandana,0.0,2,1,1,0
69,0,other,other,sc,secondary,0.5,0,0,mahila_shakti_kendra,0.0,1,1,1,0
69,0,other,other,sc,secondary,0.5,0,0,national_scholarship_portal,0.0,2,2,1,0
69,0,other,other,sc,secondary,0.5,0,0,pm_scholarship_scheme,0.0,1,2,1,0
69,0,other,other,sc,secondary,0.5,0,0,ayushman_bharat,0.0,1,1,1,0
69,0,other,other,sc,secondary,0.5,0,0,pm_jeevan_jyoti,0.0,1,1,1,0
69,0,other,other,sc,secondary,0.5,0,0,pm_awas_yojana_gramin,0.0,3,1,1,0
69,0,other,other,sc,secondary,0.5,0,0,pm_mudra_yojana,0.0,1,2,1,0
69,0,other,other,sc,secondary,0.5,0,0,startup_india_seed_fund,0.0,0,2,1,0
69,0,other,other,sc,secondary,0.5,0,0,deen_dayal_disability,0.0,1,1,1,0
69,0,other,other,sc,secondary,0.5,0,0,post_matric_sc,0.0,2,1,1,0
69,0,other,other,sc,secondary,0.5,0,0,eklavya_model_school,0.0,0,3,1,0
69,0,other,other,sc,secondary,0.5,0,0,indira_gandhi_old_age,0.0,2,1,1,0
19,800000,unemployed,female,general,graduate,0,0,0,pm_matru_vandana,100.0,3,0,0,1
19,800000,unemployed,female,general,graduate,0,0,0,pm_suraksha_bima,66.7,1,1,0,1
19,800000,unemployed,female,general,graduate,0,0,0,pm_jeevan_jyoti,66.7,1,1,0,1
19,800000,unemployed,female,general,graduate,0,0,0,mgnregs,66.7,2,1,0,0
19,800000,unemployed,female,general,graduate,0,0,0,mahila_shakti_kendra,60.0,1,1,0,1
19,800000,unemployed,female,general,graduate,0,0,0,pm_kisan,0.0,2,2,1,0
19,800000,unemployed,female,general,graduate,0,0,0,pm_fasal_bima,0.0,1,2,1,0
19,800000,unemployed,female,general,graduate,0,0,0,kisan_credit_card,0.0,1,2,1,0
19,800000,unemployed,female,general,graduate,0,0,0,national_scholarship_portal,0.0,1,3,1,0
19,800000,unemployed,female,general,graduate,0,0,0,pm_scholarship_scheme,0.0,1,2,1,0
19,800000,unemployed,female,general,graduate,0,0,0,ayushman_bharat,0.0,0,2,1,0
19,800000,unemployed,female,general,graduate,0,0,0,pm_awas_yojana_gramin,0.0,2,2,1,0
19,800000,unemployed,female,general,graduate,0,0,0,pm_mudra_yojana,0.0,2,1,1,0
19,800000,unemployed,female,general,graduate,0,0,0,startup_india_seed_fund,0.0,1,1,1,0
19,800000,unemployed,female,general,graduate,0,0,0,deen_dayal_disability,0.0,0,2,1,0
19,800000,unemployed,female,general,graduate,0,0,0,post_matric_sc,0.0,0,3,1,0
19,800000,unemployed,female,general,graduate,0,0,0,eklavya_model_school,0.0,0,3,1,0
19,800000,unemployed,female,general,graduate,0,0,0,indira_gandhi_old_age,0.0,0,3,1,0
48,400000,farmer,male,sc,graduate,2.5,1,0,pm_fasal_bima,100.0,3,0,0,1
48,400000,farmer,male,sc,graduate,2.5,1,0,kisan_credit_card,100.0,3,0,0,1
48,400000,farmer,male,sc,graduate,2.5,1,0,pm_suraksha_bima,100.0,2,0,0,0
48,400000,farmer,male,sc,graduate,2.5,1,0,pm_jeevan_jyoti,100.0,2,0,0,1
48,400000,farmer,male,sc,graduate,2.5,1,0,pm_kisan,75.0,3,1,0,1
48,400000,farmer,male,sc,graduate,2.5,1,0,pm_awas_yojana_gramin,71.4,3,1,0,0
48,400000,farmer,male,sc,graduate,2.5,1,0,mgnregs,66.7,2,1,0,1
48,400000,farmer,male,sc,graduate,2.5,1,0,ayushman_bharat,60.0,1,1,0,1
48,400000,farmer,male,sc,graduate,2.5,1,0,pm_matru_vandana,0.0,2,1,1,0
48,400000,farmer,male,sc,graduate,2.5,1,0,mahila_shakti_kendra,0.0,0,2,1,0
48,400000,farmer,male,sc,graduate,2.5,1,0,national_scholarship_portal,0.0,1,3,1,0
48,400000,farmer,male,sc,graduate,2.5,1,0,pm_scholarship_scheme,0.0,1,2,1,0
48,400000,farmer,male,sc,graduate,2.5,1,0,pm_mudra_yojana,0.0,2,1,1,0
48,400000,farmer,male,sc,graduate,2.5,1,0,startup_india_seed_fund,0.0,1,1,1,0
48,400000,farmer,male,sc,graduate,2.5,1,0,deen_dayal_disability,0.0,0,2,1,0
48,400000,farmer,male,sc,graduate,2.5,1,0,post_matric_sc,0.0,1,2,1,0
48,400000,farmer,male,sc,graduate,2.5,1,0,eklavya_model_school,0.0,0,3,1,0
48,400000,farmer,male,sc,graduate,2.5,1,0,indira_gandhi_old_age,0.0,1,2,1,0
42,0,student,male,sc,primary,0,1,0,ayushman_bharat,100.0,2,0,0,1
42,0,student,male,sc,primary,0,1,0,pm_suraksha_bima,100.0,2,0,0,1
42,0,student,male,sc,primary,0,1,0,pm_jeevan_jyoti,100.0,2,0,0,1
42,0,student,male,sc,primary,0,1,0,pm_awas_yojana_gramin,100.0,4,0,0,1
42,0,student,male,sc,primary,0,1,0,post_matric_sc,100.0,3,0,0,1
42,0,student,male,sc,primary,0,1,0,national_scholarship_portal,87.5,3,1,0,1
42,0,student,male,sc,primary,0,1,0,pm_scholarship_scheme,83.3,2,1,0,0
42,0,student,male,sc,primary,0,1,0,mgnregs,66.7,2,1,0,1
42,0,student,male,sc,primary,0,1,0,pm_kisan,0.0,3,1,1,0
42,0,student,male,sc,primary,0,1,0,pm_fasal_bima,0.0,1,2,1,0
42,0,student,male,sc,primary,0,1,0,kisan_credit_card,0.0,1,2,1,0
42,0,student,male,sc,primary,0,1,0,pm_matru_vandana,0.0,2,1,1,0
42,0,student,male,sc,primary,0,1,0,mahila_shakti_kendra,0.0,1,1,1,0
42,0,student,male,sc,primary,0,1,0,pm_mudra_yojana,0.0,2,1,1,0
42,0,student,male,sc,primary,0,1,0,startup_india_seed_fund,0.0,1,1,1,0
42,0,student,male,sc,primary,0,1,0,deen_dayal_disability,0.0,1,1,1,0
42,0,student,male,sc,primary,0,1,0,eklavya_model_school,0.0,1,2,1,0
42,0,student,male,sc,primary,0,1,0,indira_gandhi_old_age,0.0,2,1,1,0
34,0,salaried,other,st,none,0.5,0,0,pm_suraksha_bima,100.0,2,0,0,1
34,0,salaried,other,st,none,0.5,0,0,pm_jeevan_jyoti,100.0,2,0,0,1
34,0,salaried,other,st,none,0.5,0,0,mgnregs,66.7,2,1,0,1
34,0,salaried,other,st,none,0.5,0,0,pm_kisan,0.0,3,1,1,0
34,0,salaried,other,st,none,0.5,0,0,pm_fasal_bima,0.0,2,1,1,0
34,0,salaried,other,st,none,0.5,0,0,kisan_credit_card,0.0,2,1,1,0
34,0,salaried,other,st,none,0.5,0,0,pm_matru_vandana,0.0,2,1,1,0
34,0,salaried,other,st,none,0.5,0,0,mahila_shakti_kendra,0.0,1,1,1,0
34,0,salaried,other,st,none,0.5,0,0,national_scholarship_portal,0.0,2,2,1,0
34,0,salaried,other,st,none,0.5,0,0,pm_scholarship_scheme,0.0,1,2,1,0
34,0,salaried,other,st,none,0.5,0,0,ayushman_bharat,0.0,1,1,1,0
34,0,salaried,other,st,none,0.5,0,0,pm_awas_yojana_gramin,0.0,3,1,1,0
34,0,salaried,other,st,none,0.5,0,0,pm_mudra_yojana,0.0,2,1,1,0
34,0,salaried,other,st,none,0.5,0,0,startup_india_seed_fund,0.0,1,1,1,0
34,0,salaried,other,st,none,0.5,0,0,deen_dayal_disability,0.0,1,1,1,0
34,0,salaried,other,st,none,0.5,0,0,post_matric_sc,0.0,1,2,1,0
34,0,salaried,other,st,none,0.5,0,0,eklavya_model_school,0.0,1,2,1,0
34,0,salaried,other,st,none,0.5,0,0,indira_gandhi_old_age,0.0,1,2,1,0
41,800000,farmer,male,st,primary,2.5,1,0,pm_fasal_bima,100.0,3,0,0,1
41,800000,farmer,male,st,primary,2.5,1,0,kisan_credit_card,100.0,3,0,0,1
41,800000,farmer,male,st,primary,2.5,1,0,pm_kisan,75.0,3,1,0,1
41,800000,farmer,male,st,primary,2.5,1,0,pm_awas_yojana_gramin,71.4,3,1,0,0
41,800000,farmer,male,st,primary,2.5,1,0,pm_suraksha_bima,66.7,1,1,0,0
41,800000,farmer,male,st,primary,2.5,1,0,pm_jeevan_jyoti,66.7,1,1,0,1
41,800000,farmer,male,st,primary,2.5,1,0,mgnregs,66.7,2,1,0,1
41,800000,farmer,male,st,primary,2.5,1,0,ayushman_bharat,60.0,1,1,0,1
41,800000,farmer,male,st,primary,2.5,1,0,pm_matru_vandana,0.0,2,1,1,0
41,800000,farmer,male,st,primary,2.5,1,0,mahila_shakti_kendra,0.0,0,2,1,0
41,800000,farmer,male,st,primary,2.5,1,0,national_scholarship_portal,0.0,1,3,1,0
41,800000,farmer,male,st,primary,2.5,1,0,pm_scholarship_scheme,0.0,0,3,1,0
41,800000,farmer,male,st,primary,2.5,1,0,pm_mudra_yojana,0.0,2,1,1,0
41,800000,farmer,male,st,primary,2.5,1,0,startup_india_seed_fund,0.0,1,1,1,0
41,800000,farmer,male,st,primary,2.5,1,0,deen_dayal_disability,0.0,0,2,1,0
41,800000,farmer,male,st,primary,2.5,1,0,post_matric_sc,0.0,0,3,1,0
41,800000,farmer,male,st,primary,2.5,1,0,eklavya_model_school,0.0,1,2,1,0
41,800000,farmer,male,st,primary,2.5,1,0,indira_gandhi_old_age,0.0,1,2,1,0
64,0,farmer,male,general,graduate,0,0,0,pm_kisan,100.0,4,0,0,1
64,0,farmer,male,general,graduate,0,0,0,pm_suraksha_bima,100.0,2,0,0,1
64,0,farmer,male,general,graduate,0,0,0,mgnregs,100.0,3,0,0,1
64,0,farmer,male,general,graduate,0,0,0,pm_fasal_bima,66.7,2,1,0,0
64,0,farmer,male,general,graduate,0,0,0,kisan_credit_card,66.7,2,1,0,1
64,0,farmer,male,general,graduate,0,0,0,pm_matru_vandana,0.0,2,1,1,0
64,0,farmer,male,general,graduate,0,0,0,mahila_shakti_kendra,0.0,1,1,1,0
64,0,farmer,male,general,graduate,0,0,0,national_scholarship_portal,0.0,1,3,1,0
64,0,farmer,male,general,graduate,0,0,0,pm_scholarship_scheme,0.0,1,2,1,0
64,0,farmer,male,general,graduate,0,0,0,ayushman_bharat,0.0,1,1,1,0
64,0,farmer,male,general,graduate,0,0,0,pm_jeevan_jyoti,0.0,1,1,1,0
64,0,farmer,male,general,graduate,0,0,0,pm_awas_yojana_gramin,0.0,3,1,1,0
64,0,farmer,male,general,graduate,0,0,0,pm_mudra_yojana,0.0,2,1,1,0
64,0,farmer,male,general,graduate,0,0,0,startup_india_seed_fund,0.0,0,2,1,0
64,0,farmer,male,general,graduate,0,0,0,deen_dayal_disability,0.0,1,1,1,0
64,0,farmer,male,general,graduate,0,0,0,post_matric_sc,0.0,1,2,1,0
64,0,farmer,male,general,graduate,0,0,0,eklavya_model_school,0.0,0,3,1,0
64,0,farmer,male,general,graduate,0,0,0,indira_gandhi_old_age,0.0,2,1,1,0
30,250000,farmer,other,sc,none,0,0,0,pm_suraksha_bima,100.0,2,0,0,1
30,250000,farmer,other,sc,none,0,0,0,pm_jeevan_jyoti,100.0,2,0,0,1
30,250000,farmer,other,sc,none,0,0,0,pm_kisan,75.0,3,1,0,0
30,250000,farmer,other,sc,none,0,0,0,pm_fasal_bima,66.7,2,1,0,1
30,250000,farmer,other,sc,none,0,0,0,kisan_credit_card,66.7,2,1,0,1
30,250000,farmer,other,sc,none,0,0,0,mgnregs,66.7,2,1,0,1
30,250000,farmer,other,sc,none,0,0,0,pm_matru_vandana,0.0,2,1,1,0
30,250000,farmer,other,sc,none,0,0,0,mahila_shakti_kendra,0.0,1,1,1,0
30,250000,farmer,other,sc,none,0,0,0,national_scholarship_portal,0.0,3,1,1,0
30,250000,farmer,other,sc,none,0,0,0,pm_scholarship_scheme,0.0,1,2,1,0
30,250000,farmer,other,sc,none,0,0,0,ayushman_bharat,0.0,0,2,1,0
30,250000,farmer,other,sc,none,0,0,0,pm_awas_yojana_gramin,0.0,3,1,1,0
30,250000,farmer,other,sc,none,0,0,0,pm_mudra_yojana,0.0,2,1,1,0
30,250000,farmer,other,sc,none,0,0,0,startup_india_seed_fund,0.0,1,1,1,0
30,250000,farmer,other,sc,none,0,0,0,deen_dayal_disability,0.0,1,1,1,0
30,250000,farmer,other,sc,none,0,0,0,post_matric_sc,0.0,2,1,1,0
30,250000,farmer,other,sc,none,0,0,0,eklavya_model_school,0.0,0,3,1,0
30,250000,farmer,other,sc,none,0,0,0,indira_gandhi_old_age,0.0,0,3,1,0
65,150000,salaried,other,obc,none,0,0,0,pm_suraksha_bima,100.0,2,0,0,1
65,150000,salaried,other,obc,none,0,0,0,mgnregs,66.7,2,1,0,0
65,150000,salaried,other,obc,none,0,0,0,pm_kisan,0.0,3,1,1,0
65,150000,salaried,other,obc,none,0,0,0,pm_fasal_bima,0.0,1,2,1,0
65,150000,salaried,other,obc,none,0,0,0,kisan_credit_card,0.0,1,2,1,0
65,150000,salaried,other,obc,none,0,0,0,pm_matru_vandana,0.0,2,1,1,0
65,150000,salaried,other,obc,none,0,0,0,mahila_shakti_kendra,0.0,1,1,1,0
65,150000,salaried,other,obc,none,0,0,0,national_scholarship_portal,0.0,2,2,1,0
65,150000,salaried,other,obc,none,0,0,0,pm_scholarship_scheme,0.0,1,2,1,0
65,150000,salaried,other,obc,none,0,0,0,ayushman_bharat,0.0,0,2,1,0
65,150000,salaried,other,obc,none,0,0,0,pm_jeevan_jyoti,0.0,1,1,1,0
65,150000,salaried,other,obc,none,0,0,0,pm_awas_yojana_gramin,0.0,3,1,1,0
65,150000,salaried,other,obc,none,0,0,0,pm_mudra_yojana,0.0,2,1,1,0
65,150000,salaried,other,obc,none,0,0,0,startup_india_seed_fund,0.0,0,2,1,0
65,150000,salaried,other,obc,none,0,0,0,deen_dayal_disability,0.0,1,1,1,0
65,150000,salaried,other,obc,none,0,0,0,post_matric_sc,0.0,1,2,1,0
65,150000,salaried,other,obc,none,0,0,0,eklavya_model_school,0.0,0,3,1,0
65,150000,salaried,other,obc,none,0,0,0,indira_gandhi_old_age,0.0,1,2,1,0
39,250000,self_employed,female,sc,none,1,0,0,pm_matru_vandana,100.0,3,0,0,1
39,250000,self_employed,female,sc,none,1,0,0,mahila_shakti_kendra,100.0,2,0,0,0
39,250000,self_employed,female,sc,none,1,0,0,pm_suraksha_bima,100.0,2,0,0,1
39,250000,self_employed,female,sc,none,1,0,0,pm_jeevan_jyoti,100.0,2,0,0,1
39,250000,self_employed,female,sc,none,1,0,0,pm_mudra_yojana,100.0,3,0,0,1
39,250000,self_employed,female,sc,none,1,0,0,startup_india_seed_fund,100.0,2,0,0,1
39,250000,self_employed,female,sc,none,1,0,0,mgnregs,66.7,2,1,0,1
39,250000,self_employed,female,sc,none,1,0,0,pm_kisan,0.0,2,2,1,0
39,250000,self_employed,female,sc,none,1,0,0,pm_fasal_bima,0.0,2,1,1,0
39,250000,self_employed,female,sc,none,1,0,0,kisan_credit_card,0.0,2,1,1,0
39,250000,self_employed,female,sc,none,1,0,0,national_scholarship_portal,0.0,2,2,1,0
39,250000,self_employed,female,sc,none,1,0,0,pm_scholarship_scheme,0.0,1,2,1,0
39,250000,self_employed,female,sc,none,1,0,0,ayushman_bharat,0.0,0,2,1,0
39,250000,self_employed,female,sc,none,1,0,0,pm_awas_yojana_gramin,0.0,3,1,1,0
39,250000,self_employed,female,sc,none,1,0,0,deen_dayal_disability,0.0,1,1,1,0
39,250000,self_employed,female,sc,none,1,0,0,post_matric_sc,0.0,2,1,1,0
39,250000,self_employed,female,sc,none,1,0,0,eklavya_model_school,0.0,0,3,1,0
39,250000,self_employed,female,sc,none,1,0,0,indira_gandhi_old_age,0.0,0,3,1,0
61,800000,self_employed,male,obc,secondary,0,0,0,pm_mudra_yojana,100.0,3,0,0,1
61,800000,self_employed,male,obc,secondary,0,0,0,startup_india_seed_fund,75.0,1,1,0,0
61,800000,self_employed,male,obc,secondary,0,0,0,pm_suraksha_bima,66.7,1,1,0,0
61,800000,self_employed,male,obc,secondary,0,0,0,mgnregs,66.7,2,1,0,1
61,800000,self_employed,male,obc,secondary,0,0,0,pm_kisan,0.0,2,2,1,0
61,800000,self_employed,male,obc,secondary,0,0,0,pm_fasal_bima,0.0,1,2,1,0
61,800000,self_employed,male,obc,secondary,0,0,0,kisan_credit_card,0.0,1,2,1,0
61,800000,self_employed,male,obc,secondary,0,0,0,pm_matru_vandana,0.0,2,1,1,0
61,800000,self_employed,male,obc,secondary,0,0,0,mahila_shakti_kendra,0.0,0,2,1,0
61,800000,self_employed,male,obc,secondary,0,0,0,national_scholarship_portal,0.0,1,3,1,0
61,800000,self_employed,male,obc,secondary,0,0,0,pm_scholarship_scheme,0.0,0,3,1,0
61,800000,self_employed,male,obc,secondary,0,0,0,ayushman_bharat,0.0,0,2,1,0
61,800000,self_employed,male,obc,secondary,0,0,0,pm_jeevan_jyoti,0.0,0,2,1,0
61,800000,self_employed,male,obc,secondary,0,0,0,pm_awas_yojana_gramin,0.0,2,2,1,0
61,800000,self_employed,male,obc,secondary,0,0,0,deen_dayal_disability,0.0,0,2,1,0
61,800000,self_employed,male,obc,secondary,0,0,0,post_matric_sc,0.0,0,3,1,0
61,800000,self_employed,male,obc,secondary,0,0,0,eklavya_model_school,0.0,0,3,1,0
61,800000,self_employed,male,obc,secondary,0,0,0,indira_gandhi_old_age,0.0,1,2,1,0
68,250000,unemployed,other,general,none,0.5,1,0,pm_suraksha_bima,100.0,2,0,0,1
68,250000,unemployed,other,general,none,0.5,1,0,pm_awas_yojana_gramin,100.0,4,0,0,1
68,250000,unemployed,other,general,none,0.5,1,0,indira_gandhi_old_age,75.0,2,1,0,1
68,250000,unemployed,other,general,none,0.5,1,0,mgnregs,66.7,2,1,0,1
68,250000,unemployed,other,general,none,0.5,1,0,ayushman_bharat,60.0,1,1,0,1
68,250000,unemployed,other,general,none,0.5,1,0,pm_kisan,0.0,2,2,1,0
68,250000,unemployed,other,general,none,0.5,1,0,pm_fasal_bima,0.0,2,1,1,0
68,250000,unemployed,other,general,none,0.5,1,0,kisan_credit_card,0.0,2,1,1,0
68,250000,unemployed,other,general,none,0.5,1,0,pm_matru_vandana,0.0,2,1,1,0
68,250000,unemployed,other,general,none,0.5,1,0,mahila_shakti_kendra,0.0,1,1,1,0
68,250000,unemployed,other,general,none,0.5,1,0,national_scholarship_portal,0.0,1,3,1,0
68,250000,unemployed,other,general,none,0.5,1,0,pm_scholarship_scheme,0.0,1,2,1,0
68,250000,unemployed,other,general,none,0.5,1,0,pm_jeevan_jyoti,0.0,1,1,1,0
68,250000,unemployed,other,general,none,0.5,1,0,pm_mudra_yojana,0.0,1,2,1,0
68,250000,unemployed,other,general,none,0.5,1,0,startup_india_seed_fund,0.0,0,2,1,0
68,250000,unemployed,other,general,none,0.5,1,0,deen_dayal_disability,0.0,1,1,1,0
68,250000,unemployed,other,general,none,0.5,1,0,post_matric_sc,0.0,1,2,1,0
68,250000,unemployed,other,general,none,0.5,1,0,eklavya_model_school,0.0,0,3,1,0
48,0,farmer,other,obc,postgraduate,5,0,0,pm_kisan,100.0,4,0,0,1
48,0,farmer,other,obc,postgraduate,5,0,0,pm_fasal_bima,100.0,3,0,0,1
48,0,farmer,other,obc,postgraduate,5,0,0,kisan_credit_card,100.0,3,0,0,1
48,0,farmer,other,obc,postgraduate,5,0,0,pm_suraksha_bima,100.0,2,0,0,1
48,0,farmer,other,obc,postgraduate,5,0,0,pm_jeevan_jyoti,100.0,2,0,0,1
48,0,farmer,other,obc,postgraduate,5,0,0,mgnregs,100.0,3,0,0,0
48,0,farmer,other,obc,postgraduate,5,0,0,pm_matru_vandana,0.0,2,1,1,0
48,0,farmer,other,obc,postgraduate,5,0,0,mahila_shakti_kendra,0.0,1,1,1,0
48,0,farmer,other,obc,postgraduate,5,0,0,national_scholarship_portal,0.0,2,2,1,0
48,0,farmer,other,obc,postgraduate,5,0,0,pm_scholarship_scheme,0.0,1,2,1,0
48,0,farmer,other,obc,postgraduate,5,0,0,ayushman_bharat,0.0,1,1,1,0
48,0,farmer,other,obc,postgraduate,5,0,0,pm_awas_yojana_gramin,0.0,2,2,1,0
48,0,farmer,other,obc,postgraduate,5,0,0,pm_mudra_yojana,0.0,2,1,1,0
48,0,farmer,other,obc,postgraduate,5,0,0,startup_india_seed_fund,0.0,1,1,1,0
48,0,farmer,other,obc,postgraduate,5,0,0,deen_dayal_disability,0.0,1,1,1,0
48,0,farmer,other,obc,postgraduate,5,0,0,post_matric_sc,0.0,1,2,1,0
48,0,farmer,other,obc,postgraduate,5,0,0,eklavya_model_school,0.0,0,3,1,0
48,0,farmer,other,obc,postgraduate,5,0,0,indira_gandhi_old_age,0.0,1,2,1,0
51,800000,salaried,male,general,primary,1,0,0,pm_suraksha_bima,66.7,1,1,0,0
51,800000,salaried,male,general,primary,1,0,0,mgnregs,33.3,1,2,0,1
51,800000,salaried,male,general,primary,1,0,0,pm_kisan,0.0,2,2,1,0
51,800000,salaried,male,general,primary,1,0,0,pm_fasal_bima,0.0,2,1,1,0
51,800000,salaried,male,general,primary,1,0,0,kisan_credit_card,0.0,2,1,1,0
51,800000,salaried,male,general,primary,1,0,0,pm_matru_vandana,0.0,2,1,1,0
51,800000,salaried,male,general,primary,1,0,0,mahila_shakti_kendra,0.0,0,2,1,0
51,800000,salaried,male,general,primary,1,0,0,national_scholarship_portal,0.0,0,4,1,0
51,800000,salaried,male,general,primary,1,0,0,pm_scholarship_scheme,0.0,0,3,1,0
51,800000,salaried,male,general,primary,1,0,0,ayushman_bharat,0.0,0,2,1,0
51,800000,salaried,male,general,primary,1,0,0,pm_jeevan_jyoti,0.0,0,2,1,0
51,800000,salaried,male,general,primary,1,0,0,pm_awas_yojana_gramin,0.0,2,2,1,0
51,800000,salaried,male,general,primary,1,0,0,pm_mudra_yojana,0.0,2,1,1,0
51,800000,salaried,male,general,primary,1,0,0,startup_india_seed_fund,0.0,0,2,1,0
51,800000,salaried,male,general,primary,1,0,0,deen_dayal_disability,0.0,0,2,1,0
51,800000,salaried,male,general,primary,1,0,0,post_matric_sc,0.0,0,3,1,0
51,800000,salaried,male,general,primary,1,0,0,eklavya_model_school,0.0,0,3,1,0
51,800000,salaried,male,general,primary,1,0,0,indira_gandhi_old_age,0.0,0,3,1,0
57,800000,student,male,st,secondary,0,0,0,eklavya_model_school,83.3,2,1,0,0
57,800000,student,male,st,secondary,0,0,0,pm_suraksha_bima,66.7,1,1,0,1
57,800000,student,male,st,secondary,0,0,0,national_scholarship_portal,62.5,2,2,0,1
57,800000,student,male,st,secondary,0,0,0,pm_scholarship_scheme,50.0,1,2,0,1
57,800000,student,male,st,secondary,0,0,0,mgnregs,33.3,1,2,0,0
57,800000,student,male,st,secondary,0,0,0,pm_kisan,0.0,2,2,1,0
57,800000,student,male,st,secondary,0,0,0,pm_fasal_bima,0.0,1,2,1,0
57,800000,student,male,st,secondary,0,0,0,kisan_credit_card,0.0,1,2,1,0
57,800000,student,male,st,secondary,0,0,0,pm_matru_vandana,0.0,2,1,1,0
57,800000,student,male,st,secondary,0,0,0,mahila_shakti_kendra,0.0,0,2,1,0
57,800000,student,male,st,secondary,0,0,0,ayushman_bharat,0.0,0,2,1,0
57,800000,student,male,st,secondary,0,0,0,pm_jeevan_jyoti,0.0,0,2,1,0
57,800000,student,male,st,secondary,0,0,0,pm_awas_yojana_gramin,0.0,2,2,1,0
57,800000,student,male,st,secondary,0,0,0,pm_mudra_yojana,0.0,2,1,1,0
57,800000,student,male,st,secondary,0,0,0,startup_india_seed_fund,0.0,0,2,1,0
57,800000,student,male,st,secondary,0,0,0,deen_dayal_disability,0.0,0,2,1,0
57,800000,student,male,st,secondary,0,0,0,post_matric_sc,0.0,1,2,1,0
57,800000,student,male,st,secondary,0,0,0,indira_gandhi_old_age,0.0,0,3,1,0
23,150000,self_employed,other,general,primary,0,1,1,pm_suraksha_bima,100.0,2,0,0,1
23,150000,self_employed,other,general,primary,0,1,1,pm_jeevan_jyoti,100.0,2,0,0,1
23,150000,self_employed,other,general,primary,0,1,1,pm_awas_yojana_gramin,100.0,4,0,0,1
23,150000,self_employed,other,general,primary,0,1,1,mgnregs,100.0,3,0,0,1
23,150000,self_employed,other,general,primary,0,1,1,pm_mudra_yojana,100.0,3,0,0,1
23,150000,self_employed,other,general,primary,0,1,1,startup_india_seed_fund,100.0,2,0,0,1
23,150000,self_employed,other,general,primary,0,1,1,deen_dayal_disability,100.0,2,0,0,1
23,150000,self_employed,other,general,primary,0,1,1,ayushman_bharat,60.0,1,1,0,1
23,150000,self_employed,other,general,primary,0,1,1,pm_kisan,0.0,3,1,1,0
23,150000,self_employed,other,general,primary,0,1,1,pm_fasal_bima,0.0,1,2,1,0
23,150000,self_employed,other,general,primary,0,1,1,kisan_credit_card,0.0,1,2,1,0
23,150000,self_employed,other,general,primary,0,1,1,pm_matru_vandana,0.0,2,1,1,0
23,150000,self_employed,other,general,primary,0,1,1,mahila_shakti_kendra,0.0,1,1,1,0
23,150000,self_employed,other,general,primary,0,1,1,national_scholarship_portal,0.0,2,2,1,0
23,150000,self_employed,other,general,primary,0,1,1,pm_scholarship_scheme,0.0,2,1,1,0
23,150000,self_employed,other,general,primary,0,1,1,post_matric_sc,0.0,1,2,1,0
23,150000,self_employed,other,general,primary,0,1,1,eklavya_model_school,0.0,0,3,1,0
23,150000,self_employed,other,general,primary,0,1,1,indira_gandhi_old_age,0.0,1,2,1,0
65,800000,self_employed,male,st,secondary,0,1,0,pm_mudra_yojana,100.0,3,0,0,1
65,800000,self_employed,male,st,secondary,0,1,0,startup_india_seed_fund,75.0,1,1,0,1
65,800000,self_employed,male,st,secondary,0,1,0,indira_gandhi_old_age,75.0,2,1,0,1
65,800000,self_employed,male,st,secondary,0,1,0,pm_awas_yojana_gramin,71.4,3,1,0,1
65,800000,self_employed,male,st,secondary,0,1,0,pm_suraksha_bima,66.7,1,1,0,0
65,800000,self_employed,male,st,secondary,0,1,0,mgnregs,66.7,2,1,0,1
65,800000,self_employed,male,st,secondary,0,1,0,ayushman_bharat,60.0,1,1,0,1
65,800000,self_employed,male,st,secondary,0,1,0,pm_kisan,0.0,2,2,1,0
65,800000,self_employed,male,st,secondary,0,1,0,pm_fasal_bima,0.0,1,2,1,0
65,800000,self_employed,male,st,secondary,0,1,0,kisan_credit_card,0.0,1,2,1,0
65,800000,self_employed,male,st,secondary,0,1,0,pm_matru_vandana,0.0,2,1,1,0
65,800000,self_employed,male,st,secondary,0,1,0,mahila_shakti_kendra,0.0,0,2,1,0
65,800000,self_employed,male,st,secondary,0,1,0,national_scholarship_portal,0.0,1,3,1,0
65,800000,self_employed,male,st,secondary,0,1,0,pm_scholarship_scheme,0.0,0,3,1,0
65,800000,self_employed,male,st,secondary,0,1,0,pm_jeevan_jyoti,0.0,0,2,1,0
65,800000,self_employed,male,st,secondary,0,1,0,deen_dayal_disability,0.0,0,2,1,0
65,800000,self_employed,male,st,secondary,0,1,0,post_matric_sc,0.0,0,3,1,0
65,800000,self_employed,male,st,secondary,0,1,0,eklavya_model_school,0.0,1,2,1,0
72,150000,student,female,general,postgraduate,5,1,0,pm_matru_vandana,100.0,3,0,0,0
72,150000,student,female,general,postgraduate,5,1,0,mahila_shakti_kendra,100.0,2,0,0,1
72,150000,student,female,general,postgraduate,5,1,0,pm_awas_yojana_gramin,85.7,3,1,0,1
72,150000,student,female,general,postgraduate,5,1,0,pm_scholarship_scheme,83.3,2,1,0,1
72,150000,student,female,general,postgraduate,5,1,0,indira_gandhi_old_age,75.0,2,1,0,1
72,150000,student,female,general,postgraduate,5,1,0,mgnregs,66.7,2,1,0,1
72,150000,student,female,general,postgraduate,5,1,0,national_scholarship_portal,62.5,2,2,0,1
72,150000,student,female,general,postgraduate,5,1,0,ayushman_bharat,60.0,1,1,0,1
72,150000,student,female,general,postgraduate,5,1,0,pm_kisan,0.0,3,1,1,0
72,150000,student,female,general,postgraduate,5,1,0,pm_fasal_bima,0.0,2,1,1,0
72,150000,student,female,general,postgraduate,5,1,0,kisan_credit_card,0.0,2,1,1,0
72,150000,student,female,general,postgraduate,5,1,0,pm_suraksha_bima,0.0,1,1,1,0
72,150000,student,female,general,postgraduate,5,1,0,pm_jeevan_jyoti,0.0,1,1,1,0
72,150000,student,female,general,postgraduate,5,1,0,pm_mudra_yojana,0.0,1,2,1,0
72,150000,student,female,general,postgraduate,5,1,0,startup_india_seed_fund,0.0,0,2,1,0
72,150000,student,female,general,postgraduate,5,1,0,deen_dayal_disability,0.0,1,1,1,0
72,150000,student,female,general,postgraduate,5,1,0,post_matric_sc,0.0,2,1,1,0
72,150000,student,female,general,postgraduate,5,1,0,eklavya_model_school,0.0,1,2,1,0
73,400000,self_employed,male,obc,graduate,1,1,0,startup_india_seed_fund,75.0,1,1,0,1
73,400000,self_employed,male,obc,graduate,1,1,0,indira_gandhi_old_age,75.0,2,1,0,0
73,400000,self_employed,male,obc,graduate,1,1,0,pm_awas_yojana_gramin,71.4,3,1,0,1
73,400000,self_employed,male,obc,graduate,1,1,0,mgnregs,66.7,2,1,0,1
73,400000,self_employed,male,obc,graduate,1,1,0,ayushman_bharat,60.0,1,1,0,0
73,400000,self_employed,male,obc,graduate,1,1,0,pm_kisan,0.0,2,2,1,0
73,400000,self_employed,male,obc,graduate,1,1,0,pm_fasal_bima,0.0,2,1,1,0
73,400000,self_employed,male,obc,graduate,1,1,0,kisan_credit_card,0.0,2,1,1,0
73,400000,self_employed,male,obc,graduate,1,1,0,pm_matru_vandana,0.0,2,1,1,0
73,400000,self_employed,male,obc,graduate,1,1,0,mahila_shakti_kendra,0.0,0,2,1,0
73,400000,self_employed,male,obc,graduate,1,1,0,national_scholarship_portal,0.0,1,3,1,0
73,400000,self_employed,male,obc,graduate,1,1,0,pm_scholarship_scheme,0.0,1,2,1,0
73,400000,self_employed,male,obc,graduate,1,1,0,pm_suraksha_bima,0.0,1,1,1,0
73,400000,self_employed,male,obc,graduate,1,1,0,pm_jeevan_jyoti,0.0,1,1,1,0
73,400000,self_employed,male,obc,graduate,1,1,0,pm_mudra_yojana,0.0,2,1,1,0
73,400000,self_employed,male,obc,graduate,1,1,0,deen_dayal_disability,0.0,0,2,1,0
73,400000,self_employed,male,obc,graduate,1,1,0,post_matric_sc,0.0,0,3,1,0
73,400000,self_employed,male,obc,graduate,1,1,0,eklavya_model_school,0.0,0,3,1,0
33,400000,self_employed,male,st,primary,0,0,0,pm_suraksha_bima,100.0,2,0,0,1
33,400000,self_employed,male,st,primary,0,0,0,pm_jeevan_jyoti,100.0,2,0,0,1
33,400000,self_employed,male,st,primary,0,0,0,pm_mudra_yojana,100.0,3,0,0,1
33,400000,self_employed,male,st,primary,0,0,0,startup_india_seed_fund,100.0,2,0,0,1
33,400000,self_employed,male,st,primary,0,0,0,mgnregs,66.7,2,1,0,0
33,400000,self_employed,male,st,primary,0,0,0,pm_kisan,0.0,2,2,1,0
33,400000,self_employed,male,st,primary,0,0,0,pm_fasal_bima,0.0,1,2,1,0
33,400000,self_employed,male,st,primary,0,0,0,kisan_credit_card,0.0,1,2,1,0
33,400000,self_employed,male,st,primary,0,0,0,pm_matru_vandana,0.0,2,1,1,0
33,400000,self_employed,male,st,primary,0,0,0,mahila_shakti_kendra,0.0,0,2,1,0
33,400000,self_employed,male,st,primary,0,0,0,national_scholarship_portal,0.0,1,3,1,0
33,400000,self_employed,male,st,primary,0,0,0,pm_scholarship_scheme,0.0,1,2,1,0
33,400000,self_employed,male,st,primary,0,0,0,ayushman_bharat,0.0,0,2,1,0
33,400000,self_employed,male,st,primary,0,0,0,pm_awas_yojana_gramin,0.0,2,2,1,0
33,400000,self_employed,male,st,primary,0,0,0,deen_dayal_disability,0.0,0,2,1,0
33,400000,self_employed,male,st,primary,0,0,0,post_matric_sc,0.0,0,3,1,0
33,400000,self_employed,male,st,primary,0,0,0,eklavya_model_school,0.0,1,2,1,0
33,400000,self_employed,male,st,primary,0,0,0,indira_gandhi_old_age,0.0,0,3,1,0
41,0,salaried,male,obc,graduate,1,0,0,pm_suraksha_bima,100.0,2,0,0,0
41,0,salaried,male,obc,graduate,1,0,0,pm_jeevan_jyoti,100.0,2,0,0,0
41,0,salaried,male,obc,graduate,1,0,0,mgnregs,66.7,2,1,0,1
41,0,salaried,male,obc,graduate,1,0,0,pm_kisan,0.0,3,1,1,0
41,0,salaried,male,obc,graduate,1,0,0,pm_fasal_bima,0.0,2,1,1,0
41,0,salaried,male,obc,graduate,1,0,0,kisan_credit_card,0.0,2,1,1,0
41,0,salaried,male,obc,graduate,1,0,0,pm_matru_vandana,0.0,2,1,1,0
41,0,salaried,male,obc,graduate,1,0,0,mahila_shakti_kendra,0.0,1,1,1,0
41,0,salaried,male,obc,graduate,1,0,0,national_scholarship_portal,0.0,2,2,1,0
41,0,salaried,male,obc,graduate,1,0,0,pm_scholarship_scheme,0.0,1,2,1,0
41,0,salaried,male,obc,graduate,1,0,0,ayushman_bharat,0.0,1,1,1,0
41,0,salaried,male,obc,graduate,1,0,0,pm_awas_yojana_gramin,0.0,3,1,1,0
41,0,salaried,male,obc,graduate,1,0,0,pm_mudra_yojana,0.0,2,1,1,0
41,0,salaried,male,obc,graduate,1,0,0,startup_india_seed_fund,0.0,1,1,1,0
41,0,salaried,male,obc,graduate,1,0,0,deen_dayal_disability,0.0,1,1,1,0
41,0,salaried,male,obc,graduate,1,0,0,post_matric_sc,0.0,1,2,1,0
41,0,salaried,male,obc,graduate,1,0,0,eklavya_model_school,0.0,0,3,1,0
41,0,salaried,male,obc,graduate,1,0,0,indira_gandhi_old_age,0.0,1,2,1,0
76,40000,self_employed,female,sc,graduate,1,1,0,pm_matru_vandana,100.0,3,0,0,1
76,40000,self_employed,female,sc,graduate,1,1,0,mahila_shakti_kendra,100.0,2,0,0,1
76,40000,self_employed,female,sc,graduate,1,1,0,ayushman_bharat,100.0,2,0,0,1
76,40000,self_employed,female,sc,graduate,1,1,0,pm_awas_yojana_gramin,100.0,4,0,0,1
76,40000,self_employed,female,sc,graduate,1,1,0,mgnregs,100.0,3,0,0,1
76,40000,self_employed,female,sc,graduate,1,1,0,indira_gandhi_old_age,100.0,3,0,0,1
76,40000,self_employed,female,sc,graduate,1,1,0,startup_india_seed_fund,75.0,1,1,0,1
76,40000,self_employed,female,sc,graduate,1,1,0,pm_kisan,0.0,3,1,1,0
76,40000,self_employed,female,sc,graduate,1,1,0,pm_fasal_bima,0.0,2,1,1,0
76,40000,self_employed,female,sc,graduate,1,1,0,kisan_credit_card,0.0,1,2,1,0
76,40000,self_employed,female,sc,graduate,1,1,0,national_scholarship_portal,0.0,2,2,1,0
76,40000,self_employed,female,sc,graduate,1,1,0,pm_scholarship_scheme,0.0,1,2,1,0
76,40000,self_employed,female,sc,graduate,1,1,0,pm_suraksha_bima,0.0,1,1,1,0
76,40000,self_employed,female,sc,graduate,1,1,0,pm_jeevan_jyoti,0.0,1,1,1,0
76,40000,self_employed,female,sc,graduate,1,1,0,pm_mudra_yojana,0.0,2,1,1,0
76,40000,self_employed,female,sc,graduate,1,1,0,deen_dayal_disability,0.0,1,1,1,0
76,40000,self_employed,female,sc,graduate,1,1,0,post_matric_sc,0.0,2,1,1,0
76,40000,self_employed,female,sc,graduate,1,1,0,eklavya_model_school,0.0,0,3,1,0
69,40000,student,other,obc,none,0,1,0,ayushman_bharat,100.0,2,0,0,1
69,40000,student,other,obc,none,0,1,0,pm_suraksha_bima,100.0,2,0,0,1
69,40000,student,other,obc,none,0,1,0,pm_awas_yojana_gramin,100.0,4,0,0,1
69,40000,student,other,obc,none,0,1,0,indira_gandhi_old_age,100.0,3,0,0,0
69,40000,student,other,obc,none,0,1,0,national_scholarship_portal,87.5,3,1,0,1
69,40000,student,other,obc,none,0,1,0,pm_scholarship_scheme,83.3,2,1,0,0
69,40000,student,other,obc,none,0,1,0,mgnregs,66.7,2,1,0,1
69,40000,student,other,obc,none,0,1,0,pm_kisan,0.0,3,1,1,0
69,40000,student,other,obc,none,0,1,0,pm_fasal_bima,0.0,1,2,1,0
69,40000,student,other,obc,none,0,1,0,kisan_credit_card,0.0,1,2,1,0
69,40000,student,other,obc,none,0,1,0,pm_matru_vandana,0.0,2,1,1,0
69,40000,student,other,obc,none,0,1,0,mahila_shakti_kendra,0.0,1,1,1,0
69,40000,student,other,obc,none,0,1,0,pm_jeevan_jyoti,0.0,1,1,1,0
69,40000,student,other,obc,none,0,1,0,pm_mudra_yojana,0.0,1,2,1,0
69,40000,student,other,obc,none,0,1,0,startup_india_seed_fund,0.0,0,2,1,0
69,40000,student,other,obc,none,0,1,0,deen_dayal_disability,0.0,1,1,1,0
69,40000,student,other,obc,none,0,1,0,post_matric_sc,0.0,2,1,1,0
69,40000,student,other,obc,none,0,1,0,eklavya_model_school,0.0,1,2,1,0
25,90000,other,male,obc,postgraduate,0,0,0,pm_suraksha_bima,100.0,2,0,0,1
25,90000,other,male,obc,postgraduate,0,0,0,pm_jeevan_jyoti,100.0,2,0,0,1
25,90000,other,male,obc,postgraduate,0,0,0,mgnregs,100.0,3,0,0,1
25,90000,other,male,obc,postgraduate,0,0,0,pm_kisan,0.0,3,1,1,0
25,90000,other,male,obc,postgraduate,0,0,0,pm_fasal_bima,0.0,1,2,1,0
25,90000,other,male,obc,postgraduate,0,0,0,kisan_credit_card,0.0,1,2,1,0
25,90000,other,male,obc,postgraduate,0,0,0,pm_matru_vandana,0.0,2,1,1,0
25,90000,other,male,obc,postgraduate,0,0,0,mahila_shakti_kendra,0.0,1,1,1,0
25,90000,other,male,obc,postgraduate,0,0,0,national_scholarship_portal,0.0,3,1,1,0
25,90000,other,male,obc,postgraduate,0,0,0,pm_scholarship_scheme,0.0,2,1,1,0
25,90000,other,male,obc,postgraduate,0,0,0,ayushman_bharat,0.0,1,1,1,0
25,90000,other,male,obc,postgraduate,0,0,0,pm_awas_yojana_gramin,0.0,3,1,1,0
25,90000,other,male,obc,postgraduate,0,0,0,pm_mudra_yojana,0.0,2,1,1,0
25,90000,other,male,obc,postgraduate,0,0,0,startup_india_seed_fund,0.0,1,1,1,0
25,90000,other,male,obc,postgraduate,0,0,0,deen_dayal_disability,0.0,1,1,1,0
25,90000,other,male,obc,postgraduate,0,0,0,post_matric_sc,0.0,1,2,1,0
25,90000,other,male,obc,postgraduate,0,0,0,eklavya_model_school,0.0,0,3,1,0
25,90000,other,male,obc,postgraduate,0,0,0,indira_gandhi_old_age,0.0,1,2,1,0
40,150000,farmer,other,sc,primary,0.5,0,0,pm_kisan,100.0,4,0,0,1
40,150000,farmer,other,sc,primary,0.5,0,0,pm_fasal_bima,100.0,3,0,0,1
40,150000,farmer,other,sc,primary,0.5,0,0,kisan_credit_card,100.0,3,0,0,1
40,150000,farmer,other,sc,primary,0.5,0,0,pm_suraksha_bima,100.0,2,0,0,1
40,150000,farmer,other,sc,primary,0.5,0,0,pm_jeevan_jyoti,100.0,2,0,0,1
40,150000,farmer,other,sc,primary,0.5,0,0,mgnregs,100.0,3,0,0,1
40,150000,farmer,other,sc,primary,0.5,0,0,pm_matru_vandana,0.0,2,1,1,0
40,150000,farmer,other,sc,primary,0.5,0,0,mahila_shakti_kendra,0.0,1,1,1,0
40,150000,farmer,other,sc,primary,0.5,0,0,national_scholarship_portal,0.0,2,2,1,0
40,150000,farmer,other,sc,primary,0.5,0,0,pm_scholarship_scheme,0.0,1,2,1,0
40,150000,farmer,other,sc,primary,0.5,0,0,ayushman_bharat,0.0,0,2,1,0
40,150000,farmer,other,sc,primary,0.5,0,0,pm_awas_yojana_gramin,0.0,3,1,1,0
40,150000,farmer,other,sc,primary,0.5,0,0,pm_mudra_yojana,0.0,2,1,1,0
40,150000,farmer,other,sc,primary,0.5,0,0,startup_india_seed_fund,0.0,1,1,1,0
40,150000,farmer,other,sc,primary,0.5,0,0,deen_dayal_disability,0.0,1,1,1,0
40,150000,farmer,other,sc,primary,0.5,0,0,post_matric_sc,0.0,2,1,1,0
40,150000,farmer,other,sc,primary,0.5,0,0,eklavya_model_school,0.0,0,3,1,0
40,150000,farmer,other,sc,primary,0.5,0,0,indira_gandhi_old_age,0.0,0,3,1,0
39,150000,self_employed,male,st,primary,0.5,0,0,pm_suraksha_bima,100.0,2,0,0,1
39,150000,self_employed,male,st,primary,0.5,0,0,pm_jeevan_jyoti,100.0,2,0,0,1
39,150000,self_employed,male,st,primary,0.5,0,0,mgnregs,100.0,3,0,0,1
39,150000,self_employed,male,st,primary,0.5,0,0,pm_mudra_yojana,100.0,3,0,0,1
39,150000,self_employed,male,st,primary,0.5,0,0,startup_india_seed_fund,100.0,2,0,0,1
39,150000,self_employed,male,st,primary,0.5,0,0,pm_kisan,0.0,3,1,1,0
39,150000,self_employed,male,st,primary,0.5,0,0,pm_fasal_bima,0.0,2,1,1,0
39,150000,self_employed,male,st,primary,0.5,0,0,kisan_credit_card,0.0,2,1,1,0
39,150000,self_employed,male,st,primary,0.5,0,0,pm_matru_vandana,0.0,2,1,1,0
39,150000,self_employed,male,st,primary,0.5,0,0,mahila_shakti_kendra,0.0,1,1,1,0
39,150000,self_employed,male,st,primary,0.5,0,0,national_scholarship_portal,0.0,2,2,1,0
39,150000,self_employed,male,st,primary,0.5,0,0,pm_scholarship_scheme,0.0,1,2,1,0
39,150000,self_employed,male,st,primary,0.5,0,0,ayushman_bharat,0.0,0,2,1,0
39,150000,self_employed,male,st,primary,0.5,0,0,pm_awas_yojana_gramin,0.0,3,1,1,0
39,150000,self_employed,male,st,primary,0.5,0,0,deen_dayal_disability,0.0,1,1,1,0
39,150000,self_employed,male,st,primary,0.5,0,0,post_matric_sc,0.0,1,2,1,0
39,150000,self_employed,male,st,primary,0.5,0,0,eklavya_model_school,0.0,1,2,1,0
39,150000,self_employed,male,st,primary,0.5,0,0,indira_gandhi_old_age,0.0,0,3,1,0
33,150000,daily_wage,female,general,postgraduate,5,0,0,pm_matru_vandana,100.0,3,0,0,1
33,150000,daily_wage,female,general,postgraduate,5,0,0,mahila_shakti_kendra,100.0,2,0,0,1
33,150000,daily_wage,female,general,postgraduate,5,0,0,pm_suraksha_bima,100.0,2,0,0,1
33,150000,daily_wage,female,general,postgraduate,5,0,0,pm_jeevan_jyoti,100.0,2,0,0,1
33,150000,daily_wage,female,general,postgraduate,5,0,0,mgnregs,100.0,3,0,0,1
33,150000,daily_wage,female,general,postgraduate,5,0,0,pm_kisan,0.0,3,1,1,0
33,150000,daily_wage,female,general,postgraduate,5,0,0,pm_fasal_bima,0.0,2,1,1,0
33,150000,daily_wage,female,general,postgraduate,5,0,0,kisan_credit_card,0.0,2,1,1,0
33,150000,daily_wage,female,general,postgraduate,5,0,0,national_scholarship_portal,0.0,1,3,1,0
33,150000,daily_wage,female,general,postgraduate,5,0,0,pm_scholarship_scheme,0.0,1,2,1,0
33,150000,daily_wage,female,general,postgraduate,5,0,0,ayushman_bharat,0.0,0,2,1,0
33,150000,daily_wage,female,general,postgraduate,5,0,0,pm_awas_yojana_gramin,0.0,2,2,1,0
33,150000,daily_wage,female,general,postgraduate,5,0,0,pm_mudra_yojana,0.0,2,1,1,0
33,150000,daily_wage,female,general,postgraduate,5,0,0,startup_india_seed_fund,0.0,1,1,1,0
33,150000,daily_wage,female,general,postgraduate,5,0,0,deen_dayal_disability,0.0,1,1,1,0
33,150000,daily_wage,female,general,postgraduate,5,0,0,post_matric_sc,0.0,1,2,1,0
33,150000,daily_wage,female,general,postgraduate,5,0,0,eklavya_model_school,0.0,0,3,1,0
33,150000,daily_wage,female,general,postgraduate,5,0,0,indira_gandhi_old_age,0.0,0,3,1,0
53,800000,daily_wage,other,obc,secondary,5,0,0,pm_suraksha_bima,66.7,1,1,0,0
53,800000,daily_wage,other,obc,secondary,5,0,0,mgnregs,66.7,2,1,0,0
53,800000,daily_wage,other,obc,secondary,5,0,0,pm_kisan,0.0,2,2,1,0
53,800000,daily_wage,other,obc,secondary,5,0,0,pm_fasal_bima,0.0,2,1,1,0
53,800000,daily_wage,other,obc,secondary,5,0,0,kisan_credit_card,0.0,2,1,1,0
53,800000,daily_wage,other,obc,secondary,5,0,0,pm_matru_vandana,0.0,2,1,1,0
53,800000,daily_wage,other,obc,secondary,5,0,0,mahila_shakti_kendra,0.0,0,2,1,0
53,800000,daily_wage,other,obc,secondary,5,0,0,national_scholarship_portal,0.0,1,3,1,0
53,800000,daily_wage,other,obc,secondary,5,0,0,pm_scholarship_scheme,0.0,0,3,1,0
53,800000,daily_wage,other,obc,secondary,5,0,0,ayushman_bharat,0.0,0,2,1,0
53,800000,daily_wage,other,obc,secondary,5,0,0,pm_jeevan_jyoti,0.0,0,2,1,0
53,800000,daily_wage,other,obc,secondary,5,0,0,pm_awas_yojana_gramin,0.0,1,3,1,0
53,800000,daily_wage,other,obc,secondary,5,0,0,pm_mudra_yojana,0.0,2,1,1,0
53,800000,daily_wage,other,obc,secondary,5,0,0,startup_india_seed_fund,0.0,0,2,1,0
53,800000,daily_wage,other,obc,secondary,5,0,0,deen_dayal_disability,0.0,0,2,1,0
53,800000,daily_wage,other,obc,secondary,5,0,0,post_matric_sc,0.0,0,3,1,0
53,800000,daily_wage,other,obc,secondary,5,0,0,eklavya_model_school,0.0,0,3,1,0
53,800000,daily_wage,other,obc,secondary,5,0,0,indira_gandhi_old_age,0.0,0,3,1,0
21,40000,farmer,other,st,primary,0,1,1,pm_kisan,100.0,4,0,0,1
21,40000,farmer,other,st,primary,0,1,1,ayushman_bharat,100.0,2,0,0,1
21,40000,farmer,other,st,primary,0,1,1,pm_suraksha_bima,100.0,2,0,0,0
21,40000,farmer,other,st,primary,0,1,1,pm_jeevan_jyoti,100.0,2,0,0,1
21,40000,farmer,other,st,primary,0,1,1,pm_awas_yojana_gramin,100.0,4,0,0,0
21,40000,farmer,other,st,primary,0,1,1,mgnregs,100.0,3,0,0,1
21,40000,farmer,other,st,primary,0,1,1,deen_dayal_disability,100.0,2,0,0,1
21,40000,farmer,other,st,primary,0,1,1,pm_fasal_bima,66.7,2,1,0,1
21,40000,farmer,other,st,primary,0,1,1,kisan_credit_card,66.7,2,1,0,1
21,40000,farmer,other,st,primary,0,1,1,pm_matru_vandana,0.0,2,1,1,0
21,40000,farmer,other,st,primary,0,1,1,mahila_shakti_kendra,0.0,1,1,1,0
21,40000,farmer,other,st,primary,0,1,1,national_scholarship_portal,0.0,3,1,1,0
21,40000,farmer,other,st,primary,0,1,1,pm_scholarship_scheme,0.0,2,1,1,0
21,40000,farmer,other,st,primary,0,1,1,pm_mudra_yojana,0.0,2,1,1,0
21,40000,farmer,other,st,primary,0,1,1,startup_india_seed_fund,0.0,1,1,1,0
21,40000,farmer,other,st,primary,0,1,1,post_matric_sc,0.0,1,2,1,0
21,40000,farmer,other,st,primary,0,1,1,eklavya_model_school,0.0,1,2,1,0
21,40000,farmer,other,st,primary,0,1,1,indira_gandhi_old_age,0.0,2,1,1,0
26,90000,student,female,general,primary,5,1,0,pm_matru_vandana,100.0,3,0,0,1
26,90000,student,female,general,primary,5,1,0,mahila_shakti_kendra,100.0,2,0,0,1
26,90000,student,female,general,primary,5,1,0,ayushman_bharat,100.0,2,0,0,1
26,90000,student,female,general,primary,5,1,0,pm_suraksha_bima,100.0,2,0,0,1
26,90000,student,female,general,primary,5,1,0,pm_jeevan_jyoti,100.0,2,0,0,1
26,90000,student,female,general,primary,5,1,0,pm_awas_yojana_gramin,85.7,3,1,0,1
26,90000,student,female,general,primary,5,1,0,pm_scholarship_scheme,83.3,2,1,0,1
26,90000,student,female,general,primary,5,1,0,national_scholarship_portal,75.0,3,1,0,1
26,90000,student,female,general,primary,5,1,0,mgnregs,66.7,2,1,0,1
26,90000,student,female,general,primary,5,1,0,pm_kisan,0.0,3,1,1,0
26,90000,student,female,general,primary,5,1,0,pm_fasal_bima,0.0,2,1,1,0
26,90000,student,female,general,primary,5,1,0,kisan_credit_card,0.0,2,1,1,0
26,90000,student,female,general,primary,5,1,0,pm_mudra_yojana,0.0,2,1,1,0
26,90000,student,female,general,primary,5,1,0,startup_india_seed_fund,0.0,1,1,1,0
26,90000,student,female,general,primary,5,1,0,deen_dayal_disability,0.0,1,1,1,0
26,90000,student,female,general,primary,5,1,0,post_matric_sc,0.0,2,1,1,0
26,90000,student,female,general,primary,5,1,0,eklavya_model_school,0.0,1,2,1,0
26,90000,student,female,general,primary,5,1,0,indira_gandhi_old_age,0.0,2,1,1,0
75,800000,other,male,general,postgraduate,5,0,1,mgnregs,66.7,2,1,0,0
75,800000,other,male,general,postgraduate,5,0,1,deen_dayal_disability,60.0,1,1,0,1
75,800000,other,male,general,postgraduate,5,0,1,pm_kisan,0.0,2,2,1,0
75,800000,other,male,general,postgraduate,5,0,1,pm_fasal_bima,0.0,2,1,1,0
75,800000,other,male,general,postgraduate,5,0,1,kisan_credit_card,0.0,2,1,1,0
75,800000,other,male,general,postgraduate,5,0,1,pm_matru_vandana,0.0,2,1,1,0
75,800000,other,male,general,postgraduate,5,0,1,mahila_shakti_kendra,0.0,0,2,1,0
75,800000,other,male,general,postgraduate,5,0,1,national_scholarship_portal,0.0,0,4,1,0
75,800000,other,male,general,postgraduate,5,0,1,pm_scholarship_scheme,0.0,0,3,1,0
75,800000,other,male,general,postgraduate,5,0,1,ayushman_bharat,0.0,0,2,1,0
75,800000,other,male,general,postgraduate,5,0,1,pm_suraksha_bima,0.0,0,2,1,0
75,800000,other,male,general,postgraduate,5,0,1,pm_jeevan_jyoti,0.0,0,2,1,0
75,800000,other,male,general,postgraduate,5,0,1,pm_awas_yojana_gramin,0.0,1,3,1,0
75,800000,other,male,general,postgraduate,5,0,1,pm_mudra_yojana,0.0,1,2,1,0
75,800000,other,male,general,postgraduate,5,0,1,startup_india_seed_fund,0.0,0,2,1,0
75,800000,other,male,general,postgraduate,5,0,1,post_matric_sc,0.0,0,3,1,0
75,800000,other,male,general,postgraduate,5,0,1,eklavya_model_school,0.0,0,3,1,0
75,800000,other,male,general,postgraduate,5,0,1,indira_gandhi_old_age,0.0,1,2,1,0
70,250000,daily_wage,female,general,secondary,0.5,0,0,pm_matru_vandana,100.0,3,0,0,1
70,250000,daily_wage,female,general,secondary,0.5,0,0,mahila_shakti_kendra,100.0,2,0,0,1
70,250000,daily_wage,female,general,secondary,0.5,0,0,pm_suraksha_bima,100.0,2,0,0,1
70,250000,daily_wage,female,general,secondary,0.5,0,0,mgnregs,66.7,2,1,0,1
70,250000,daily_wage,female,general,secondary,0.5,0,0,pm_kisan,0.0,2,2,1,0
70,250000,daily_wage,female,general,secondary,0.5,0,0,pm_fasal_bima,0.0,2,1,1,0
70,250000,daily_wage,female,general,secondary,0.5,0,0,kisan_credit_card,0.0,2,1,1,0
70,250000,daily_wage,female,general,secondary,0.5,0,0,national_scholarship_portal,0.0,1,3,1,0
70,250000,daily_wage,female,general,secondary,0.5,0,0,pm_scholarship_scheme,0.0,1,2,1,0
70,250000,daily_wage,female,general,secondary,0.5,0,0,ayushman_bharat,0.0,0,2,1,0
70,250000,daily_wage,female,general,secondary,0.5,0,0,pm_jeevan_jyoti,0.0,1,1,1,0
70,250000,daily_wage,female,general,secondary,0.5,0,0,pm_awas_yojana_gramin,0.0,3,1,1,0
70,250000,daily_wage,female,general,secondary,0.5,0,0,pm_mudra_yojana,0.0,1,2,1,0
70,250000,daily_wage,female,general,secondary,0.5,0,0,startup_india_seed_fund,0.0,0,2,1,0
70,250000,daily_wage,female,general,secondary,0.5,0,0,deen_dayal_disability,0.0,1,1,1,0
70,250000,daily_wage,female,general,secondary,0.5,0,0,post_matric_sc,0.0,1,2,1,0
70,250000,daily_wage,female,general,secondary,0.5,0,0,eklavya_model_school,0.0,0,3,1,0
70,250000,daily_wage,female,general,secondary,0.5,0,0,indira_gandhi_old_age,0.0,1,2,1,0
36,0,student,female,sc,none,2.5,1,0,pm_matru_vandana,100.0,3,0,0,1
36,0,student,female,sc,none,2.5,1,0,mahila_shakti_kendra,100.0,2,0,0,1
36,0,student,female,sc,none,2.5,1,0,ayushman_bharat,100.0,2,0,0,1
36,0,student,female,sc,none,2.5,1,0,pm_suraksha_bima,100.0,2,0,0,1
36,0,student,female,sc,none,2.5,1,0,pm_jeevan_jyoti,100.0,2,0,0,1
36,0,student,female,sc,none,2.5,1,0,pm_awas_yojana_gramin,100.0,4,0,0,1
36,0,student,female,sc,none,2.5,1,0,post_matric_sc,100.0,3,0,0,1
36,0,student,female,sc,none,2.5,1,0,national_scholarship_portal,87.5,3,1,0,1
36,0,student,female,sc,none,2.5,1,0,pm_scholarship_scheme,83.3,2,1,0,1
36,0,student,female,sc,none,2.5,1,0,mgnregs,66.7,2,1,0,1
36,0,student,female,sc,none,2.5,1,0,pm_kisan,0.0,3,1,1,0
36,0,student,female,sc,none,2.5,1,0,pm_fasal_bima,0.0,2,1,1,0
36,0,student,female,sc,none,2.5,1,0,kisan_credit_card,0.0,2,1,1,0
36,0,student,female,sc,none,2.5,1,0,pm_mudra_yojana,0.0,2,1,1,0
36,0,student,female,sc,none,2.5,1,0,startup_india_seed_fund,0.0,1,1,1,0
36,0,student,female,sc,none,2.5,1,0,deen_dayal_disability,0.0,1,1,1,0
36,0,student,female,sc,none,2.5,1,0,eklavya_model_school,0.0,1,2,1,0
36,0,student,female,sc,none,2.5,1,0,indira_gandhi_old_age,0.0,2,1,1,0
44,150000,self_employed,female,st,secondary,5,0,0,pm_matru_vandana,100.0,3,0,0,0
44,150000,self_employed,female,st,secondary,5,0,0,mahila_shakti_kendra,100.0,2,0,0,0
44,150000,self_employed,female,st,secondary,5,0,0,pm_suraksha_bima,100.0,2,0,0,0
44,150000,self_employed,female,st,secondary,5,0,0,pm_jeevan_jyoti,100.0,2,0,0,1
44,150000,self_employed,female,st,secondary,5,0,0,mgnregs,100.0,3,0,0,1
44,150000,self_employed,female,st,secondary,5,0,0,pm_mudra_yojana,100.0,3,0,0,1
44,150000,self_employed,female,st,secondary,5,0,0,startup_india_seed_fund,100.0,2,0,0,1
44,150000,self_employed,female,st,secondary,5,0,0,pm_kisan,0.0,3,1,1,0
44,150000,self_employed,female,st,secondary,5,0,0,pm_fasal_bima,0.0,2,1,1,0
44,150000,self_employed,female,st,secondary,5,0,0,kisan_credit_card,0.0,2,1,1,0
44,150000,self_employed,female,st,secondary,5,0,0,national_scholarship_portal,0.0,2,2,1,0
44,150000,self_employed,female,st,secondary,5,0,0,pm_scholarship_scheme,0.0,1,2,1,0
44,150000,self_employed,female,st,secondary,5,0,0,ayushman_bharat,0.0,0,2,1,0
44,150000,self_employed,female,st,secondary,5,0,0,pm_awas_yojana_gramin,0.0,2,2,1,0
44,150000,self_employed,female,st,secondary,5,0,0,deen_dayal_disability,0.0,1,1,1,0
44,150000,self_employed,female,st,secondary,5,0,0,post_matric_sc,0.0,1,2,1,0
44,150000,self_employed,female,st,secondary,5,0,0,eklavya_model_school,0.0,1,2,1,0
44,150000,self_employed,female,st,secondary,5,0,0,indira_gandhi_old_age,0.0,0,3,1,0
59,150000,daily_wage,male,obc,none,0,0,0,pm_suraksha_bima,100.0,2,0,0,1
59,150000,daily_wage,male,obc,none,0,0,0,mgnregs,100.0,3,0,0,1
59,150000,daily_wage,male,obc,none,0,0,0,pm_kisan,0.0,3,1,1,0
59,150000,daily_wage,male,obc,none,0,0,0,pm_fasal_bima,0.0,1,2,1,0
59,150000,daily_wage,male,obc,none,0,0,0,kisan_credit_card,0.0,1,2,1,0
59,150000,daily_wage,male,obc,none,0,0,0,pm_matru_vandana,0.0,2,1,1,0
59,150000,daily_wage,male,obc,none,0,0,0,mahila_shakti_kendra,0.0,1,1,1,0
59,150000,daily_wage,male,obc,none,0,0,0,national_scholarship_portal,0.0,2,2,1,0
59,150000,daily_wage,male,obc,none,0,0,0,pm_scholarship_scheme,0.0,1,2,1,0
59,150000,daily_wage,male,obc,none,0,0,0,ayushman_bharat,0.0,0,2,1,0
59,150000,daily_wage,male,obc,none,0,0,0,pm_jeevan_jyoti,0.0,1,1,1,0
59,150000,daily_wage,male,obc,none,0,0,0,pm_awas_yojana_gramin,0.0,3,1,1,0
59,150000,daily_wage,male,obc,none,0,0,0,pm_mudra_yojana,0.0,2,1,1,0
59,150000,daily_wage,male,obc,none,0,0,0,startup_india_seed_fund,0.0,0,2,1,0
59,150000,daily_wage,male,obc,none,0,0,0,deen_dayal_disability,0.0,1,1,1,0
59,150000,daily_wage,male,obc,none,0,0,0,post_matric_sc,0.0,1,2,1,0
59,150000,daily_wage,male,obc,none,0,0,0,eklavya_model_school,0.0,0,3,1,0
59,150000,daily_wage,male,obc,none,0,0,0,indira_gandhi_old_age,0.0,0,3,1,0
56,40000,other,other,st,graduate,0.5,1,0,ayushman_bharat,100.0,2,0,0,1
56,40000,other,other,st,graduate,0.5,1,0,pm_suraksha_bima,100.0,2,0,0,0
56,40000,other,other,st,graduate,0.5,1,0,pm_awas_yojana_gramin,100.0,4,0,0,1
56,40000,other,other,st,graduate,0.5,1,0,mgnregs,100.0,3,0,0,1
56,40000,other,other,st,graduate,0.5,1,0,pm_kisan,0.0,3,1,1,0
56,40000,other,other,st,graduate,0.5,1,0,pm_fasal_bima,0.0,2,1,1,0
56,40000,other,other,st,graduate,0.5,1,0,kisan_credit_card,0.0,2,1,1,0
56,40000,other,other,st,graduate,0.5,1,0,pm_matru_vandana,0.0,2,1,1,0
56,40000,other,other,st,graduate,0.5,1,0,mahila_shakti_kendra,0.0,1,1,1,0
56,40000,other,other,st,graduate,0.5,1,0,national_scholarship_portal,0.0,2,2,1,0
56,40000,other,other,st,graduate,0.5,1,0,pm_scholarship_scheme,0.0,1,2,1,0
56,40000,other,other,st,graduate,0.5,1,0,pm_jeevan_jyoti,0.0,1,1,1,0
56,40000,other,other,st,graduate,0.5,1,0,pm_mudra_yojana,0.0,2,1,1,0
56,40000,other,other,st,graduate,0.5,1,0,startup_india_seed_fund,0.0,0,2,1,0
56,40000,other,other,st,graduate,0.5,1,0,deen_dayal_disability,0.0,1,1,1,0
56,40000,other,other,st,graduate,0.5,1,0,post_matric_sc,0.0,1,2,1,0
56,40000,other,other,st,graduate,0.5,1,0,eklavya_model_school,0.0,1,2,1,0
56,40000,other,other,st,graduate,0.5,1,0,indira_gandhi_old_age,0.0,2,1,1,0
65,150000,student,male,sc,primary,2.5,0,0,pm_suraksha_bima,100.0,2,0,0,0
65,150000,student,male,sc,primary,2.5,0,0,post_matric_sc,100.0,3,0,0,0
65,150000,student,male,sc,primary,2.5,0,0,national_scholarship_portal,87.5,3,1,0,1
65,150000,student,male,sc,primary,2.5,0,0,pm_scholarship_scheme,83.3,2,1,0,1
65,150000,student,male,sc,primary,2.5,0,0,mgnregs,66.7,2,1,0,1
65,150000,student,male,sc,primary,2.5,0,0,pm_kisan,0.0,3,1,1,0
65,150000,student,male,sc,primary,2.5,0,0,pm_fasal_bima,0.0,2,1,1,0
65,150000,student,male,sc,primary,2.5,0,0,kisan_credit_card,0.0,2,1,1,0
65,150000,student,male,sc,primary,2.5,0,0,pm_matru_vandana,0.0,2,1,1,0
65,150000,student,male,sc,primary,2.5,0,0,mahila_shakti_kendra,0.0,1,1,1,0
65,150000,student,male,sc,primary,2.5,0,0,ayushman_bharat,0.0,0,2,1,0
65,150000,student,male,sc,primary,2.5,0,0,pm_jeevan_jyoti,0.0,1,1,1,0
65,150000,student,male,sc,primary,2.5,0,0,pm_awas_yojana_gramin,0.0,3,1,1,0
65,150000,student,male,sc,primary,2.5,0,0,pm_mudra_yojana,0.0,2,1,1,0
65,150000,student,male,sc,primary,2.5,0,0,startup_india_seed_fund,0.0,0,2,1,0
65,150000,student,male,sc,primary,2.5,0,0,deen_dayal_disability,0.0,1,1,1,0
65,150000,student,male,sc,primary,2.5,0,0,eklavya_model_school,0.0,1,2,1,0
65,150000,student,male,sc,primary,2.5,0,0,indira_gandhi_old_age,0.0,1,2,1,0
57,90000,student,other,sc,primary,2.5,1,1,ayushman_bharat,100.0,2,0,0,1
57,90000,student,other,sc,primary,2.5,1,1,pm_suraksha_bima,100.0,2,0,0,1
57,90000,student,other,sc,primary,2.5,1,1,pm_awas_yojana_gramin,100.0,4,0,0,0
57,90000,student,other,sc,primary,2.5,1,1,deen_dayal_disability,100.0,2,0,0,1
57,90000,student,other,sc,primary,2.5,1,1,post_matric_sc,100.0,3,0,0,1
57,90000,student,other,sc,primary,2.5,1,1,national_scholarship_portal,87.5,3,1,0,1
57,90000,student,other,sc,primary,2.5,1,1,pm_scholarship_scheme,83.3,2,1,0,1
57,90000,student,other,sc,primary,2.5,1,1,mgnregs,66.7,2,1,0,1
57,90000,student,other,sc,primary,2.5,1,1,pm_kisan,0.0,3,1,1,0
57,90000,student,other,sc,primary,2.5,1,1,pm_fasal_bima,0.0,2,1,1,0
57,90000,student,other,sc,primary,2.5,1,1,kisan_credit_card,0.0,2,1,1,0
57,90000,student,other,sc,primary,2.5,1,1,pm_matru_vandana,0.0,2,1,1,0
57,90000,student,other,sc,primary,2.5,1,1,mahila_shakti_kendra,0.0,1,1,1,0
57,90000,student,other,sc,primary,2.5,1,1,pm_jeevan_jyoti,0.0,1,1,1,0
57,90000,student,other,sc,primary,2.5,1,1,pm_mudra_yojana,0.0,2,1,1,0
57,90000,student,other,sc,primary,2.5,1,1,startup_india_seed_fund,0.0,0,2,1,0
57,90000,student,other,sc,primary,2.5,1,1,eklavya_model_school,0.0,1,2,1,0
57,90000,student,other,sc,primary,2.5,1,1,indira_gandhi_old_age,0.0,2,1,1,0
68,800000,unemployed,other,obc,secondary,0.5,0,0,pm_suraksha_bima,66.7,1,1,0,1
68,800000,unemployed,other,obc,secondary,0.5,0,0,mgnregs,66.7,2,1,0,1
68,800000,unemployed,other,obc,secondary,0.5,0,0,pm_kisan,0.0,2,2,1,0
68,800000,unemployed,other,obc,secondary,0.5,0,0,pm_fasal_bima,0.0,2,1,1,0
68,800000,unemployed,other,obc,secondary,0.5,0,0,kisan_credit_card,0.0,2,1,1,0
68,800000,unemployed,other,obc,secondary,0.5,0,0,pm_matru_vandana,0.0,2,1,1,0
68,800000,unemployed,other,obc,secondary,0.5,0,0,mahila_shakti_kendra,0.0,0,2,1,0
68,800000,unemployed,other,obc,secondary,0.5,0,0,national_scholarship_portal,0.0,1,3,1,0
68,800000,unemployed,other,obc,secondary,0.5,0,0,pm_scholarship_scheme,0.0,0,3,1,0
68,800000,unemployed,other,obc,secondary,0.5,0,0,ayushman_bharat,0.0,0,2,1,0
68,800000,unemployed,other,obc,secondary,0.5,0,0,pm_jeevan_jyoti,0.0,0,2,1,0
68,800000,unemployed,other,obc,secondary,0.5,0,0,pm_awas_yojana_gramin,0.0,2,2,1,0
68,800000,unemployed,other,obc,secondary,0.5,0,0,pm_mudra_yojana,0.0,1,2,1,0
68,800000,unemployed,other,obc,secondary,0.5,0,0,startup_india_seed_fund,0.0,0,2,1,0
68,800000,unemployed,other,obc,secondary,0.5,0,0,deen_dayal_disability,0.0,0,2,1,0
68,800000,unemployed,other,obc,secondary,0.5,0,0,post_matric_sc,0.0,0,3,1,0
68,800000,unemployed,other,obc,secondary,0.5,0,0,eklavya_model_school,0.0,0,3,1,0
68,800000,unemployed,other,obc,secondary,0.5,0,0,indira_gandhi_old_age,0.0,1,2,1,0
59,400000,other,male,sc,postgraduate,1,0,0,pm_suraksha_bima,100.0,2,0,0,1
59,400000,other,male,sc,postgraduate,1,0,0,mgnregs,66.7,2,1,0,0
59,400000,other,male,sc,postgraduate,1,0,0,pm_kisan,0.0,2,2,1,0
59,400000,other,male,sc,postgraduate,1,0,0,pm_fasal_bima,0.0,2,1,1,0
59,400000,other,male,sc,postgraduate,1,0,0,kisan_credit_card,0.0,2,1,1,0
59,400000,other,male,sc,postgraduate,1,0,0,pm_matru_vandana,0.0,2,1,1,0
59,400000,other,male,sc,postgraduate,1,0,0,mahila_shakti_kendra,0.0,0,2,1,0
59,400000,other,male,sc,postgraduate,1,0,0,national_scholarship_portal,0.0,1,3,1,0
59,400000,other,male,sc,postgraduate,1,0,0,pm_scholarship_scheme,0.0,1,2,1,0
59,400000,other,male,sc,postgraduate,1,0,0,ayushman_bharat,0.0,0,2,1,0
59,400000,other,male,sc,postgraduate,1,0,0,pm_jeevan_jyoti,0.0,1,1,1,0
59,400000,other,male,sc,postgraduate,1,0,0,pm_awas_yojana_gramin,0.0,2,2,1,0
59,400000,other,male,sc,postgraduate,1,0,0,pm_mudra_yojana,0.0,2,1,1,0
59,400000,other,male,sc,postgraduate,1,0,0,startup_india_seed_fund,0.0,0,2,1,0
59,400000,other,male,sc,postgraduate,1,0,0,deen_dayal_disability,0.0,0,2,1,0
59,400000,other,male,sc,postgraduate,1,0,0,post_matric_sc,0.0,1,2,1,0
59,400000,other,male,sc,postgraduate,1,0,0,eklavya_model_school,0.0,0,3,1,0
59,400000,other,male,sc,postgraduate,1,0,0,indira_gandhi_old_age,0.0,0,3,1,0
59,150000,other,female,obc,secondary,1,1,0,pm_matru_vandana,100.0,3,0,0,1
59,150000,other,female,obc,secondary,1,1,0,mahila_shakti_kendra,100.0,2,0,0,1
59,150000,other,female,obc,secondary,1,1,0,pm_suraksha_bima,100.0,2,0,0,1
59,150000,other,female,obc,secondary,1,1,0,pm_awas_yojana_gramin,100.0,4,0,0,1
59,150000,other,female,obc,secondary,1,1,0,mgnregs,100.0,3,0,0,1
59,150000,other,female,obc,secondary,1,1,0,ayushman_bharat,60.0,1,1,0,0
59,150000,other,female,obc,secondary,1,1,0,pm_kisan,0.0,3,1,1,0
59,150000,other,female,obc,secondary,1,1,0,pm_fasal_bima,0.0,2,1,1,0
59,150000,other,female,obc,secondary,1,1,0,kisan_credit_card,0.0,2,1,1,0
59,150000,other,female,obc,secondary,1,1,0,national_scholarship_portal,0.0,2,2,1,0
59,150000,other,female,obc,secondary,1,1,0,pm_scholarship_scheme,0.0,1,2,1,0
59,150000,other,female,obc,secondary,1,1,0,pm_jeevan_jyoti,0.0,1,1,1,0
59,150000,other,female,obc,secondary,1,1,0,pm_mudra_yojana,0.0,2,1,1,0
59,150000,other,female,obc,secondary,1,1,0,startup_india_seed_fund,0.0,0,2,1,0
59,150000,other,female,obc,secondary,1,1,0,deen_dayal_disability,0.0,1,1,1,0
59,150000,other,female,obc,secondary,1,1,0,post_matric_sc,0.0,1,2,1,0
59,150000,other,female,obc,secondary,1,1,0,eklavya_model_school,0.0,0,3,1,0
59,150000,other,female,obc,secondary,1,1,0,indira_gandhi_old_age,0.0,1,2,1,0
76,90000,self_employed,other,sc,postgraduate,5,0,0,mgnregs,100.0,3,0,0,1
76,90000,self_employed,other,sc,postgraduate,5,0,0,startup_india_seed_fund,75.0,1,1,0,1
76,90000,self_employed,other,sc,postgraduate,5,0,0,pm_kisan,0.0,3,1,1,0
76,90000,self_employed,other,sc,postgraduate,5,0,0,pm_fasal_bima,0.0,2,1,1,0
76,90000,self_employed,other,sc,postgraduate,5,0,0,kisan_credit_card,0.0,1,2,1,0
76,90000,self_employed,other,sc,postgraduate,5,0,0,pm_matru_vandana,0.0,2,1,1,0
76,90000,self_employed,other,sc,postgraduate,5,0,0,mahila_shakti_kendra,0.0,1,1,1,0
76,90000,self_employed,other,sc,postgraduate,5,0,0,national_scholarship_portal,0.0,2,2,1,0
76,90000,self_employed,other,sc,postgraduate,5,0,0,pm_scholarship_scheme,0.0,1,2,1,0
76,90000,self_employed,other,sc,postgraduate,5,0,0,ayushman_bharat,0.0,1,1,1,0
76,90000,self_employed,other,sc,postgraduate,5,0,0,pm_suraksha_bima,0.0,1,1,1,0
76,90000,self_employed,other,sc,postgraduate,5,0,0,pm_jeevan_jyoti,0.0,1,1,1,0
76,90000,self_employed,other,sc,postgraduate,5,0,0,pm_awas_yojana_gramin,0.0,2,2,1,0
76,90000,self_employed,other,sc,postgraduate,5,0,0,pm_mudra_yojana,0.0,2,1,1,0
76,90000,self_employed,other,sc,postgraduate,5,0,0,deen_dayal_disability,0.0,1,1,1,0
76,90000,self_employed,other,sc,postgraduate,5,0,0,post_matric_sc,0.0,2,1,1,0
76,90000,self_employed,other,sc,postgraduate,5,0,0,eklavya_model_school,0.0,0,3,1,0
76,90000,self_employed,other,sc,postgraduate,5,0,0,indira_gandhi_old_age,0.0,2,1,1,0
42,40000,self_employed,other,sc,graduate,5,1,0,ayushman_bharat,100.0,2,0,0,1
42,40000,self_employed,other,sc,graduate,5,1,0,pm_suraksha_bima,100.0,2,0,0,1
42,40000,self_employed,other,sc,graduate,5,1,0,pm_jeevan_jyoti,100.0,2,0,0,1
42,40000,self_employed,other,sc,graduate,5,1,0,mgnregs,100.0,3,0,0,1
42,40000,self_employed,other,sc,graduate,5,1,0,pm_mudra_yojana,100.0,3,0,0,1
42,40000,self_employed,other,sc,graduate,5,1,0,startup_india_seed_fund,100.0,2,0,0,0
42,40000,self_employed,other,sc,graduate,5,1,0,pm_awas_yojana_gramin,85.7,3,1,0,1
42,40000,self_employed,other,sc,graduate,5,1,0,pm_kisan,0.0,3,1,1,0
42,40000,self_employed,other,sc,graduate,5,1,0,pm_fasal_bima,0.0,2,1,1,0
42,40000,self_employed,other,sc,graduate,5,1,0,kisan_credit_card,0.0,2,1,1,0
42,40000,self_employed,other,sc,graduate,5,1,0,pm_matru_vandana,0.0,2,1,1,0
42,40000,self_employed,other,sc,graduate,5,1,0,mahila_shakti_kendra,0.0,1,1,1,0
42,40000,self_employed,other,sc,graduate,5,1,0,national_scholarship_portal,0.0,2,2,1,0
42,40000,self_employed,other,sc,graduate,5,1,0,pm_scholarship_scheme,0.0,1,2,1,0
42,40000,self_employed,other,sc,graduate,5,1,0,deen_dayal_disability,0.0,1,1,1,0
42,40000,self_employed,other,sc,graduate,5,1,0,post_matric_sc,0.0,2,1,1,0
42,40000,self_employed,other,sc,graduate,5,1,0,eklavya_model_school,0.0,0,3,1,0
42,40000,self_employed,other,sc,graduate,5,1,0,indira_gandhi_old_age,0.0,2,1,1,0
64,400000,unemployed,male,st,primary,1,1,0,pm_suraksha_bima,100.0,2,0,0,1
64,400000,unemployed,male,st,primary,1,1,0,indira_gandhi_old_age,75.0,2,1,0,1
64,400000,unemployed,male,st,primary,1,1,0,pm_awas_yojana_gramin,71.4,3,1,0,0
64,400000,unemployed,male,st,primary,1,1,0,mgnregs,66.7,2,1,0,0
64,400000,unemployed,male,st,primary,1,1,0,ayushman_bharat,60.0,1,1,0,0
64,400000,unemployed,male,st,primary,1,1,0,pm_kisan,0.0,2,2,1,0
64,400000,unemployed,male,st,primary,1,1,0,pm_fasal_bima,0.0,2,1,1,0
64,400000,unemployed,male,st,primary,1,1,0,kisan_credit_card,0.0,2,1,1,0
64,400000,unemployed,male,st,primary,1,1,0,pm_matru_vandana,0.0,2,1,1,0
64,400000,unemployed,male,st,primary,1,1,0,mahila_shakti_kendra,0.0,0,2,1,0
64,400000,unemployed,male,st,primary,1,1,0,national_scholarship_portal,0.0,1,3,1,0
64,400000,unemployed,male,st,primary,1,1,0,pm_scholarship_scheme,0.0,1,2,1,0
64,400000,unemployed,male,st,primary,1,1,0,pm_jeevan_jyoti,0.0,1,1,1,0
64,400000,unemployed,male,st,primary,1,1,0,pm_mudra_yojana,0.0,2,1,1,0
64,400000,unemployed,male,st,primary,1,1,0,startup_india_seed_fund,0.0,0,2,1,0
64,400000,unemployed,male,st,primary,1,1,0,deen_dayal_disability,0.0,0,2,1,0
64,400000,unemployed,male,st,primary,1,1,0,post_matric_sc,0.0,0,3,1,0
64,400000,unemployed,male,st,primary,1,1,0,eklavya_model_school,0.0,1,2,1,0
30,800000,daily_wage,female,general,primary,0.5,0,0,pm_matru_vandana,100.0,3,0,0,1
30,800000,daily_wage,female,general,primary,0.5,0,0,pm_suraksha_bima,66.7,1,1,0,1
30,800000,daily_wage,female,general,primary,0.5,0,0,pm_jeevan_jyoti,66.7,1,1,0,1
30,800000,daily_wage,female,general,primary,0.5,0,0,mgnregs,66.7,2,1,0,0
30,800000,daily_wage,female,general,primary,0.5,0,0,mahila_shakti_kendra,60.0,1,1,0,1
30,800000,daily_wage,female,general,primary,0.5,0,0,pm_kisan,0.0,2,2,1,0
30,800000,daily_wage,female,general,primary,0.5,0,0,pm_fasal_bima,0.0,2,1,1,0
30,800000,daily_wage,female,general,primary,0.5,0,0,kisan_credit_card,0.0,2,1,1,0
30,800000,daily_wage,female,general,primary,0.5,0,0,national_scholarship_portal,0.0,1,3,1,0
30,800000,daily_wage,female,general,primary,0.5,0,0,pm_scholarship_scheme,0.0,0,3,1,0
30,800000,daily_wage,female,general,primary,0.5,0,0,ayushman_bharat,0.0,0,2,1,0
30,800000,daily_wage,female,general,primary,0.5,0,0,pm_awas_yojana_gramin,0.0,2,2,1,0
30,800000,daily_wage,female,general,primary,0.5,0,0,pm_mudra_yojana,0.0,2,1,1,0
30,800000,daily_wage,female,general,primary,0.5,0,0,startup_india_seed_fund,0.0,1,1,1,0
30,800000,daily_wage,female,general,primary,0.5,0,0,deen_dayal_disability,0.0,0,2,1,0
30,800000,daily_wage,female,general,primary,0.5,0,0,post_matric_sc,0.0,0,3,1,0
30,800000,daily_wage,female,general,primary,0.5,0,0,eklavya_model_school,0.0,0,3,1,0
30,800000,daily_wage,female,general,primary,0.5,0,0,indira_gandhi_old_age,0.0,0,3,1,0
43,250000,unemployed,female,general,primary,0,0,0,pm_matru_vandana,100.0,3,0,0,1
43,250000,unemployed,female,general,primary,0,0,0,mahila_shakti_kendra,100.0,2,0,0,0
43,250000,unemployed,female,general,primary,0,0,0,pm_suraksha_bima,100.0,2,0,0,1
43,250000,unemployed,female,general,primary,0,0,0,pm_jeevan_jyoti,100.0,2,0,0,0
43,250000,unemployed,female,general,primary,0,0,0,mgnregs,66.7,2,1,0,1
43,250000,unemployed,female,general,primary,0,0,0,pm_kisan,0.0,2,2,1,0
43,250000,unemployed,female,general,primary,0,0,0,pm_fasal_bima,0.0,1,2,1,0
43,250000,unemployed,female,general,primary,0,0,0,kisan_credit_card,0.0,1,2,1,0
43,250000,unemployed,female,general,primary,0,0,0,national_scholarship_portal,0.0,1,3,1,0
43,250000,unemployed,female,general,primary,0,0,0,pm_scholarship_scheme,0.0,1,2,1,0
43,250000,unemployed,female,general,primary,0,0,0,ayushman_bharat,0.0,0,2,1,0
43,250000,unemployed,female,general,primary,0,0,0,pm_awas_yojana_gramin,0.0,3,1,1,0
43,250000,unemployed,female,general,primary,0,0,0,pm_mudra_yojana,0.0,2,1,1,0
43,250000,unemployed,female,general,primary,0,0,0,startup_india_seed_fund,0.0,1,1,1,0
43,250000,unemployed,female,general,primary,0,0,0,deen_dayal_disability,0.0,1,1,1,0
43,250000,unemployed,female,general,primary,0,0,0,post_matric_sc,0.0,1,2,1,0
43,250000,unemployed,female,general,primary,0,0,0,eklavya_model_school,0.0,0,3,1,0
43,250000,unemployed,female,general,primary,0,0,0,indira_gandhi_old_age,0.0,0,3,1,0
75,400000,daily_wage,other,obc,none,2.5,0,1,mgnregs,66.7,2,1,0,0
75,400000,daily_wage,other,obc,none,2.5,0,1,deen_dayal_disability,60.0,1,1,0,1
75,400000,daily_wage,other,obc,none,2.5,0,1,pm_kisan,0.0,2,2,1,0
75,400000,daily_wage,other,obc,none,2.5,0,1,pm_fasal_bima,0.0,2,1,1,0
75,400000,daily_wage,other,obc,none,2.5,0,1,kisan_credit_card,0.0,2,1,1,0
75,400000,daily_wage,other,obc,none,2.5,0,1,pm_matru_vandana,0.0,2,1,1,0
75,400000,daily_wage,other,obc,none,2.5,0,1,mahila_shakti_kendra,0.0,0,2,1,0
75,400000,daily_wage,other,obc,none,2.5,0,1,national_scholarship_portal,0.0,1,3,1,0
75,400000,daily_wage,other,obc,none,2.5,0,1,pm_scholarship_scheme,0.0,1,2,1,0
75,400000,daily_wage,other,obc,none,2.5,0,1,ayushman_bharat,0.0,0,2,1,0
75,400000,daily_wage,other,obc,none,2.5,0,1,pm_suraksha_bima,0.0,1,1,1,0
75,400000,daily_wage,other,obc,none,2.5,0,1,pm_jeevan_jyoti,0.0,1,1,1,0
75,400000,daily_wage,other,obc,none,2.5,0,1,pm_awas_yojana_gramin,0.0,2,2,1,0
75,400000,daily_wage,other,obc,none,2.5,0,1,pm_mudra_yojana,0.0,1,2,1,0
75,400000,daily_wage,other,obc,none,2.5,0,1,startup_india_seed_fund,0.0,0,2,1,0
75,400000,daily_wage,other,obc,none,2.5,0,1,post_matric_sc,0.0,0,3,1,0
75,400000,daily_wage,other,obc,none,2.5,0,1,eklavya_model_school,0.0,0,3,1,0
75,400000,daily_wage,other,obc,none,2.5,0,1,indira_gandhi_old_age,0.0,1,2,1,0
69,40000,self_employed,female,obc,primary,5,1,0,pm_matru_vandana,100.0,3,0,0,0
69,40000,self_employed,female,obc,primary,5,1,0,mahila_shakti_kendra,100.0,2,0,0,1
69,40000,self_employed,female,obc,primary,5,1,0,ayushman_bharat,100.0,2,0,0,1
69,40000,self_employed,female,obc,primary,5,1,0,pm_suraksha_bima,100.0,2,0,0,1
69,40000,self_employed,female,obc,primary,5,1,0,mgnregs,100.0,3,0,0,1
69,40000,self_employed,female,obc,primary,5,1,0,indira_gandhi_old_age,100.0,3,0,0,1
69,40000,self_employed,female,obc,primary,5,1,0,pm_awas_yojana_gramin,85.7,3,1,0,1
69,40000,self_employed,female,obc,primary,5,1,0,startup_india_seed_fund,75.0,1,1,0,1
69,40000,self_employed,female,obc,primary,5,1,0,pm_kisan,0.0,3,1,1,0
69,40000,self_employed,female,obc,primary,5,1,0,pm_fasal_bima,0.0,2,1,1,0
69,40000,self_employed,female,obc,primary,5,1,0,kisan_credit_card,0.0,2,1,1,0
69,40000,self_employed,female,obc,primary,5,1,0,national_scholarship_portal,0.0,2,2,1,0
69,40000,self_employed,female,obc,primary,5,1,0,pm_scholarship_scheme,0.0,1,2,1,0
69,40000,self_employed,female,obc,primary,5,1,0,pm_jeevan_jyoti,0.0,1,1,1,0
69,40000,self_employed,female,obc,primary,5,1,0,pm_mudra_yojana,0.0,2,1,1,0
69,40000,self_employed,female,obc,primary,5,1,0,deen_dayal_disability,0.0,1,1,1,0
69,40000,self_employed,female,obc,primary,5,1,0,post_matric_sc,0.0,1,2,1,0
69,40000,self_employed,female,obc,primary,5,1,0,eklavya_model_school,0.0,0,3,1,0
51,150000,daily_wage,male,st,graduate,5,1,1,pm_suraksha_bima,100.0,2,0,0,1
51,150000,daily_wage,male,st,graduate,5,1,1,mgnregs,100.0,3,0,0,1
51,150000,daily_wage,male,st,graduate,5,1,1,deen_dayal_disability,100.0,2,0,0,1
51,150000,daily_wage,male,st,graduate,5,1,1,pm_awas_yojana_gramin,85.7,3,1,0,0
51,150000,daily_wage,male,st,graduate,5,1,1,ayushman_bharat,60.0,1,1,0,1
51,150000,daily_wage,male,st,graduate,5,1,1,pm_kisan,0.0,3,1,1,0
51,150000,daily_wage,male,st,graduate,5,1,1,pm_fasal_bima,0.0,2,1,1,0
51,150000,daily_wage,male,st,graduate,5,1,1,kisan_credit_card,0.0,2,1,1,0
51,150000,daily_wage,male,st,graduate,5,1,1,pm_matru_vandana,0.0,2,1,1,0
51,150000,daily_wage,male,st,graduate,5,1,1,mahila_shakti_kendra,0.0,1,1,1,0
51,150000,daily_wage,male,st,graduate,5,1,1,national_scholarship_portal,0.0,2,2,1,0
51,150000,daily_wage,male,st,graduate,5,1,1,pm_scholarship_scheme,0.0,1,2,1,0
51,150000,daily_wage,male,st,graduate,5,1,1,pm_jeevan_jyoti,0.0,1,1,1,0
51,150000,daily_wage,male,st,graduate,5,1,1,pm_mudra_yojana,0.0,2,1,1,0
51,150000,daily_wage,male,st,graduate,5,1,1,startup_india_seed_fund,0.0,0,2,1,0
51,150000,daily_wage,male,st,graduate,5,1,1,post_matric_sc,0.0,1,2,1,0
51,150000,daily_wage,male,st,graduate,5,1,1,eklavya_model_school,0.0,1,2,1,0
51,150000,daily_wage,male,st,graduate,5,1,1,indira_gandhi_old_age,0.0,1,2,1,0
77,90000,daily_wage,other,st,none,5,1,0,ayushman_bharat,100.0,2,0,0,1
77,90000,daily_wage,other,st,none,5,1,0,mgnregs,100.0,3,0,0,1
77,90000,daily_wage,other,st,none,5,1,0,indira_gandhi_old_age,100.0,3,0,0,1
77,90000,daily_wage,other,st,none,5,1,0,pm_awas_yojana_gramin,85.7,3,1,0,0
77,90000,daily_wage,other,st,none,5,1,0,pm_kisan,0.0,3,1,1,0
77,90000,daily_wage,other,st,none,5,1,0,pm_fasal_bima,0.0,2,1,1,0
77,90000,daily_wage,other,st,none,5,1,0,kisan_credit_card,0.0,1,2,1,0
77,90000,daily_wage,other,st,none,5,1,0,pm_matru_vandana,0.0,2,1,1,0
77,90000,daily_wage,other,st,none,5,1,0,mahila_shakti_kendra,0.0,1,1,1,0
77,90000,daily_wage,other,st,none,5,1,0,national_scholarship_portal,0.0,2,2,1,0
77,90000,daily_wage,other,st,none,5,1,0,pm_scholarship_scheme,0.0,1,2,1,0
77,90000,daily_wage,other,st,none,5,1,0,pm_suraksha_bima,0.0,1,1,1,0
77,90000,daily_wage,other,st,none,5,1,0,pm_jeevan_jyoti,0.0,1,1,1,0
77,90000,daily_wage,other,st,none,5,1,0,pm_mudra_yojana,0.0,1,2,1,0
77,90000,daily_wage,other,st,none,5,1,0,startup_india_seed_fund,0.0,0,2,1,0
77,90000,daily_wage,other,st,none,5,1,0,deen_dayal_disability,0.0,1,1,1,0
77,90000,daily_wage,other,st,none,5,1,0,post_matric_sc,0.0,1,2,1,0
77,90000,daily_wage,other,st,none,5,1,0,eklavya_model_school,0.0,1,2,1,0
67,400000,student,female,general,graduate,0,0,0,pm_matru_vandana,100.0,3,0,0,1
67,400000,student,female,general,graduate,0,0,0,pm_suraksha_bima,100.0,2,0,0,1
67,400000,student,female,general,graduate,0,0,0,pm_scholarship_scheme,83.3,2,1,0,1
67,400000,student,female,general,graduate,0,0,0,mahila_shakti_kendra,60.0,1,1,0,1
67,400000,student,female,general,graduate,0,0,0,national_scholarship_portal,37.5,1,3,0,0
67,400000,student,female,general,graduate,0,0,0,mgnregs,33.3,1,2,0,0
67,400000,student,female,general,graduate,0,0,0,pm_kisan,0.0,2,2,1,0
67,400000,student,female,general,graduate,0,0,0,pm_fasal_bima,0.0,1,2,1,0
67,400000,student,female,general,graduate,0,0,0,kisan_credit_card,0.0,1,2,1,0
67,400000,student,female,general,graduate,0,0,0,ayushman_bharat,0.0,0,2,1,0
67,400000,student,female,general,graduate,0,0,0,pm_jeevan_jyoti,0.0,1,1,1,0
67,400000,student,female,general,graduate,0,0,0,pm_awas_yojana_gramin,0.0,2,2,1,0
67,400000,student,female,general,graduate,0,0,0,pm_mudra_yojana,0.0,1,2,1,0
67,400000,student,female,general,graduate,0,0,0,startup_india_seed_fund,0.0,0,2,1,0
67,400000,student,female,general,graduate,0,0,0,deen_dayal_disability,0.0,0,2,1,0
67,400000,student,female,general,graduate,0,0,0,post_matric_sc,0.0,1,2,1,0
67,400000,student,female,general,graduate,0,0,0,eklavya_model_school,0.0,1,2,1,0
67,400000,student,female,general,graduate,0,0,0,indira_gandhi_old_age,0.0,1,2,1,0
18,90000,other,female,general,secondary,5,1,0,mahila_shakti_kendra,100.0,2,0,0,1
18,90000,other,female,general,secondary,5,1,0,ayushman_bharat,100.0,2,0,0,1
18,90000,other,female,general,secondary,5,1,0,pm_suraksha_bima,100.0,2,0,0,0
18,90000,other,female,general,secondary,5,1,0,pm_jeevan_jyoti,100.0,2,0,0,1
18,90000,other,female,general,secondary,5,1,0,mgnregs,100.0,3,0,0,1
18,90000,other,female,general,secondary,5,1,0,pm_awas_yojana_gramin,85.7,3,1,0,1
18,90000,other,female,general,secondary,5,1,0,pm_kisan,0.0,3,1,1,0
18,90000,other,female,general,secondary,5,1,0,pm_fasal_bima,0.0,2,1,1,0
18,90000,other,female,general,secondary,5,1,0,kisan_credit_card,0.0,2,1,1,0
18,90000,other,female,general,secondary,5,1,0,pm_matru_vandana,0.0,2,1,1,0
18,90000,other,female,general,secondary,5,1,0,national_scholarship_portal,0.0,2,2,1,0
18,90000,other,female,general,secondary,5,1,0,pm_scholarship_scheme,0.0,2,1,1,0
18,90000,other,female,general,secondary,5,1,0,pm_mudra_yojana,0.0,2,1,1,0
18,90000,other,female,general,secondary,5,1,0,startup_india_seed_fund,0.0,1,1,1,0
18,90000,other,female,general,secondary,5,1,0,deen_dayal_disability,0.0,1,1,1,0
18,90000,other,female,general,secondary,5,1,0,post_matric_sc,0.0,1,2,1,0
18,90000,other,female,general,secondary,5,1,0,eklavya_model_school,0.0,1,2,1,0
18,90000,other,female,general,secondary,5,1,0,indira_gandhi_old_age,0.0,2,1,1,0
29,40000,daily_wage,other,general,graduate,2.5,0,1,pm_suraksha_bima,100.0,2,0,0,1
29,40000,daily_wage,other,general,graduate,2.5,0,1,pm_jeevan_jyoti,100.0,2,0,0,1
29,40000,daily_wage,other,general,graduate,2.5,0,1,mgnregs,100.0,3,0,0,0
29,40000,daily_wage,other,general,graduate,2.5,0,1,deen_dayal_disability,100.0,2,0,0,1
29,40000,daily_wage,other,general,graduate,2.5,0,1,pm_kisan,0.0,3,1,1,0
29,40000,daily_wage,other,general,graduate,2.5,0,1,pm_fasal_bima,0.0,2,1,1,0
29,40000,daily_wage,other,general,graduate,2.5,0,1,kisan_credit_card,0.0,2,1,1,0
29,40000,daily_wage,other,general,graduate,2.5,0,1,pm_matru_vandana,0.0,2,1,1,0
29,40000,daily_wage,other,general,graduate,2.5,0,1,mahila_shakti_kendra,0.0,1,1,1,0
29,40000,daily_wage,other,general,graduate,2.5,0,1,national_scholarship_portal,0.0,2,2,1,0
29,40000,daily_wage,other,general,graduate,2.5,0,1,pm_scholarship_scheme,0.0,1,2,1,0
29,40000,daily_wage,other,general,graduate,2.5,0,1,ayushman_bharat,0.0,1,1,1,0
29,40000,daily_wage,other,general,graduate,2.5,0,1,pm_awas_yojana_gramin,0.0,3,1,1,0
29,40000,daily_wage,other,general,graduate,2.5,0,1,pm_mudra_yojana,0.0,2,1,1,0
29,40000,daily_wage,other,general,graduate,2.5,0,1,startup_india_seed_fund,0.0,1,1,1,0
29,40000,daily_wage,other,general,graduate,2.5,0,1,post_matric_sc,0.0,1,2,1,0
29,40000,daily_wage,other,general,graduate,2.5,0,1,eklavya_model_school,0.0,0,3,1,0
29,40000,daily_wage,other,general,graduate,2.5,0,1,indira_gandhi_old_age,0.0,1,2,1,0
31,0,farmer,female,obc,postgraduate,2.5,1,0,pm_kisan,100.0,4,0,0,0
31,0,farmer,female,obc,postgraduate,2.5,1,0,pm_fasal_bima,100.0,3,0,0,0
31,0,farmer,female,obc,postgraduate,2.5,1,0,kisan_credit_card,100.0,3,0,0,1
31,0,farmer,female,obc,postgraduate,2.5,1,0,pm_matru_vandana,100.0,3,0,0,1
31,0,farmer,female,obc,postgraduate,2.5,1,0,mahila_shakti_kendra,100.0,2,0,0,0
31,0,farmer,female,obc,postgraduate,2.5,1,0,ayushman_bharat,100.0,2,0,0,1
31,0,farmer,female,obc,postgraduate,2.5,1,0,pm_suraksha_bima,100.0,2,0,0,1
31,0,farmer,female,obc,postgraduate,2.5,1,0,pm_jeevan_jyoti,100.0,2,0,0,1
31,0,farmer,female,obc,postgraduate,2.5,1,0,pm_awas_yojana_gramin,100.0,4,0,0,1
31,0,farmer,female,obc,postgraduate,2.5,1,0,mgnregs,100.0,3,0,0,1
31,0,farmer,female,obc,postgraduate,2.5,1,0,national_scholarship_portal,0.0,2,2,1,0
31,0,farmer,female,obc,postgraduate,2.5,1,0,pm_scholarship_scheme,0.0,1,2,1,0
31,0,farmer,female,obc,postgraduate,2.5,1,0,pm_mudra_yojana,0.0,2,1,1,0
31,0,farmer,female,obc,postgraduate,2.5,1,0,startup_india_seed_fund,0.0,1,1,1,0
31,0,farmer,female,obc,postgraduate,2.5,1,0,deen_dayal_disability,0.0,1,1,1,0
31,0,farmer,female,obc,postgraduate,2.5,1,0,post_matric_sc,0.0,1,2,1,0
31,0,farmer,female,obc,postgraduate,2.5,1,0,eklavya_model_school,0.0,0,3,1,0
31,0,farmer,female,obc,postgraduate,2.5,1,0,indira_gandhi_old_age,0.0,2,1,1,0
72,250000,other,other,general,secondary,2.5,0,0,mgnregs,66.7,2,1,0,0
72,250000,other,other,general,secondary,2.5,0,0,pm_kisan,0.0,2,2,1,0
72,250000,other,other,general,secondary,2.5,0,0,pm_fasal_bima,0.0,2,1,1,0
72,250000,other,other,general,secondary,2.5,0,0,kisan_credit_card,0.0,2,1,1,0
72,250000,other,other,general,secondary,2.5,0,0,pm_matru_vandana,0.0,2,1,1,0
72,250000,other,other,general,secondary,2.5,0,0,mahila_shakti_kendra,0.0,1,1,1,0
72,250000,other,other,general,secondary,2.5,0,0,national_scholarship_portal,0.0,1,3,1,0
72,250000,other,other,general,secondary,2.5,0,0,pm_scholarship_scheme,0.0,1,2,1,0
72,250000,other,other,general,secondary,2.5,0,0,ayushman_bharat,0.0,0,2,1,0
72,250000,other,other,general,secondary,2.5,0,0,pm_suraksha_bima,0.0,1,1,1,0
72,250000,other,other,general,secondary,2.5,0,0,pm_jeevan_jyoti,0.0,1,1,1,0
72,250000,other,other,general,secondary,2.5,0,0,pm_awas_yojana_gramin,0.0,3,1,1,0
72,250000,other,other,general,secondary,2.5,0,0,pm_mudra_yojana,0.0,1,2,1,0
72,250000,other,other,general,secondary,2.5,0,0,startup_india_seed_fund,0.0,0,2,1,0
72,250000,other,other,general,secondary,2.5,0,0,deen_dayal_disability,0.0,1,1,1,0
72,250000,other,other,general,secondary,2.5,0,0,post_matric_sc,0.0,1,2,1,0
72,250000,other,other,general,secondary,2.5,0,0,eklavya_model_school,0.0,0,3,1,0
72,250000,other,other,general,secondary,2.5,0,0,indira_gandhi_old_age,0.0,1,2,1,0
22,800000,daily_wage,other,obc,none,0.5,0,0,pm_suraksha_bima,66.7,1,1,0,0
22,800000,daily_wage,other,obc,none,0.5,0,0,pm_jeevan_jyoti,66.7,1,1,0,1
22,800000,daily_wage,other,obc,none,0.5,0,0,mgnregs,66.7,2,1,0,1
22,800000,daily_wage,other,obc,none,0.5,0,0,pm_kisan,0.0,2,2,1,0
22,800000,daily_wage,other,obc,none,0.5,0,0,pm_fasal_bima,0.0,2,1,1,0
22,800000,daily_wage,other,obc,none,0.5,0,0,kisan_credit_card,0.0,2,1,1,0
22,800000,daily_wage,other,obc,none,0.5,0,0,pm_matru_vandana,0.0,2,1,1,0
22,800000,daily_wage,other,obc,none,0.5,0,0,mahila_shakti_kendra,0.0,0,2,1,0
22,800000,daily_wage,other,obc,none,0.5,0,0,national_scholarship_portal,0.0,2,2,1,0
22,800000,daily_wage,other,obc,none,0.5,0,0,pm_scholarship_scheme,0.0,1,2,1,0
22,800000,daily_wage,other,obc,none,0.5,0,0,ayushman_bharat,0.0,0,2,1,0
22,800000,daily_wage,other,obc,none,0.5,0,0,pm_awas_yojana_gramin,0.0,2,2,1,0
22,800000,daily_wage,other,obc,none,0.5,0,0,pm_mudra_yojana,0.0,2,1,1,0
22,800000,daily_wage,other,obc,none,0.5,0,0,startup_india_seed_fund,0.0,1,1,1,0
22,800000,daily_wage,other,obc,none,0.5,0,0,deen_dayal_disability,0.0,0,2,1,0
22,800000,daily_wage,other,obc,none,0.5,0,0,post_matric_sc,0.0,0,3,1,0
22,800000,daily_wage,other,obc,none,0.5,0,0,eklavya_model_school,0.0,0,3,1,0
22,800000,daily_wage,other,obc,none,0.5,0,0,indira_gandhi_old_age,0.0,0,3,1,0
40,250000,salaried,other,st,postgraduate,2.5,0,0,pm_suraksha_bima,100.0,2,0,0,1
40,250000,salaried,other,st,postgraduate,2.5,0,0,pm_jeevan_jyoti,100.0,2,0,0,0
40,250000,salaried,other,st,postgraduate,2.5,0,0,mgnregs,33.3,1,2,0,0
40,250000,salaried,other,st,postgraduate,2.5,0,0,pm_kisan,0.0,2,2,1,0
40,250000,salaried,other,st,postgraduate,2.5,0,0,pm_fasal_bima,0.0,2,1,1,0
40,250000,salaried,other,st,postgraduate,2.5,0,0,kisan_credit_card,0.0,2,1,1,0
40,250000,salaried,other,st,postgraduate,2.5,0,0,pm_matru_vandana,0.0,2,1,1,0
40,250000,salaried,other,st,postgraduate,2.5,0,0,mahila_shakti_kendra,0.0,1,1,1,0
40,250000,salaried,other,st,postgraduate,2.5,0,0,national_scholarship_portal,0.0,2,2,1,0
40,250000,salaried,other,st,postgraduate,2.5,0,0,pm_scholarship_scheme,0.0,1,2,1,0
40,250000,salaried,other,st,postgraduate,2.5,0,0,ayushman_bharat,0.0,0,2,1,0
40,250000,salaried,other,st,postgraduate,2.5,0,0,pm_awas_yojana_gramin,0.0,3,1,1,0
40,250000,salaried,other,st,postgraduate,2.5,0,0,pm_mudra_yojana,0.0,2,1,1,0
40,250000,salaried,other,st,postgraduate,2.5,0,0,startup_india_seed_fund,0.0,1,1,1,0
40,250000,salaried,other,st,postgraduate,2.5,0,0,deen_dayal_disability,0.0,1,1,1,0
40,250000,salaried,other,st,postgraduate,2.5,0,0,post_matric_sc,0.0,1,2,1,0
40,250000,salaried,other,st,postgraduate,2.5,0,0,eklavya_model_school,0.0,1,2,1,0
40,250000,salaried,other,st,postgraduate,2.5,0,0,indira_gandhi_old_age,0.0,0,3,1,0
16,250000,unemployed,female,sc,postgraduate,5,1,0,mahila_shakti_kendra,100.0,2,0,0,1
16,250000,unemployed,female,sc,postgraduate,5,1,0,ayushman_bharat,60.0,1,1,0,1
16,250000,unemployed,female,sc,postgraduate,5,1,0,pm_kisan,0.0,1,3,1,0
16,250000,unemployed,female,sc,postgraduate,5,1,0,pm_fasal_bima,0.0,1,2,1,0
16,250000,unemployed,female,sc,postgraduate,5,1,0,kisan_credit_card,0.0,1,2,1,0
16,250000,unemployed,female,sc,postgraduate,5,1,0,pm_matru_vandana,0.0,2,1,1,0
16,250000,unemployed,female,sc,postgraduate,5,1,0,national_scholarship_portal,0.0,3,1,1,0
16,250000,unemployed,female,sc,postgraduate,5,1,0,pm_scholarship_scheme,0.0,1,2,1,0
16,250000,unemployed,female,sc,postgraduate,5,1,0,pm_suraksha_bima,0.0,1,1,1,0
16,250000,unemployed,female,sc,postgraduate,5,1,0,pm_jeevan_jyoti,0.0,1,1,1,0
16,250000,unemployed,female,sc,postgraduate,5,1,0,pm_awas_yojana_gramin,0.0,2,2,1,0
16,250000,unemployed,female,sc,postgraduate,5,1,0,mgnregs,0.0,1,2,1,0
16,250000,unemployed,female,sc,postgraduate,5,1,0,pm_mudra_yojana,0.0,1,2,1,0
16,250000,unemployed,female,sc,postgraduate,5,1,0,startup_india_seed_fund,0.0,0,2,1,0
16,250000,unemployed,female,sc,postgraduate,5,1,0,deen_dayal_disability,0.0,1,1,1,0
16,250000,unemployed,female,sc,postgraduate,5,1,0,post_matric_sc,0.0,2,1,1,0
16,250000,unemployed,female,sc,postgraduate,5,1,0,eklavya_model_school,0.0,1,2,1,0
16,250000,unemployed,female,sc,postgraduate,5,1,0,indira_gandhi_old_age,0.0,1,2,1,0
21,40000,salaried,male,st,none,5,0,0,pm_suraksha_bima,100.0,2,0,0,1
21,40000,salaried,male,st,none,5,0,0,pm_jeevan_jyoti,100.0,2,0,0,0
21,40000,salaried,male,st,none,5,0,0,mgnregs,66.7,2,1,0,1
21,40000,salaried,male,st,none,5,0,0,pm_kisan,0.0,3,1,1,0
21,40000,salaried,male,st,none,5,0,0,pm_fasal_bima,0.0,2,1,1,0
21,40000,salaried,male,st,none,5,0,0,kisan_credit_card,0.0,2,1,1,0
21,40000,salaried,male,st,none,5,0,0,pm_matru_vandana,0.0,2,1,1,0
21,40000,salaried,male,st,none,5,0,0,mahila_shakti_kendra,0.0,1,1,1,0
21,40000,salaried,male,st,none,5,0,0,national_scholarship_portal,0.0,3,1,1,0
21,40000,salaried,male,st,none,5,0,0,pm_scholarship_scheme,0.0,2,1,1,0
21,40000,salaried,male,st,none,5,0,0,ayushman_bharat,0.0,1,1,1,0
21,40000,salaried,male,st,none,5,0,0,pm_awas_yojana_gramin,0.0,2,2,1,0
21,40000,salaried,male,st,none,5,0,0,pm_mudra_yojana,0.0,2,1,1,0
21,40000,salaried,male,st,none,5,0,0,startup_india_seed_fund,0.0,1,1,1,0
21,40000,salaried,male,st,none,5,0,0,deen_dayal_disability,0.0,1,1,1,0
21,40000,salaried,male,st,none,5,0,0,post_matric_sc,0.0,1,2,1,0
21,40000,salaried,male,st,none,5,0,0,eklavya_model_school,0.0,1,2,1,0
21,40000,salaried,male,st,none,5,0,0,indira_gandhi_old_age,0.0,1,2,1,0
48,0,unemployed,female,sc,primary,0,0,0,pm_matru_vandana,100.0,3,0,0,1
48,0,unemployed,female,sc,primary,0,0,0,mahila_shakti_kendra,100.0,2,0,0,0
48,0,unemployed,female,sc,primary,0,0,0,pm_suraksha_bima,100.0,2,0,0,0
48,0,unemployed,female,sc,primary,0,0,0,pm_jeevan_jyoti,100.0,2,0,0,1
48,0,unemployed,female,sc,primary,0,0,0,mgnregs,100.0,3,0,0,1
48,0,unemployed,female,sc,primary,0,0,0,pm_kisan,0.0,3,1,1,0
48,0,unemployed,female,sc,primary,0,0,0,pm_fasal_bima,0.0,1,2,1,0
48,0,unemployed,female,sc,primary,0,0,0,kisan_credit_card,0.0,1,2,1,0
48,0,unemployed,female,sc,primary,0,0,0,national_scholarship_portal,0.0,2,2,1,0
48,0,unemployed,female,sc,primary,0,0,0,pm_scholarship_scheme,0.0,1,2,1,0
48,0,unemployed,female,sc,primary,0,0,0,ayushman_bharat,0.0,1,1,1,0
48,0,unemployed,female,sc,primary,0,0,0,pm_awas_yojana_gramin,0.0,3,1,1,0
48,0,unemployed,female,sc,primary,0,0,0,pm_mudra_yojana,0.0,2,1,1,0
48,0,unemployed,female,sc,primary,0,0,0,startup_india_seed_fund,0.0,1,1,1,0
48,0,unemployed,female,sc,primary,0,0,0,deen_dayal_disability,0.0,1,1,1,0
48,0,unemployed,female,sc,primary,0,0,0,post_matric_sc,0.0,2,1,1,0
48,0,unemployed,female,sc,primary,0,0,0,eklavya_model_school,0.0,0,3,1,0
48,0,unemployed,female,sc,primary,0,0,0,indira_gandhi_old_age,0.0,1,2,1,0
74,400000,other,female,st,secondary,0,1,0,pm_matru_vandana,100.0,3,0,0,1
74,400000,other,female,st,secondary,0,1,0,indira_gandhi_old_age,75.0,2,1,0,0
74,400000,other,female,st,secondary,0,1,0,pm_awas_yojana_gramin,71.4,3,1,0,0
74,400000,other,female,st,secondary,0,1,0,mgnregs,66.7,2,1,0,1
74,400000,other,female,st,secondary,0,1,0,mahila_shakti_kendra,60.0,1,1,0,1
74,400000,other,female,st,secondary,0,1,0,ayushman_bharat,60.0,1,1,0,1
74,400000,other,female,st,secondary,0,1,0,pm_kisan,0.0,2,2,1,0
74,400000,other,female,st,secondary,0,1,0,pm_fasal_bima,0.0,1,2,1,0
74,400000,other,female,st,secondary,0,1,0,kisan_credit_card,0.0,1,2,1,0
74,400000,other,female,st,secondary,0,1,0,national_scholarship_portal,0.0,1,3,1,0
74,400000,other,female,st,secondary,0,1,0,pm_scholarship_scheme,0.0,1,2,1,0
74,400000,other,female,st,secondary,0,1,0,pm_suraksha_bima,0.0,1,1,1,0
74,400000,other,female,st,secondary,0,1,0,pm_jeevan_jyoti,0.0,1,1,1,0
74,400000,other,female,st,secondary,0,1,0,pm_mudra_yojana,0.0,1,2,1,0
74,400000,other,female,st,secondary,0,1,0,startup_india_seed_fund,0.0,0,2,1,0
74,400000,other,female,st,secondary,0,1,0,deen_dayal_disability,0.0,0,2,1,0
74,400000,other,female,st,secondary,0,1,0,post_matric_sc,0.0,0,3,1,0
74,400000,other,female,st,secondary,0,1,0,eklavya_model_school,0.0,1,2,1,0
20,40000,salaried,other,st,primary,1,1,0,ayushman_bharat,100.0,2,0,0,1
20,40000,salaried,other,st,primary,1,1,0,pm_suraksha_bima,100.0,2,0,0,1
20,40000,salaried,other,st,primary,1,1,0,pm_jeevan_jyoti,100.0,2,0,0,1
20,40000,salaried,other,st,primary,1,1,0,pm_awas_yojana_gramin,100.0,4,0,0,1
20,40000,salaried,other,st,primary,1,1,0,mgnregs,66.7,2,1,0,1
20,40000,salaried,other,st,primary,1,1,0,pm_kisan,0.0,3,1,1,0
20,40000,salaried,other,st,primary,1,1,0,pm_fasal_bima,0.0,2,1,1,0
20,40000,salaried,other,st,primary,1,1,0,kisan_credit_card,0.0,2,1,1,0
20,40000,salaried,other,st,primary,1,1,0,pm_matru_vandana,0.0,2,1,1,0
20,40000,salaried,other,st,primary,1,1,0,mahila_shakti_kendra,0.0,1,1,1,0
20,40000,salaried,other,st,primary,1,1,0,national_scholarship_portal,0.0,3,1,1,0
20,40000,salaried,other,st,primary,1,1,0,pm_scholarship_scheme,0.0,2,1,1,0
20,40000,salaried,other,st,primary,1,1,0,pm_mudra_yojana,0.0,2,1,1,0
20,40000,salaried,other,st,primary,1,1,0,startup_india_seed_fund,0.0,1,1,1,0
20,40000,salaried,other,st,primary,1,1,0,deen_dayal_disability,0.0,1,1,1,0
20,40000,salaried,other,st,primary,1,1,0,post_matric_sc,0.0,1,2,1,0
20,40000,salaried,other,st,primary,1,1,0,eklavya_model_school,0.0,1,2,1,0
20,40000,salaried,other,st,primary,1,1,0,indira_gandhi_old_age,0.0,2,1,1,0
49,0,student,male,sc,graduate,2.5,0,0,pm_suraksha_bima,100.0,2,0,0,0
49,0,student,male,sc,graduate,2.5,0,0,pm_jeevan_jyoti,100.0,2,0,0,1
49,0,student,male,sc,graduate,2.5,0,0,post_matric_sc,100.0,3,0,0,1
49,0,student,male,sc,graduate,2.5,0,0,national_scholarship_portal,87.5,3,1,0,0
49,0,student,male,sc,graduate,2.5,0,0,pm_scholarship_scheme,83.3,2,1,0,0
49,0,student,male,sc,graduate,2.5,0,0,mgnregs,66.7,2,1,0,0
49,0,student,male,sc,graduate,2.5,0,0,pm_kisan,0.0,3,1,1,0
49,0,student,male,sc,graduate,2.5,0,0,pm_fasal_bima,0.0,2,1,1,0
49,0,student,male,sc,graduate,2.5,0,0,kisan_credit_card,0.0,2,1,1,0
49,0,student,male,sc,graduate,2.5,0,0,pm_matru_vandana,0.0,2,1,1,0
49,0,student,male,sc,graduate,2.5,0,0,mahila_shakti_kendra,0.0,1,1,1,0
49,0,student,male,sc,graduate,2.5,0,0,ayushman_bharat,0.0,1,1,1,0
49,0,student,male,sc,graduate,2.5,0,0,pm_awas_yojana_gramin,0.0,3,1,1,0
49,0,student,male,sc,graduate,2.5,0,0,pm_mudra_yojana,0.0,2,1,1,0
49,0,student,male,sc,graduate,2.5,0,0,startup_india_seed_fund,0.0,1,1,1,0
49,0,student,male,sc,graduate,2.5,0,0,deen_dayal_disability,0.0,1,1,1,0
49,0,student,male,sc,graduate,2.5,0,0,eklavya_model_school,0.0,1,2,1,0
49,0,student,male,sc,graduate,2.5,0,0,indira_gandhi_old_age,0.0,1,2,1,0
56,150000,student,male,st,none,2.5,0,0,pm_suraksha_bima,100.0,2,0,0,0
56,150000,student,male,st,none,2.5,0,0,national_scholarship_portal,87.5,3,1,0,1
56,150000,student,male,st,none,2.5,0,0,pm_scholarship_scheme,83.3,2,1,0,1
56,150000,student,male,st,none,2.5,0,0,eklavya_model_school,83.3,2,1,0,0
56,150000,student,male,st,none,2.5,0,0,mgnregs,66.7,2,1,0,1
56,150000,student,male,st,none,2.5,0,0,pm_kisan,0.0,3,1,1,0
56,150000,student,male,st,none,2.5,0,0,pm_fasal_bima,0.0,2,1,1,0
56,150000,student,male,st,none,2.5,0,0,kisan_credit_card,0.0,2,1,1,0
56,150000,student,male,st,none,2.5,0,0,pm_matru_vandana,0.0,2,1,1,0
56,150000,student,male,st,none,2.5,0,0,mahila_shakti_kendra,0.0,1,1,1,0
56,150000,student,male,st,none,2.5,0,0,ayushman_bharat,0.0,0,2,1,0
56,150000,student,male,st,none,2.5,0,0,pm_jeevan_jyoti,0.0,1,1,1,0
56,150000,student,male,st,none,2.5,0,0,pm_awas_yojana_gramin,0.0,3,1,1,0
56,150000,student,male,st,none,2.5,0,0,pm_mudra_yojana,0.0,2,1,1,0
56,150000,student,male,st,none,2.5,0,0,startup_india_seed_fund,0.0,0,2,1,0
56,150000,student,male,st,none,2.5,0,0,deen_dayal_disability,0.0,1,1,1,0
56,150000,student,male,st,none,2.5,0,0,post_matric_sc,0.0,2,1,1,0
56,150000,student,male,st,none,2.5,0,0,indira_gandhi_old_age,0.0,0,3,1,0
58,150000,daily_wage,other,obc,secondary,0,1,0,pm_suraksha_bima,100.0,2,0,0,1
58,150000,daily_wage,other,obc,secondary,0,1,0,pm_awas_yojana_gramin,100.0,4,0,0,1
58,150000,daily_wage,other,obc,secondary,0,1,0,mgnregs,100.0,3,0,0,0
58,150000,daily_wage,other,obc,secondary,0,1,0,ayushman_bharat,60.0,1,1,0,1
58,150000,daily_wage,other,obc,secondary,0,1,0,pm_kisan,0.0,3,1,1,0
58,150000,daily_wage,other,obc,secondary,0,1,0,pm_fasal_bima,0.0,1,2,1,0
58,150000,daily_wage,other,obc,secondary,0,1,0,kisan_credit_card,0.0,1,2,1,0
58,150000,daily_wage,other,obc,secondary,0,1,0,pm_matru_vandana,0.0,2,1,1,0
58,150000,daily_wage,other,obc,secondary,0,1,0,mahila_shakti_kendra,0.0,1,1,1,0
58,150000,daily_wage,other,obc,secondary,0,1,0,national_scholarship_portal,0.0,2,2,1,0
58,150000,daily_wage,other,obc,secondary,0,1,0,pm_scholarship_scheme,0.0,1,2,1,0
58,150000,daily_wage,other,obc,secondary,0,1,0,pm_jeevan_jyoti,0.0,1,1,1,0
58,150000,daily_wage,other,obc,secondary,0,1,0,pm_mudra_yojana,0.0,2,1,1,0
58,150000,daily_wage,other,obc,secondary,0,1,0,startup_india_seed_fund,0.0,0,2,1,0
58,150000,daily_wage,other,obc,secondary,0,1,0,deen_dayal_disability,0.0,1,1,1,0
58,150000,daily_wage,other,obc,secondary,0,1,0,post_matric_sc,0.0,1,2,1,0
58,150000,daily_wage,other,obc,secondary,0,1,0,eklavya_model_school,0.0,0,3,1,0
58,150000,daily_wage,other,obc,secondary,0,1,0,indira_gandhi_old_age,0.0,1,2,1,0
38,90000,student,other,obc,postgraduate,1,0,0,pm_suraksha_bima,100.0,2,0,0,1
38,90000,student,other,obc,postgraduate,1,0,0,pm_jeevan_jyoti,100.0,2,0,0,1
38,90000,student,other,obc,postgraduate,1,0,0,national_scholarship_portal,87.5,3,1,0,1
38,90000,student,other,obc,postgraduate,1,0,0,pm_scholarship_scheme,83.3,2,1,0,1
38,90000,student,other,obc,postgraduate,1,0,0,mgnregs,66.7,2,1,0,1
38,90000,student,other,obc,postgraduate,1,0,0,pm_kisan,0.0,3,1,1,0
38,90000,student,other,obc,postgraduate,1,0,0,pm_fasal_bima,0.0,2,1,1,0
38,90000,student,other,obc,postgraduate,1,0,0,kisan_credit_card,0.0,2,1,1,0
38,90000,student,other,obc,postgraduate,1,0,0,pm_matru_vandana,0.0,2,1,1,0
38,90000,student,other,obc,postgraduate,1,0,0,mahila_shakti_kendra,0.0,1,1,1,0
38,90000,student,other,obc,postgraduate,1,0,0,ayushman_bharat,0.0,1,1,1,0
38,90000,student,other,obc,postgraduate,1,0,0,pm_awas_yojana_gramin,0.0,3,1,1,0
38,90000,student,other,obc,postgraduate,1,0,0,pm_mudra_yojana,0.0,2,1,1,0
38,90000,student,other,obc,postgraduate,1,0,0,startup_india_seed_fund,0.0,1,1,1,0
38,90000,student,other,obc,postgraduate,1,0,0,deen_dayal_disability,0.0,1,1,1,0
38,90000,student,other,obc,postgraduate,1,0,0,post_matric_sc,0.0,2,1,1,0
38,90000,student,other,obc,postgraduate,1,0,0,eklavya_model_school,0.0,1,2,1,0
38,90000,student,other,obc,postgraduate,1,0,0,indira_gandhi_old_age,0.0,1,2,1,0
40,400000,daily_wage,other,general,secondary,0,0,1,pm_suraksha_bima,100.0,2,0,0,1
40,400000,daily_wage,other,general,secondary,0,0,1,pm_jeevan_jyoti,100.0,2,0,0,1
40,400000,daily_wage,other,general,secondary,0,0,1,mgnregs,66.7,2,1,0,1
40,400000,daily_wage,other,general,secondary,0,0,1,deen_dayal_disability,60.0,1,1,0,0
40,400000,daily_wage,other,general,secondary,0,0,1,pm_kisan,0.0,2,2,1,0
40,400000,daily_wage,other,general,secondary,0,0,1,pm_fasal_bima,0.0,1,2,1,0
40,400000,daily_wage,other,general,secondary,0,0,1,kisan_credit_card,0.0,1,2,1,0
40,400000,daily_wage,other,general,secondary,0,0,1,pm_matru_vandana,0.0,2,1,1,0
40,400000,daily_wage,other,general,secondary,0,0,1,mahila_shakti_kendra,0.0,0,2,1,0
40,400000,daily_wage,other,general,secondary,0,0,1,national_scholarship_portal,0.0,0,4,1,0
40,400000,daily_wage,other,general,secondary,0,0,1,pm_scholarship_scheme,0.0,1,2,1,0
40,400000,daily_wage,other,general,secondary,0,0,1,ayushman_bharat,0.0,0,2,1,0
40,400000,daily_wage,other,general,secondary,0,0,1,pm_awas_yojana_gramin,0.0,2,2,1,0
40,400000,daily_wage,other,general,secondary,0,0,1,pm_mudra_yojana,0.0,2,1,1,0
40,400000,daily_wage,other,general,secondary,0,0,1,startup_india_seed_fund,0.0,1,1,1,0
40,400000,daily_wage,other,general,secondary,0,0,1,post_matric_sc,0.0,0,3,1,0
40,400000,daily_wage,other,general,secondary,0,0,1,eklavya_model_school,0.0,0,3,1,0
40,400000,daily_wage,other,general,secondary,0,0,1,indira_gandhi_old_age,0.0,0,3,1,0
38,800000,student,male,obc,secondary,1,0,0,pm_suraksha_bima,66.7,1,1,0,1
38,800000,student,male,obc,secondary,1,0,0,pm_jeevan_jyoti,66.7,1,1,0,1
38,800000,student,male,obc,secondary,1,0,0,national_scholarship_portal,62.5,2,2,0,0
38,800000,student,male,obc,secondary,1,0,0,pm_scholarship_scheme,50.0,1,2,0,0
38,800000,student,male,obc,secondary,1,0,0,mgnregs,33.3,1,2,0,1
38,800000,student,male,obc,secondary,1,0,0,pm_kisan,0.0,2,2,1,0
38,800000,student,male,obc,secondary,1,0,0,pm_fasal_bima,0.0,2,1,1,0
38,800000,student,male,obc,secondary,1,0,0,kisan_credit_card,0.0,2,1,1,0
38,800000,student,male,obc,secondary,1,0,0,pm_matru_vandana,0.0,2,1,1,0
38,800000,student,male,obc,secondary,1,0,0,mahila_shakti_kendra,0.0,0,2,1,0
38,800000,student,male,obc,secondary,1,0,0,ayushman_bharat,0.0,0,2,1,0
38,800000,student,male,obc,secondary,1,0,0,pm_awas_yojana_gramin,0.0,2,2,1,0
38,800000,student,male,obc,secondary,1,0,0,pm_mudra_yojana,0.0,2,1,1,0
38,800000,student,male,obc,secondary,1,0,0,startup_india_seed_fund,0.0,1,1,1,0
38,800000,student,male,obc,secondary,1,0,0,deen_dayal_disability,0.0,0,2,1,0
38,800000,student,male,obc,secondary,1,0,0,post_matric_sc,0.0,1,2,1,0
38,800000,student,male,obc,secondary,1,0,0,eklavya_model_school,0.0,1,2,1,0
38,800000,student,male,obc,secondary,1,0,0,indira_gandhi_old_age,0.0,0,3,1,0
62,800000,unemployed,male,general,primary,2.5,0,0,pm_suraksha_bima,66.7,1,1,0,1
62,800000,unemployed,male,general,primary,2.5,0,0,mgnregs,66.7,2,1,0,0
62,800000,unemployed,male,general,primary,2.5,0,0,pm_kisan,0.0,2,2,1,0
62,800000,unemployed,male,general,primary,2.5,0,0,pm_fasal_bima,0.0,2,1,1,0
62,800000,unemployed,male,general,primary,2.5,0,0,kisan_credit_card,0.0,2,1,1,0
62,800000,unemployed,male,general,primary,2.5,0,0,pm_matru_vandana,0.0,2,1,1,0
62,800000,unemployed,male,general,primary,2.5,0,0,mahila_shakti_kendra,0.0,0,2,1,0
62,800000,unemployed,male,general,primary,2.5,0,0,national_scholarship_portal,0.0,0,4,1,0
62,800000,unemployed,male,general,primary,2.5,0,0,pm_scholarship_scheme,0.0,0,3,1,0
62,800000,unemployed,male,general,primary,2.5,0,0,ayushman_bharat,0.0,0,2,1,0
62,800000,unemployed,male,general,primary,2.5,0,0,pm_jeevan_jyoti,0.0,0,2,1,0
62,800000,unemployed,male,general,primary,2.5,0,0,pm_awas_yojana_gramin,0.0,2,2,1,0
62,800000,unemployed,male,general,primary,2.5,0,0,pm_mudra_yojana,0.0,2,1,1,0
62,800000,unemployed,male,general,primary,2.5,0,0,startup_india_seed_fund,0.0,0,2,1,0
62,800000,unemployed,male,general,primary,2.5,0,0,deen_dayal_disability,0.0,0,2,1,0
62,800000,unemployed,male,general,primary,2.5,0,0,post_matric_sc,0.0,0,3,1,0
62,800000,unemployed,male,general,primary,2.5,0,0,eklavya_model_school,0.0,0,3,1,0
62,800000,unemployed,male,general,primary,2.5,0,0,indira_gandhi_old_age,0.0,1,2,1,0
48,250000,student,male,obc,none,0.5,1,0,pm_suraksha_bima,100.0,2,0,0,1
48,250000,student,male,obc,none,0.5,1,0,pm_jeevan_jyoti,100.0,2,0,0,1
48,250000,student,male,obc,none,0.5,1,0,pm_awas_yojana_gramin,100.0,4,0,0,1
48,250000,student,male,obc,none,0.5,1,0,national_scholarship_portal,87.5,3,1,0,1
48,250000,student,male,obc,none,0.5,1,0,pm_scholarship_scheme,83.3,2,1,0,0
48,250000,student,male,obc,none,0.5,1,0,ayushman_bharat,60.0,1,1,0,0
48,250000,student,male,obc,none,0.5,1,0,mgnregs,33.3,1,2,0,0
48,250000,student,male,obc,none,0.5,1,0,pm_kisan,0.0,2,2,1,0
48,250000,student,male,obc,none,0.5,1,0,pm_fasal_bima,0.0,2,1,1,0
48,250000,student,male,obc,none,0.5,1,0,kisan_credit_card,0.0,2,1,1,0
48,250000,student,male,obc,none,0.5,1,0,pm_matru_vandana,0.0,2,1,1,0
48,250000,student,male,obc,none,0.5,1,0,mahila_shakti_kendra,0.0,1,1,1,0
48,250000,student,male,obc,none,0.5,1,0,pm_mudra_yojana,0.0,2,1,1,0
48,250000,student,male,obc,none,0.5,1,0,startup_india_seed_fund,0.0,1,1,1,0
48,250000,student,male,obc,none,0.5,1,0,deen_dayal_disability,0.0,1,1,1,0
48,250000,student,male,obc,none,0.5,1,0,post_matric_sc,0.0,2,1,1,0
48,250000,student,male,obc,none,0.5,1,0,eklavya_model_school,0.0,1,2,1,0
48,250000,student,male,obc,none,0.5,1,0,indira_gandhi_old_age,0.0,1,2,1,0
77,250000,salaried,female,sc,none,0,1,0,pm_matru_vandana,100.0,3,0,0,1
77,250000,salaried,female,sc,none,0,1,0,mahila_shakti_kendra,100.0,2,0,0,0
77,250000,salaried,female,sc,none,0,1,0,pm_awas_yojana_gramin,100.0,4,0,0,1
77,250000,salaried,female,sc,none,0,1,0,indira_gandhi_old_age,75.0,2,1,0,1
77,250000,salaried,female,sc,none,0,1,0,ayushman_bharat,60.0,1,1,0,1
77,250000,salaried,female,sc,none,0,1,0,mgnregs,33.3,1,2,0,1
77,250000,salaried,female,sc,none,0,1,0,pm_kisan,0.0,2,2,1,0
77,250000,salaried,female,sc,none,0,1,0,pm_fasal_bima,0.0,1,2,1,0
77,250000,salaried,female,sc,none,0,1,0,kisan_credit_card,0.0,0,3,1,0
77,250000,salaried,female,sc,none,0,1,0,national_scholarship_portal,0.0,2,2,1,0
77,250000,salaried,female,sc,none,0,1,0,pm_scholarship_scheme,0.0,1,2,1,0
77,250000,salaried,female,sc,none,0,1,0,pm_suraksha_bima,0.0,1,1,1,0
77,250000,salaried,female,sc,none,0,1,0,pm_jeevan_jyoti,0.0,1,1,1,0
77,250000,salaried,female,sc,none,0,1,0,pm_mudra_yojana,0.0,1,2,1,0
77,250000,salaried,female,sc,none,0,1,0,startup_india_seed_fund,0.0,0,2,1,0
77,250000,salaried,female,sc,none,0,1,0,deen_dayal_disability,0.0,1,1,1,0
77,250000,salaried,female,sc,none,0,1,0,post_matric_sc,0.0,2,1,1,0
77,250000,salaried,female,sc,none,0,1,0,eklavya_model_school,0.0,0,3,1,0
73,40000,unemployed,male,obc,postgraduate,2.5,1,0,ayushman_bharat,100.0,2,0,0,1
73,40000,unemployed,male,obc,postgraduate,2.5,1,0,pm_awas_yojana_gramin,100.0,4,0,0,0
73,40000,unemployed,male,obc,postgraduate,2.5,1,0,mgnregs,100.0,3,0,0,1
73,40000,unemployed,male,obc,postgraduate,2.5,1,0,indira_gandhi_old_age,100.0,3,0,0,1
73,40000,unemployed,male,obc,postgraduate,2.5,1,0,pm_kisan,0.0,3,1,1,0
73,40000,unemployed,male,obc,postgraduate,2.5,1,0,pm_fasal_bima,0.0,2,1,1,0
73,40000,unemployed,male,obc,postgraduate,2.5,1,0,kisan_credit_card,0.0,2,1,1,0
73,40000,unemployed,male,obc,postgraduate,2.5,1,0,pm_matru_vandana,0.0,2,1,1,0
73,40000,unemployed,male,obc,postgraduate,2.5,1,0,mahila_shakti_kendra,0.0,1,1,1,0
73,40000,unemployed,male,obc,postgraduate,2.5,1,0,national_scholarship_portal,0.0,2,2,1,0
73,40000,unemployed,male,obc,postgraduate,2.5,1,0,pm_scholarship_scheme,0.0,1,2,1,0
73,40000,unemployed,male,obc,postgraduate,2.5,1,0,pm_suraksha_bima,0.0,1,1,1,0
73,40000,unemployed,male,obc,postgraduate,2.5,1,0,pm_jeevan_jyoti,0.0,1,1,1,0
73,40000,unemployed,male,obc,postgraduate,2.5,1,0,pm_mudra_yojana,0.0,1,2,1,0
73,40000,unemployed,male,obc,postgraduate,2.5,1,0,startup_india_seed_fund,0.0,0,2,1,0
73,40000,unemployed,male,obc,postgraduate,2.5,1,0,deen_dayal_disability,0.0,1,1,1,0
73,40000,unemployed,male,obc,postgraduate,2.5,1,0,post_matric_sc,0.0,1,2,1,0
73,40000,unemployed,male,obc,postgraduate,2.5,1,0,eklavya_model_school,0.0,0,3,1,0
52,250000,farmer,female,general,postgraduate,5,0,0,pm_fasal_bima,100.0,3,0,0,1
52,250000,farmer,female,general,postgraduate,5,0,0,kisan_credit_card,100.0,3,0,0,1
52,250000,farmer,female,general,postgraduate,5,0,0,pm_matru_vandana,100.0,3,0,0,0
52,250000,farmer,female,general,postgraduate,5,0,0,mahila_shakti_kendra,100.0,2,0,0,1
52,250000,farmer,female,general,postgraduate,5,0,0,pm_suraksha_bima,100.0,2,0,0,1
52,250000,farmer,female,general,postgraduate,5,0,0,pm_kisan,75.0,3,1,0,0
52,250000,farmer,female,general,postgraduate,5,0,0,mgnregs,66.7,2,1,0,1
52,250000,farmer,female,general,postgraduate,5,0,0,national_scholarship_portal,0.0,1,3,1,0
52,250000,farmer,female,general,postgraduate,5,0,0,pm_scholarship_scheme,0.0,1,2,1,0
52,250000,farmer,female,general,postgraduate,5,0,0,ayushman_bharat,0.0,0,2,1,0
52,250000,farmer,female,general,postgraduate,5,0,0,pm_jeevan_jyoti,0.0,1,1,1,0
52,250000,farmer,female,general,postgraduate,5,0,0,pm_awas_yojana_gramin,0.0,2,2,1,0
52,250000,farmer,female,general,postgraduate,5,0,0,pm_mudra_yojana,0.0,2,1,1,0
52,250000,farmer,female,general,postgraduate,5,0,0,startup_india_seed_fund,0.0,0,2,1,0
52,250000,farmer,female,general,postgraduate,5,0,0,deen_dayal_disability,0.0,1,1,1,0
52,250000,farmer,female,general,postgraduate,5,0,0,post_matric_sc,0.0,1,2,1,0
52,250000,farmer,female,general,postgraduate,5,0,0,eklavya_model_school,0.0,0,3,1,0
52,250000,farmer,female,general,postgraduate,5,0,0,indira_gandhi_old_age,0.0,0,3,1,0
50,400000,unemployed,female,obc,none,2.5,0,0,pm_matru_vandana,100.0,3,0,0,1
50,400000,unemployed,female,obc,none,2.5,0,0,pm_suraksha_bima,100.0,2,0,0,1
50,400000,unemployed,female,obc,none,2.5,0,0,pm_jeevan_jyoti,100.0,2,0,0,1
50,400000,unemployed,female,obc,none,2.5,0,0,mgnregs,66.7,2,1,0,1
50,400000,unemployed,female,obc,none,2.5,0,0,mahila_shakti_kendra,60.0,1,1,0,0
50,400000,unemployed,female,obc,none,2.5,0,0,pm_kisan,0.0,2,2,1,0
50,400000,unemployed,female,obc,none,2.5,0,0,pm_fasal_bima,0.0,2,1,1,0
50,400000,unemployed,female,obc,none,2.5,0,0,kisan_credit_card,0.0,2,1,1,0
50,400000,unemployed,female,obc,none,2.5,0,0,national_scholarship_portal,0.0,1,3,1,0
50,400000,unemployed,female,obc,none,2.5,0,0,pm_scholarship_scheme,0.0,1,2,1,0
50,400000,unemployed,female,obc,none,2.5,0,0,ayushman_bharat,0.0,0,2,1,0
50,400000,unemployed,female,obc,none,2.5,0,0,pm_awas_yojana_gramin,0.0,2,2,1,0
50,400000,unemployed,female,obc,none,2.5,0,0,pm_mudra_yojana,0.0,2,1,1,0
50,400000,unemployed,female,obc,none,2.5,0,0,startup_india_seed_fund,0.0,1,1,1,0
50,400000,unemployed,female,obc,none,2.5,0,0,deen_dayal_disability,0.0,0,2,1,0
50,400000,unemployed,female,obc,none,2.5,0,0,post_matric_sc,0.0,0,3,1,0
50,400000,unemployed,female,obc,none,2.5,0,0,eklavya_model_school,0.0,0,3,1,0
50,400000,unemployed,female,obc,none,2.5,0,0,indira_gandhi_old_age,0.0,0,3,1,0
73,90000,farmer,other,st,none,0.5,1,0,pm_kisan,100.0,4,0,0,0
73,90000,farmer,other,st,none,0.5,1,0,pm_fasal_bima,100.0,3,0,0,1
73,90000,farmer,other,st,none,0.5,1,0,kisan_credit_card,100.0,3,0,0,1
73,90000,farmer,other,st,none,0.5,1,0,ayushman_bharat,100.0,2,0,0,1
73,90000,farmer,other,st,none,0.5,1,0,pm_awas_yojana_gramin,100.0,4,0,0,0
73,90000,farmer,other,st,none,0.5,1,0,mgnregs,100.0,3,0,0,1
73,90000,farmer,other,st,none,0.5,1,0,indira_gandhi_old_age,100.0,3,0,0,1
73,90000,farmer,other,st,none,0.5,1,0,pm_matru_vandana,0.0,2,1,1,0
73,90000,farmer,other,st,none,0.5,1,0,mahila_shakti_kendra,0.0,1,1,1,0
73,90000,farmer,other,st,none,0.5,1,0,national_scholarship_portal,0.0,2,2,1,0
73,90000,farmer,other,st,none,0.5,1,0,pm_scholarship_scheme,0.0,1,2,1,0
73,90000,farmer,other,st,none,0.5,1,0,pm_suraksha_bima,0.0,1,1,1,0
73,90000,farmer,other,st,none,0.5,1,0,pm_jeevan_jyoti,0.0,1,1,1,0
73,90000,farmer,other,st,none,0.5,1,0,pm_mudra_yojana,0.0,1,2,1,0
73,90000,farmer,other,st,none,0.5,1,0,startup_india_seed_fund,0.0,0,2,1,0
73,90000,farmer,other,st,none,0.5,1,0,deen_dayal_disability,0.0,1,1,1,0
73,90000,farmer,other,st,none,0.5,1,0,post_matric_sc,0.0,1,2,1,0
73,90000,farmer,other,st,none,0.5,1,0,eklavya_model_school,0.0,1,2,1,0
51,40000,salaried,female,obc,primary,0.5,1,0,pm_matru_vandana,100.0,3,0,0,1
51,40000,salaried,female,obc,primary,0.5,1,0,mahila_shakti_kendra,100.0,2,0,0,1
51,40000,salaried,female,obc,primary,0.5,1,0,ayushman_bharat,100.0,2,0,0,1
51,40000,salaried,female,obc,primary,0.5,1,0,pm_suraksha_bima,100.0,2,0,0,1
51,40000,salaried,female,obc,primary,0.5,1,0,pm_awas_yojana_gramin,100.0,4,0,0,1
51,40000,salaried,female,obc,primary,0.5,1,0,mgnregs,66.7,2,1,0,1
51,40000,salaried,female,obc,primary,0.5,1,0,pm_kisan,0.0,3,1,1,0
51,40000,salaried,female,obc,primary,0.5,1,0,pm_fasal_bima,0.0,2,1,1,0
51,40000,salaried,female,obc,primary,0.5,1,0,kisan_credit_card,0.0,2,1,1,0
51,40000,salaried,female,obc,primary,0.5,1,0,national_scholarship_portal,0.0,2,2,1,0
51,40000,salaried,female,obc,primary,0.5,1,0,pm_scholarship_scheme,0.0,1,2,1,0
51,40000,salaried,female,obc,primary,0.5,1,0,pm_jeevan_jyoti,0.0,1,1,1,0
51,40000,salaried,female,obc,primary,0.5,1,0,pm_mudra_yojana,0.0,2,1,1,0
51,40000,salaried,female,obc,primary,0.5,1,0,startup_india_seed_fund,0.0,0,2,1,0
51,40000,salaried,female,obc,primary,0.5,1,0,deen_dayal_disability,0.0,1,1,1,0
51,40000,salaried,female,obc,primary,0.5,1,0,post_matric_sc,0.0,1,2,1,0
51,40000,salaried,female,obc,primary,0.5,1,0,eklavya_model_school,0.0,0,3,1,0
51,40000,salaried,female,obc,primary,0.5,1,0,indira_gandhi_old_age,0.0,2,1,1,0
72,400000,other,other,obc,primary,5,1,0,indira_gandhi_old_age,75.0,2,1,0,1
72,400000,other,other,obc,primary,5,1,0,mgnregs,66.7,2,1,0,1
72,400000,other,other,obc,primary,5,1,0,ayushman_bharat,60.0,1,1,0,1
72,400000,other,other,obc,primary,5,1,0,pm_awas_yojana_gramin,57.1,2,2,0,1
72,400000,other,other,obc,primary,5,1,0,pm_kisan,0.0,2,2,1,0
72,400000,other,other,obc,primary,5,1,0,pm_fasal_bima,0.0,2,1,1,0
72,400000,other,other,obc,primary,5,1,0,kisan_credit_card,0.0,2,1,1,0
72,400000,other,other,obc,primary,5,1,0,pm_matru_vandana,0.0,2,1,1,0
72,400000,other,other,obc,primary,5,1,0,mahila_shakti_kendra,0.0,0,2,1,0
72,400000,other,other,obc,primary,5,1,0,national_scholarship_portal,0.0,1,3,1,0
72,400000,other,other,obc,primary,5,1,0,pm_scholarship_scheme,0.0,1,2,1,0
72,400000,other,other,obc,primary,5,1,0,pm_suraksha_bima,0.0,1,1,1,0
72,400000,other,other,obc,primary,5,1,0,pm_jeevan_jyoti,0.0,1,1,1,0
72,400000,other,other,obc,primary,5,1,0,pm_mudra_yojana,0.0,1,2,1,0
72,400000,other,other,obc,primary,5,1,0,startup_india_seed_fund,0.0,0,2,1,0
72,400000,other,other,obc,primary,5,1,0,deen_dayal_disability,0.0,0,2,1,0
72,400000,other,other,obc,primary,5,1,0,post_matric_sc,0.0,0,3,1,0
72,400000,other,other,obc,primary,5,1,0,eklavya_model_school,0.0,0,3,1,0
39,0,daily_wage,female,sc,primary,2.5,0,0,pm_matru_vandana,100.0,3,0,0,1
39,0,daily_wage,female,sc,primary,2.5,0,0,mahila_shakti_kendra,100.0,2,0,0,1
39,0,daily_wage,female,sc,primary,2.5,0,0,pm_suraksha_bima,100.0,2,0,0,1
39,0,daily_wage,female,sc,primary,2.5,0,0,pm_jeevan_jyoti,100.0,2,0,0,1
39,0,daily_wage,female,sc,primary,2.5,0,0,mgnregs,100.0,3,0,0,1
39,0,daily_wage,female,sc,primary,2.5,0,0,pm_kisan,0.0,3,1,1,0
39,0,daily_wage,female,sc,primary,2.5,0,0,pm_fasal_bima,0.0,2,1,1,0
39,0,daily_wage,female,sc,primary,2.5,0,0,kisan_credit_card,0.0,2,1,1,0
39,0,daily_wage,female,sc,primary,2.5,0,0,national_scholarship_portal,0.0,2,2,1,0
39,0,daily_wage,female,sc,primary,2.5,0,0,pm_scholarship_scheme,0.0,1,2,1,0
39,0,daily_wage,female,sc,primary,2.5,0,0,ayushman_bharat,0.0,1,1,1,0
39,0,daily_wage,female,sc,primary,2.5,0,0,pm_awas_yojana_gramin,0.0,3,1,1,0
39,0,daily_wage,female,sc,primary,2.5,0,0,pm_mudra_yojana,0.0,2,1,1,0
39,0,daily_wage,female,sc,primary,2.5,0,0,startup_india_seed_fund,0.0,1,1,1,0
39,0,daily_wage,female,sc,primary,2.5,0,0,deen_dayal_disability,0.0,1,1,1,0
39,0,daily_wage,female,sc,primary,2.5,0,0,post_matric_sc,0.0,2,1,1,0
39,0,daily_wage,female,sc,primary,2.5,0,0,eklavya_model_school,0.0,0,3,1,0
39,0,daily_wage,female,sc,primary,2.5,0,0,indira_gandhi_old_age,0.0,1,2,1,0
73,800000,self_employed,other,sc,primary,1,1,0,startup_india_seed_fund,75.0,1,1,0,1
73,800000,self_employed,other,sc,primary,1,1,0,indira_gandhi_old_age,75.0,2,1,0,1
73,800000,self_employed,other,sc,primary,1,1,0,pm_awas_yojana_gramin,71.4,3,1,0,1
73,800000,self_employed,other,sc,primary,1,1,0,mgnregs,66.7,2,1,0,1
73,800000,self_employed,other,sc,primary,1,1,0,ayushman_bharat,60.0,1,1,0,1
73,800000,self_employed,other,sc,primary,1,1,0,pm_kisan,0.0,2,2,1,0
73,800000,self_employed,other,sc,primary,1,1,0,pm_fasal_bima,0.0,2,1,1,0
73,800000,self_employed,other,sc,primary,1,1,0,kisan_credit_card,0.0,2,1,1,0
73,800000,self_employed,other,sc,primary,1,1,0,pm_matru_vandana,0.0,2,1,1,0
73,800000,self_employed,other,sc,primary,1,1,0,mahila_shakti_kendra,0.0,0,2,1,0
73,800000,self_employed,other,sc,primary,1,1,0,national_scholarship_portal,0.0,1,3,1,0
73,800000,self_employed,other,sc,primary,1,1,0,pm_scholarship_scheme,0.0,0,3,1,0
73,800000,self_employed,other,sc,primary,1,1,0,pm_suraksha_bima,0.0,0,2,1,0
73,800000,self_employed,other,sc,primary,1,1,0,pm_jeevan_jyoti,0.0,0,2,1,0
73,800000,self_employed,other,sc,primary,1,1,0,pm_mudra_yojana,0.0,2,1,1,0
73,800000,self_employed,other,sc,primary,1,1,0,deen_dayal_disability,0.0,0,2,1,0
73,800000,self_employed,other,sc,primary,1,1,0,post_matric_sc,0.0,1,2,1,0
73,800000,self_employed,other,sc,primary,1,1,0,eklavya_model_school,0.0,0,3,1,0
55,800000,other,male,sc,primary,2.5,1,0,pm_awas_yojana_gramin,71.4,3,1,0,1
55,800000,other,male,sc,primary,2.5,1,0,pm_suraksha_bima,66.7,1,1,0,1
55,800000,other,male,sc,primary,2.5,1,0,mgnregs,66.7,2,1,0,1
55,800000,other,male,sc,primary,2.5,1,0,ayushman_bharat,60.0,1,1,0,0
55,800000,other,male,sc,primary,2.5,1,0,pm_kisan,0.0,2,2,1,0
55,800000,other,male,sc,primary,2.5,1,0,pm_fasal_bima,0.0,2,1,1,0
55,800000,other,male,sc,primary,2.5,1,0,kisan_credit_card,0.0,2,1,1,0
55,800000,other,male,sc,primary,2.5,1,0,pm_matru_vandana,0.0,2,1,1,0
55,800000,other,male,sc,primary,2.5,1,0,mahila_shakti_kendra,0.0,0,2,1,0
55,800000,other,male,sc,primary,2.5,1,0,national_scholarship_portal,0.0,1,3,1,0
55,800000,other,male,sc,primary,2.5,1,0,pm_scholarship_scheme,0.0,0,3,1,0
55,800000,other,male,sc,primary,2.5,1,0,pm_jeevan_jyoti,0.0,0,2,1,0
55,800000,other,male,sc,primary,2.5,1,0,pm_mudra_yojana,0.0,2,1,1,0
55,800000,other,male,sc,primary,2.5,1,0,startup_india_seed_fund,0.0,0,2,1,0
55,800000,other,male,sc,primary,2.5,1,0,deen_dayal_disability,0.0,0,2,1,0
55,800000,other,male,sc,primary,2.5,1,0,post_matric_sc,0.0,1,2,1,0
55,800000,other,male,sc,primary,2.5,1,0,eklavya_model_school,0.0,0,3,1,0
55,800000,other,male,sc,primary,2.5,1,0,indira_gandhi_old_age,0.0,1,2,1,0
52,150000,student,female,obc,primary,0.5,0,1,pm_matru_vandana,100.0,3,0,0,1
52,150000,student,female,obc,primary,0.5,0,1,mahila_shakti_kendra,100.0,2,0,0,1
52,150000,student,female,obc,primary,0.5,0,1,pm_suraksha_bima,100.0,2,0,0,0
52,150000,student,female,obc,primary,0.5,0,1,deen_dayal_disability,100.0,2,0,0,1
52,150000,student,female,obc,primary,0.5,0,1,national_scholarship_portal,87.5,3,1,0,1
52,150000,student,female,obc,primary,0.5,0,1,pm_scholarship_scheme,83.3,2,1,0,0
52,150000,student,female,obc,primary,0.5,0,1,mgnregs,66.7,2,1,0,1
52,150000,student,female,obc,primary,0.5,0,1,pm_kisan,0.0,3,1,1,0
52,150000,student,female,obc,primary,0.5,0,1,pm_fasal_bima,0.0,2,1,1,0
52,150000,student,female,obc,primary,0.5,0,1,kisan_credit_card,0.0,2,1,1,0
52,150000,student,female,obc,primary,0.5,0,1,ayushman_bharat,0.0,0,2,1,0
52,150000,student,female,obc,primary,0.5,0,1,pm_jeevan_jyoti,0.0,1,1,1,0
52,150000,student,female,obc,primary,0.5,0,1,pm_awas_yojana_gramin,0.0,3,1,1,0
52,150000,student,female,obc,primary,0.5,0,1,pm_mudra_yojana,0.0,2,1,1,0
52,150000,student,female,obc,primary,0.5,0,1,startup_india_seed_fund,0.0,0,2,1,0
52,150000,student,female,obc,primary,0.5,0,1,post_matric_sc,0.0,2,1,1,0
52,150000,student,female,obc,primary,0.5,0,1,eklavya_model_school,0.0,1,2,1,0
52,150000,student,female,obc,primary,0.5,0,1,indira_gandhi_old_age,0.0,0,3,1,0
39,150000,other,male,sc,postgraduate,1,1,0,pm_suraksha_bima,100.0,2,0,0,1
39,150000,other,male,sc,postgraduate,1,1,0,pm_jeevan_jyoti,100.0,2,0,0,1
39,150000,other,male,sc,postgraduate,1,1,0,pm_awas_yojana_gramin,100.0,4,0,0,1
39,150000,other,male,sc,postgraduate,1,1,0,mgnregs,100.0,3,0,0,1
39,150000,other,male,sc,postgraduate,1,1,0,ayushman_bharat,60.0,1,1,0,0
39,150000,other,male,sc,postgraduate,1,1,0,pm_kisan,0.0,3,1,1,0
39,150000,other,male,sc,postgraduate,1,1,0,pm_fasal_bima,0.0,2,1,1,0
39,150000,other,male,sc,postgraduate,1,1,0,kisan_credit_card,0.0,2,1,1,0
39,150000,other,male,sc,postgraduate,1,1,0,pm_matru_vandana,0.0,2,1,1,0
39,150000,other,male,sc,postgraduate,1,1,0,mahila_shakti_kendra,0.0,1,1,1,0
39,150000,other,male,sc,postgraduate,1,1,0,national_scholarship_portal,0.0,2,2,1,0
39,150000,other,male,sc,postgraduate,1,1,0,pm_scholarship_scheme,0.0,1,2,1,0
39,150000,other,male,sc,postgraduate,1,1,0,pm_mudra_yojana,0.0,2,1,1,0
39,150000,other,male,sc,postgraduate,1,1,0,startup_india_seed_fund,0.0,1,1,1,0
39,150000,other,male,sc,postgraduate,1,1,0,deen_dayal_disability,0.0,1,1,1,0
39,150000,other,male,sc,postgraduate,1,1,0,post_matric_sc,0.0,2,1,1,0
39,150000,other,male,sc,postgraduate,1,1,0,eklavya_model_school,0.0,0,3,1,0
39,150000,other,male,sc,postgraduate,1,1,0,indira_gandhi_old_age,0.0,1,2,1,0
57,0,farmer,other,sc,graduate,5,0,0,pm_kisan,100.0,4,0,0,1
57,0,farmer,other,sc,graduate,5,0,0,pm_fasal_bima,100.0,3,0,0,1
57,0,farmer,other,sc,graduate,5,0,0,kisan_credit_card,100.0,3,0,0,1
57,0,farmer,other,sc,graduate,5,0,0,pm_suraksha_bima,100.0,2,0,0,1
57,0,farmer,other,sc,graduate,5,0,0,mgnregs,100.0,3,0,0,1
57,0,farmer,other,sc,graduate,5,0,0,pm_matru_vandana,0.0,2,1,1,0
57,0,farmer,other,sc,graduate,5,0,0,mahila_shakti_kendra,0.0,1,1,1,0
57,0,farmer,other,sc,graduate,5,0,0,national_scholarship_portal,0.0,2,2,1,0
57,0,farmer,other,sc,graduate,5,0,0,pm_scholarship_scheme,0.0,1,2,1,0
57,0,farmer,other,sc,graduate,5,0,0,ayushman_bharat,0.0,1,1,1,0
57,0,farmer,other,sc,graduate,5,0,0,pm_jeevan_jyoti,0.0,1,1,1,0
57,0,farmer,other,sc,graduate,5,0,0,pm_awas_yojana_gramin,0.0,2,2,1,0
57,0,farmer,other,sc,graduate,5,0,0,pm_mudra_yojana,0.0,2,1,1,0
57,0,farmer,other,sc,graduate,5,0,0,startup_india_seed_fund,0.0,0,2,1,0
57,0,farmer,other,sc,graduate,5,0,0,deen_dayal_disability,0.0,1,1,1,0
57,0,farmer,other,sc,graduate,5,0,0,post_matric_sc,0.0,2,1,1,0
57,0,farmer,other,sc,graduate,5,0,0,eklavya_model_school,0.0,0,3,1,0
57,0,farmer,other,sc,graduate,5,0,0,indira_gandhi_old_age,0.0,1,2,1,0
20,250000,other,other,sc,none,2.5,0,0,pm_suraksha_bima,100.0,2,0,0,1
20,250000,other,other,sc,none,2.5,0,0,pm_jeevan_jyoti,100.0,2,0,0,1
20,250000,other,other,sc,none,2.5,0,0,mgnregs,66.7,2,1,0,1
20,250000,other,other,sc,none,2.5,0,0,pm_kisan,0.0,2,2,1,0
20,250000,other,other,sc,none,2.5,0,0,pm_fasal_bima,0.0,2,1,1,0
20,250000,other,other,sc,none,2.5,0,0,kisan_credit_card,0.0,2,1,1,0
20,250000,other,other,sc,none,2.5,0,0,pm_matru_vandana,0.0,2,1,1,0
20,250000,other,other,sc,none,2.5,0,0,mahila_shakti_kendra,0.0,1,1,1,0
20,250000,other,other,sc,none,2.5,0,0,national_scholarship_portal,0.0,3,1,1,0
20,250000,other,other,sc,none,2.5,0,0,pm_scholarship_scheme,0.0,2,1,1,0
20,250000,other,other,sc,none,2.5,0,0,ayushman_bharat,0.0,0,2,1,0
20,250000,other,other,sc,none,2.5,0,0,pm_awas_yojana_gramin,0.0,3,1,1,0
20,250000,other,other,sc,none,2.5,0,0,pm_mudra_yojana,0.0,2,1,1,0
20,250000,other,other,sc,none,2.5,0,0,startup_india_seed_fund,0.0,1,1,1,0
20,250000,other,other,sc,none,2.5,0,0,deen_dayal_disability,0.0,1,1,1,0
20,250000,other,other,sc,none,2.5,0,0,post_matric_sc,0.0,2,1,1,0
20,250000,other,other,sc,none,2.5,0,0,eklavya_model_school,0.0,0,3,1,0
20,250000,other,other,sc,none,2.5,0,0,indira_gandhi_old_age,0.0,0,3,1,0
65,40000,other,male,sc,none,0,1,0,ayushman_bharat,100.0,2,0,0,1
65,40000,other,male,sc,none,0,1,0,pm_suraksha_bima,100.0,2,0,0,1
65,40000,other,male,sc,none,0,1,0,pm_awas_yojana_gramin,100.0,4,0,0,1
65,40000,other,male,sc,none,0,1,0,mgnregs,100.0,3,0,0,1
65,40000,other,male,sc,none,0,1,0,indira_gandhi_old_age,100.0,3,0,0,1
65,40000,other,male,sc,none,0,1,0,pm_kisan,0.0,3,1,1,0
65,40000,other,male,sc,none,0,1,0,pm_fasal_bima,0.0,1,2,1,0
65,40000,other,male,sc,none,0,1,0,kisan_credit_card,0.0,1,2,1,0
65,40000,other,male,sc,none,0,1,0,pm_matru_vandana,0.0,2,1,1,0
65,40000,other,male,sc,none,0,1,0,mahila_shakti_kendra,0.0,1,1,1,0
65,40000,other,male,sc,none,0,1,0,national_scholarship_portal,0.0,2,2,1,0
65,40000,other,male,sc,none,0,1,0,pm_scholarship_scheme,0.0,1,2,1,0
65,40000,other,male,sc,none,0,1,0,pm_jeevan_jyoti,0.0,1,1,1,0
65,40000,other,male,sc,none,0,1,0,pm_mudra_yojana,0.0,2,1,1,0
65,40000,other,male,sc,none,0,1,0,startup_india_seed_fund,0.0,0,2,1,0
65,40000,other,male,sc,none,0,1,0,deen_dayal_disability,0.0,1,1,1,0
65,40000,other,male,sc,none,0,1,0,post_matric_sc,0.0,2,1,1,0
65,40000,other,male,sc,none,0,1,0,eklavya_model_school,0.0,0,3,1,0
79,0,self_employed,female,obc,postgraduate,2.5,0,0,pm_matru_vandana,100.0,3,0,0,1
79,0,self_employed,female,obc,postgraduate,2.5,0,0,mahila_shakti_kendra,100.0,2,0,0,0
79,0,self_employed,female,obc,postgraduate,2.5,0,0,mgnregs,100.0,3,0,0,1
79,0,self_employed,female,obc,postgraduate,2.5,0,0,startup_india_seed_fund,75.0,1,1,0,1
79,0,self_employed,female,obc,postgraduate,2.5,0,0,pm_kisan,0.0,3,1,1,0
79,0,self_employed,female,obc,postgraduate,2.5,0,0,pm_fasal_bima,0.0,2,1,1,0
79,0,self_employed,female,obc,postgraduate,2.5,0,0,kisan_credit_card,0.0,1,2,1,0
79,0,self_employed,female,obc,postgraduate,2.5,0,0,national_scholarship_portal,0.0,2,2,1,0
79,0,self_employed,female,obc,postgraduate,2.5,0,0,pm_scholarship_scheme,0.0,1,2,1,0
79,0,self_employed,female,obc,postgraduate,2.5,0,0,ayushman_bharat,0.0,1,1,1,0
79,0,self_employed,female,obc,postgraduate,2.5,0,0,pm_suraksha_bima,0.0,1,1,1,0
79,0,self_employed,female,obc,postgraduate,2.5,0,0,pm_jeevan_jyoti,0.0,1,1,1,0
79,0,self_employed,female,obc,postgraduate,2.5,0,0,pm_awas_yojana_gramin,0.0,3,1,1,0
79,0,self_employed,female,obc,postgraduate,2.5,0,0,pm_mudra_yojana,0.0,2,1,1,0
79,0,self_employed,female,obc,postgraduate,2.5,0,0,deen_dayal_disability,0.0,1,1,1,0
79,0,self_employed,female,obc,postgraduate,2.5,0,0,post_matric_sc,0.0,1,2,1,0
79,0,self_employed,female,obc,postgraduate,2.5,0,0,eklavya_model_school,0.0,0,3,1,0
79,0,self_employed,female,obc,postgraduate,2.5,0,0,indira_gandhi_old_age,0.0,2,1,1,0
57,40000,self_employed,other,general,secondary,0.5,0,0,pm_suraksha_bima,100.0,2,0,0,1
57,40000,self_employed,other,general,secondary,0.5,0,0,mgnregs,100.0,3,0,0,1
57,40000,self_employed,other,general,secondary,0.5,0,0,pm_mudra_yojana,100.0,3,0,0,1
57,40000,self_employed,other,general,secondary,0.5,0,0,startup_india_seed_fund,75.0,1,1,0,0
57,40000,self_employed,other,general,secondary,0.5,0,0,pm_kisan,0.0,3,1,1,0
57,40000,self_employed,other,general,secondary,0.5,0,0,pm_fasal_bima,0.0,2,1,1,0
57,40000,self_employed,other,general,secondary,0.5,0,0,kisan_credit_card,0.0,2,1,1,0
57,40000,self_employed,other,general,secondary,0.5,0,0,pm_matru_vandana,0.0,2,1,1,0
57,40000,self_employed,other,general,secondary,0.5,0,0,mahila_shakti_kendra,0.0,1,1,1,0
57,40000,self_employed,other,general,secondary,0.5,0,0,national_scholarship_portal,0.0,1,3,1,0
57,40000,self_employed,other,general,secondary,0.5,0,0,pm_scholarship_scheme,0.0,1,2,1,0
57,40000,self_employed,other,general,secondary,0.5,0,0,ayushman_bharat,0.0,1,1,1,0
57,40000,self_employed,other,general,secondary,0.5,0,0,pm_jeevan_jyoti,0.0,1,1,1,0
57,40000,self_employed,other,general,secondary,0.5,0,0,pm_awas_yojana_gramin,0.0,3,1,1,0
57,40000,self_employed,other,general,secondary,0.5,0,0,deen_dayal_disability,0.0,1,1,1,0
57,40000,self_employed,other,general,secondary,0.5,0,0,post_matric_sc,0.0,1,2,1,0
57,40000,self_employed,other,general,secondary,0.5,0,0,eklavya_model_school,0.0,0,3,1,0
57,40000,self_employed,other,general,secondary,0.5,0,0,indira_gandhi_old_age,0.0,1,2,1,0
74,40000,other,female,general,graduate,2.5,1,0,pm_matru_vandana,100.0,3,0,0,1
74,40000,other,female,general,graduate,2.5,1,0,mahila_shakti_kendra,100.0,2,0,0,1
74,40000,other,female,general,graduate,2.5,1,0,ayushman_bharat,100.0,2,0,0,1
74,40000,other,female,general,graduate,2.5,1,0,pm_awas_yojana_gramin,100.0,4,0,0,1
74,40000,other,female,general,graduate,2.5,1,0,mgnregs,100.0,3,0,0,1
74,40000,other,female,general,graduate,2.5,1,0,indira_gandhi_old_age,100.0,3,0,0,1
74,40000,other,female,general,graduate,2.5,1,0,pm_kisan,0.0,3,1,1,0
74,40000,other,female,general,graduate,2.5,1,0,pm_fasal_bima,0.0,2,1,1,0
74,40000,other,female,general,graduate,2.5,1,0,kisan_credit_card,0.0,2,1,1,0
74,40000,other,female,general,graduate,2.5,1,0,national_scholarship_portal,0.0,1,3,1,0
74,40000,other,female,general,graduate,2.5,1,0,pm_scholarship_scheme,0.0,1,2,1,0
74,40000,other,female,general,graduate,2.5,1,0,pm_suraksha_bima,0.0,1,1,1,0
74,40000,other,female,general,graduate,2.5,1,0,pm_jeevan_jyoti,0.0,1,1,1,0
74,40000,other,female,general,graduate,2.5,1,0,pm_mudra_yojana,0.0,1,2,1,0
74,40000,other,female,general,graduate,2.5,1,0,startup_india_seed_fund,0.0,0,2,1,0
74,40000,other,female,general,graduate,2.5,1,0,deen_dayal_disability,0.0,1,1,1,0
74,40000,other,female,general,graduate,2.5,1,0,post_matric_sc,0.0,1,2,1,0
74,40000,other,female,general,graduate,2.5,1,0,eklavya_model_school,0.0,0,3,1,0
56,90000,daily_wage,other,obc,secondary,5,1,0,ayushman_bharat,100.0,2,0,0,0
56,90000,daily_wage,other,obc,secondary,5,1,0,pm_suraksha_bima,100.0,2,0,0,1
56,90000,daily_wage,other,obc,secondary,5,1,0,mgnregs,100.0,3,0,0,1
56,90000,daily_wage,other,obc,secondary,5,1,0,pm_awas_yojana_gramin,85.7,3,1,0,1
56,90000,daily_wage,other,obc,secondary,5,1,0,pm_kisan,0.0,3,1,1,0
56,90000,daily_wage,other,obc,secondary,5,1,0,pm_fasal_bima,0.0,2,1,1,0
56,90000,daily_wage,other,obc,secondary,5,1,0,kisan_credit_card,0.0,2,1,1,0
56,90000,daily_wage,other,obc,secondary,5,1,0,pm_matru_vandana,0.0,2,1,1,0
56,90000,daily_wage,other,obc,secondary,5,1,0,mahila_shakti_kendra,0.0,1,1,1,0
56,90000,daily_wage,other,obc,secondary,5,1,0,national_scholarship_portal,0.0,2,2,1,0
56,90000,daily_wage,other,obc,secondary,5,1,0,pm_scholarship_scheme,0.0,1,2,1,0
56,90000,daily_wage,other,obc,secondary,5,1,0,pm_jeevan_jyoti,0.0,1,1,1,0
56,90000,daily_wage,other,obc,secondary,5,1,0,pm_mudra_yojana,0.0,2,1,1,0
56,90000,daily_wage,other,obc,secondary,5,1,0,startup_india_seed_fund,0.0,0,2,1,0
56,90000,daily_wage,other,obc,secondary,5,1,0,deen_dayal_disability,0.0,1,1,1,0
56,90000,daily_wage,other,obc,secondary,5,1,0,post_matric_sc,0.0,1,2,1,0
56,90000,daily_wage,other,obc,secondary,5,1,0,eklavya_model_school,0.0,0,3,1,0
56,90000,daily_wage,other,obc,secondary,5,1,0,indira_gandhi_old_age,0.0,2,1,1,0
32,800000,other,female,st,none,5,0,0,pm_matru_vandana,100.0,3,0,0,1
32,800000,other,female,st,none,5,0,0,pm_suraksha_bima,66.7,1,1,0,0
32,800000,other,female,st,none,5,0,0,pm_jeevan_jyoti,66.7,1,1,0,1
32,800000,other,female,st,none,5,0,0,mgnregs,66.7,2,1,0,1
32,800000,other,female,st,none,5,0,0,mahila_shakti_kendra,60.0,1,1,0,1
32,800000,other,female,st,none,5,0,0,pm_kisan,0.0,2,2,1,0
32,800000,other,female,st,none,5,0,0,pm_fasal_bima,0.0,2,1,1,0
32,800000,other,female,st,none,5,0,0,kisan_credit_card,0.0,2,1,1,0
32,800000,other,female,st,none,5,0,0,national_scholarship_portal,0.0,1,3,1,0
32,800000,other,female,st,none,5,0,0,pm_scholarship_scheme,0.0,0,3,1,0
32,800000,other,female,st,none,5,0,0,ayushman_bharat,0.0,0,2,1,0
32,800000,other,female,st,none,5,0,0,pm_awas_yojana_gramin,0.0,1,3,1,0
32,800000,other,female,st,none,5,0,0,pm_mudra_yojana,0.0,2,1,1,0
32,800000,other,female,st,none,5,0,0,startup_india_seed_fund,0.0,1,1,1,0
32,800000,other,female,st,none,5,0,0,deen_dayal_disability,0.0,0,2,1,0
32,800000,other,female,st,none,5,0,0,post_matric_sc,0.0,0,3,1,0
32,800000,other,female,st,none,5,0,0,eklavya_model_school,0.0,1,2,1,0
32,800000,other,female,st,none,5,0,0,indira_gandhi_old_age,0.0,0,3,1,0
18,250000,student,female,general,secondary,5,1,0,mahila_shakti_kendra,100.0,2,0,0,1
18,250000,student,female,general,secondary,5,1,0,pm_scholarship_scheme,100.0,3,0,0,1
18,250000,student,female,general,secondary,5,1,0,pm_suraksha_bima,100.0,2,0,0,1
18,250000,student,female,general,secondary,5,1,0,pm_jeevan_jyoti,100.0,2,0,0,1
18,250000,student,female,general,secondary,5,1,0,pm_awas_yojana_gramin,85.7,3,1,0,1
18,250000,student,female,general,secondary,5,1,0,national_scholarship_portal,75.0,3,1,0,1
18,250000,student,female,general,secondary,5,1,0,ayushman_bharat,60.0,1,1,0,0
18,250000,student,female,general,secondary,5,1,0,mgnregs,33.3,1,2,0,0
18,250000,student,female,general,secondary,5,1,0,pm_kisan,0.0,2,2,1,0
18,250000,student,female,general,secondary,5,1,0,pm_fasal_bima,0.0,2,1,1,0
18,250000,student,female,general,secondary,5,1,0,kisan_credit_card,0.0,2,1,1,0
18,250000,student,female,general,secondary,5,1,0,pm_matru_vandana,0.0,2,1,1,0
18,250000,student,female,general,secondary,5,1,0,pm_mudra_yojana,0.0,2,1,1,0
18,250000,student,female,general,secondary,5,1,0,startup_india_seed_fund,0.0,1,1,1,0
18,250000,student,female,general,secondary,5,1,0,deen_dayal_disability,0.0,1,1,1,0
18,250000,student,female,general,secondary,5,1,0,post_matric_sc,0.0,2,1,1,0
18,250000,student,female,general,secondary,5,1,0,eklavya_model_school,0.0,2,1,1,0
18,250000,student,female,general,secondary,5,1,0,indira_gandhi_old_age,0.0,1,2,1,0
51,250000,farmer,male,sc,postgraduate,1,1,0,pm_fasal_bima,100.0,3,0,0,1
51,250000,farmer,male,sc,postgraduate,1,1,0,kisan_credit_card,100.0,3,0,0,1
51,250000,farmer,male,sc,postgraduate,1,1,0,pm_suraksha_bima,100.0,2,0,0,1
51,250000,farmer,male,sc,postgraduate,1,1,0,pm_awas_yojana_gramin,100.0,4,0,0,1
51,250000,farmer,male,sc,postgraduate,1,1,0,pm_kisan,75.0,3,1,0,1
51,250000,farmer,male,sc,postgraduate,1,1,0,mgnregs,66.7,2,1,0,1
51,250000,farmer,male,sc,postgraduate,1,1,0,ayushman_bharat,60.0,1,1,0,0
51,250000,farmer,male,sc,postgraduate,1,1,0,pm_matru_vandana,0.0,2,1,1,0
51,250000,farmer,male,sc,postgraduate,1,1,0,mahila_shakti_kendra,0.0,1,1,1,0
51,250000,farmer,male,sc,postgraduate,1,1,0,national_scholarship_portal,0.0,2,2,1,0
51,250000,farmer,male,sc,postgraduate,1,1,0,pm_scholarship_scheme,0.0,1,2,1,0
51,250000,farmer,male,sc,postgraduate,1,1,0,pm_jeevan_jyoti,0.0,1,1,1,0
51,250000,farmer,male,sc,postgraduate,1,1,0,pm_mudra_yojana,0.0,2,1,1,0
51,250000,farmer,male,sc,postgraduate,1,1,0,startup_india_seed_fund,0.0,0,2,1,0
51,250000,farmer,male,sc,postgraduate,1,1,0,deen_dayal_disability,0.0,1,1,1,0
51,250000,farmer,male,sc,postgraduate,1,1,0,post_matric_sc,0.0,2,1,1,0
51,250000,farmer,male,sc,postgraduate,1,1,0,eklavya_model_school,0.0,0,3,1,0
51,250000,farmer,male,sc,postgraduate,1,1,0,indira_gandhi_old_age,0.0,1,2,1,0
66,0,student,male,obc,graduate,1,0,0,pm_suraksha_bima,100.0,2,0,0,1
66,0,student,male,obc,graduate,1,0,0,national_scholarship_portal,87.5,3,1,0,1
66,0,student,male,obc,graduate,1,0,0,pm_scholarship_scheme,83.3,2,1,0,1
66,0,student,male,obc,graduate,1,0,0,mgnregs,66.7,2,1,0,0
66,0,student,male,obc,graduate,1,0,0,pm_kisan,0.0,3,1,1,0
66,0,student,male,obc,graduate,1,0,0,pm_fasal_bima,0.0,2,1,1,0
66,0,student,male,obc,graduate,1,0,0,kisan_credit_card,0.0,2,1,1,0
66,0,student,male,obc,graduate,1,0,0,pm_matru_vandana,0.0,2,1,1,0
66,0,student,male,obc,graduate,1,0,0,mahila_shakti_kendra,0.0,1,1,1,0
66,0,student,male,obc,graduate,1,0,0,ayushman_bharat,0.0,1,1,1,0
66,0,student,male,obc,graduate,1,0,0,pm_jeevan_jyoti,0.0,1,1,1,0
66,0,student,male,obc,graduate,1,0,0,pm_awas_yojana_gramin,0.0,3,1,1,0
66,0,student,male,obc,graduate,1,0,0,pm_mudra_yojana,0.0,1,2,1,0
66,0,student,male,obc,graduate,1,0,0,startup_india_seed_fund,0.0,0,2,1,0
66,0,student,male,obc,graduate,1,0,0,deen_dayal_disability,0.0,1,1,1,0
66,0,student,male,obc,graduate,1,0,0,post_matric_sc,0.0,2,1,1,0
66,0,student,male,obc,graduate,1,0,0,eklavya_model_school,0.0,1,2,1,0
66,0,student,male,obc,graduate,1,0,0,indira_gandhi_old_age,0.0,2,1,1,0
67,40000,daily_wage,male,st,primary,2.5,0,0,pm_suraksha_bima,100.0,2,0,0,1
67,40000,daily_wage,male,st,primary,2.5,0,0,mgnregs,100.0,3,0,0,1
67,40000,daily_wage,male,st,primary,2.5,0,0,pm_kisan,0.0,3,1,1,0
67,40000,daily_wage,male,st,primary,2.5,0,0,pm_fasal_bima,0.0,2,1,1,0
67,40000,daily_wage,male,st,primary,2.5,0,0,kisan_credit_card,0.0,2,1,1,0
67,40000,daily_wage,male,st,primary,2.5,0,0,pm_matru_vandana,0.0,2,1,1,0
67,40000,daily_wage,male,st,primary,2.5,0,0,mahila_shakti_kendra,0.0,1,1,1,0
67,40000,daily_wage,male,st,primary,2.5,0,0,national_scholarship_portal,0.0,2,2,1,0
67,40000,daily_wage,male,st,primary,2.5,0,0,pm_scholarship_scheme,0.0,1,2,1,0
67,40000,daily_wage,male,st,primary,2.5,0,0,ayushman_bharat,0.0,1,1,1,0
67,40000,daily_wage,male,st,primary,2.5,0,0,pm_jeevan_jyoti,0.0,1,1,1,0
67,40000,daily_wage,male,st,primary,2.5,0,0,pm_awas_yojana_gramin,0.0,3,1,1,0
67,40000,daily_wage,male,st,primary,2.5,0,0,pm_mudra_yojana,0.0,1,2,1,0
67,40000,daily_wage,male,st,primary,2.5,0,0,startup_india_seed_fund,0.0,0,2,1,0
67,40000,daily_wage,male,st,primary,2.5,0,0,deen_dayal_disability,0.0,1,1,1,0
67,40000,daily_wage,male,st,primary,2.5,0,0,post_matric_sc,0.0,1,2,1,0
67,40000,daily_wage,male,st,primary,2.5,0,0,eklavya_model_school,0.0,1,2,1,0
67,40000,daily_wage,male,st,primary,2.5,0,0,indira_gandhi_old_age,0.0,2,1,1,0
51,90000,unemployed,male,st,secondary,2.5,0,0,pm_suraksha_bima,100.0,2,0,0,1
51,90000,unemployed,male,st,secondary,2.5,0,0,mgnregs,100.0,3,0,0,1
51,90000,unemployed,male,st,secondary,2.5,0,0,pm_kisan,0.0,3,1,1,0
51,90000,unemployed,male,st,secondary,2.5,0,0,pm_fasal_bima,0.0,2,1,1,0
51,90000,unemployed,male,st,secondary,2.5,0,0,kisan_credit_card,0.0,2,1,1,0
51,90000,unemployed,male,st,secondary,2.5,0,0,pm_matru_vandana,0.0,2,1,1,0
51,90000,unemployed,male,st,secondary,2.5,0,0,mahila_shakti_kendra,0.0,1,1,1,0
51,90000,unemployed,male,st,secondary,2.5,0,0,national_scholarship_portal,0.0,2,2,1,0
51,90000,unemployed,male,st,secondary,2.5,0,0,pm_scholarship_scheme,0.0,1,2,1,0
51,90000,unemployed,male,st,secondary,2.5,0,0,ayushman_bharat,0.0,1,1,1,0
51,90000,unemployed,male,st,secondary,2.5,0,0,pm_jeevan_jyoti,0.0,1,1,1,0
51,90000,unemployed,male,st,secondary,2.5,0,0,pm_awas_yojana_gramin,0.0,3,1,1,0
51,90000,unemployed,male,st,secondary,2.5,0,0,pm_mudra_yojana,0.0,2,1,1,0
51,90000,unemployed,male,st,secondary,2.5,0,0,startup_india_seed_fund,0.0,0,2,1,0
51,90000,unemployed,male,st,secondary,2.5,0,0,deen_dayal_disability,0.0,1,1,1,0
51,90000,unemployed,male,st,secondary,2.5,0,0,post_matric_sc,0.0,1,2,1,0
51,90000,unemployed,male,st,secondary,2.5,0,0,eklavya_model_school,0.0,1,2,1,0
51,90000,unemployed,male,st,secondary,2.5,0,0,indira_gandhi_old_age,0.0,1,2,1,0
33,250000,daily_wage,other,obc,graduate,1,0,1,pm_suraksha_bima,100.0,2,0,0,1
33,250000,daily_wage,other,obc,graduate,1,0,1,pm_jeevan_jyoti,100.0,2,0,0,1
33,250000,daily_wage,other,obc,graduate,1,0,1,deen_dayal_disability,100.0,2,0,0,1
33,250000,daily_wage,other,obc,graduate,1,0,1,mgnregs,66.7,2,1,0,1
33,250000,daily_wage,other,obc,graduate,1,0,1,pm_kisan,0.0,2,2,1,0
33,250000,daily_wage,other,obc,graduate,1,0,1,pm_fasal_bima,0.0,2,1,1,0
33,250000,daily_wage,other,obc,graduate,1,0,1,kisan_credit_card,0.0,2,1,1,0
33,250000,daily_wage,other,obc,graduate,1,0,1,pm_matru_vandana,0.0,2,1,1,0
33,250000,daily_wage,other,obc,graduate,1,0,1,mahila_shakti_kendra,0.0,1,1,1,0
33,250000,daily_wage,other,obc,graduate,1,0,1,national_scholarship_portal,0.0,2,2,1,0
33,250000,daily_wage,other,obc,graduate,1,0,1,pm_scholarship_scheme,0.0,1,2,1,0
33,250000,daily_wage,other,obc,graduate,1,0,1,ayushman_bharat,0.0,0,2,1,0
33,250000,daily_wage,other,obc,graduate,1,0,1,pm_awas_yojana_gramin,0.0,3,1,1,0
33,250000,daily_wage,other,obc,graduate,1,0,1,pm_mudra_yojana,0.0,2,1,1,0
33,250000,daily_wage,other,obc,graduate,1,0,1,startup_india_seed_fund,0.0,1,1,1,0
33,250000,daily_wage,other,obc,graduate,1,0,1,post_matric_sc,0.0,1,2,1,0
33,250000,daily_wage,other,obc,graduate,1,0,1,eklavya_model_school,0.0,0,3,1,0
33,250000,daily_wage,other,obc,graduate,1,0,1,indira_gandhi_old_age,0.0,0,3,1,0
44,400000,other,female,st,primary,0.5,1,0,pm_matru_vandana,100.0,3,0,0,1
44,400000,other,female,st,primary,0.5,1,0,pm_suraksha_bima,100.0,2,0,0,1
44,400000,other,female,st,primary,0.5,1,0,pm_jeevan_jyoti,100.0,2,0,0,1
44,400000,other,female,st,primary,0.5,1,0,pm_awas_yojana_gramin,71.4,3,1,0,1
44,400000,other,female,st,primary,0.5,1,0,mgnregs,66.7,2,1,0,0
44,400000,other,female,st,primary,0.5,1,0,mahila_shakti_kendra,60.0,1,1,0,1
44,400000,other,female,st,primary,0.5,1,0,ayushman_bharat,60.0,1,1,0,0
44,400000,other,female,st,primary,0.5,1,0,pm_kisan,0.0,2,2,1,0
44,400000,other,female,st,primary,0.5,1,0,pm_fasal_bima,0.0,2,1,1,0
44,400000,other,female,st,primary,0.5,1,0,kisan_credit_card,0.0,2,1,1,0
44,400000,other,female,st,primary,0.5,1,0,national_scholarship_portal,0.0,1,3,1,0
44,400000,other,female,st,primary,0.5,1,0,pm_scholarship_scheme,0.0,1,2,1,0
44,400000,other,female,st,primary,0.5,1,0,pm_mudra_yojana,0.0,2,1,1,0
44,400000,other,female,st,primary,0.5,1,0,startup_india_seed_fund,0.0,1,1,1,0
44,400000,other,female,st,primary,0.5,1,0,deen_dayal_disability,0.0,0,2,1,0
44,400000,other,female,st,primary,0.5,1,0,post_matric_sc,0.0,0,3,1,0
44,400000,other,female,st,primary,0.5,1,0,eklavya_model_school,0.0,1,2,1,0
44,400000,other,female,st,primary,0.5,1,0,indira_gandhi_old_age,0.0,1,2,1,0
55,400000,unemployed,other,obc,none,1,0,0,pm_suraksha_bima,100.0,2,0,0,1
55,400000,unemployed,other,obc,none,1,0,0,mgnregs,66.7,2,1,0,0
55,400000,unemployed,other,obc,none,1,0,0,pm_kisan,0.0,2,2,1,0
55,400000,unemployed,other,obc,none,1,0,0,pm_fasal_bima,0.0,2,1,1,0
55,400000,unemployed,other,obc,none,1,0,0,kisan_credit_card,0.0,2,1,1,0
55,400000,unemployed,other,obc,none,1,0,0,pm_matru_vandana,0.0,2,1,1,0
55,400000,unemployed,other,obc,none,1,0,0,mahila_shakti_kendra,0.0,0,2,1,0
55,400000,unemployed,other,obc,none,1,0,0,national_scholarship_portal,0.0,1,3,1,0
55,400000,unemployed,other,obc,none,1,0,0,pm_scholarship_scheme,0.0,1,2,1,0
55,400000,unemployed,other,obc,none,1,0,0,ayushman_bharat,0.0,0,2,1,0
55,400000,unemployed,other,obc,none,1,0,0,pm_jeevan_jyoti,0.0,1,1,1,0
55,400000,unemployed,other,obc,none,1,0,0,pm_awas_yojana_gramin,0.0,2,2,1,0
55,400000,unemployed,other,obc,none,1,0,0,pm_mudra_yojana,0.0,2,1,1,0
55,400000,unemployed,other,obc,none,1,0,0,startup_india_seed_fund,0.0,0,2,1,0
55,400000,unemployed,other,obc,none,1,0,0,deen_dayal_disability,0.0,0,2,1,0
55,400000,unemployed,other,obc,none,1,0,0,post_matric_sc,0.0,0,3,1,0
55,400000,unemployed,other,obc,none,1,0,0,eklavya_model_school,0.0,0,3,1,0
55,400000,unemployed,other,obc,none,1,0,0,indira_gandhi_old_age,0.0,0,3,1,0
28,0,other,other,general,none,0.5,1,0,ayushman_bharat,100.0,2,0,0,1
28,0,other,other,general,none,0.5,1,0,pm_suraksha_bima,100.0,2,0,0,1
28,0,other,other,general,none,0.5,1,0,pm_jeevan_jyoti,100.0,2,0,0,1
28,0,other,other,general,none,0.5,1,0,pm_awas_yojana_gramin,100.0,4,0,0,1
28,0,other,other,general,none,0.5,1,0,mgnregs,100.0,3,0,0,1
28,0,other,other,general,none,0.5,1,0,pm_kisan,0.0,3,1,1,0
28,0,other,other,general,none,0.5,1,0,pm_fasal_bima,0.0,2,1,1,0
28,0,other,other,general,none,0.5,1,0,kisan_credit_card,0.0,2,1,1,0
28,0,other,other,general,none,0.5,1,0,pm_matru_vandana,0.0,2,1,1,0
28,0,other,other,general,none,0.5,1,0,mahila_shakti_kendra,0.0,1,1,1,0
28,0,other,other,general,none,0.5,1,0,national_scholarship_portal,0.0,2,2,1,0
28,0,other,other,general,none,0.5,1,0,pm_scholarship_scheme,0.0,1,2,1,0
28,0,other,other,general,none,0.5,1,0,pm_mudra_yojana,0.0,2,1,1,0
28,0,other,other,general,none,0.5,1,0,startup_india_seed_fund,0.0,1,1,1,0
28,0,other,other,general,none,0.5,1,0,deen_dayal_disability,0.0,1,1,1,0
28,0,other,other,general,none,0.5,1,0,post_matric_sc,0.0,1,2,1,0
28,0,other,other,general,none,0.5,1,0,eklavya_model_school,0.0,0,3,1,0
28,0,other,other,general,none,0.5,1,0,indira_gandhi_old_age,0.0,2,1,1,0
58,400000,farmer,female,st,graduate,0.5,1,1,pm_fasal_bima,100.0,3,0,0,1
58,400000,farmer,female,st,graduate,0.5,1,1,kisan_credit_card,100.0,3,0,0,1
58,400000,farmer,female,st,graduate,0.5,1,1,pm_matru_vandana,100.0,3,0,0,1
58,400000,farmer,female,st,graduate,0.5,1,1,pm_suraksha_bima,100.0,2,0,0,1
58,400000,farmer,female,st,graduate,0.5,1,1,pm_kisan,75.0,3,1,0,1
58,400000,farmer,female,st,graduate,0.5,1,1,pm_awas_yojana_gramin,71.4,3,1,0,1
58,400000,farmer,female,st,graduate,0.5,1,1,mgnregs,66.7,2,1,0,0
58,400000,farmer,female,st,graduate,0.5,1,1,mahila_shakti_kendra,60.0,1,1,0,1
58,400000,farmer,female,st,graduate,0.5,1,1,ayushman_bharat,60.0,1,1,0,1
58,400000,farmer,female,st,graduate,0.5,1,1,deen_dayal_disability,60.0,1,1,0,0
58,400000,farmer,female,st,graduate,0.5,1,1,national_scholarship_portal,0.0,1,3,1,0
58,400000,farmer,female,st,graduate,0.5,1,1,pm_scholarship_scheme,0.0,1,2,1,0
58,400000,farmer,female,st,graduate,0.5,1,1,pm_jeevan_jyoti,0.0,1,1,1,0
58,400000,farmer,female,st,graduate,0.5,1,1,pm_mudra_yojana,0.0,2,1,1,0
58,400000,farmer,female,st,graduate,0.5,1,1,startup_india_seed_fund,0.0,0,2,1,0
58,400000,farmer,female,st,graduate,0.5,1,1,post_matric_sc,0.0,0,3,1,0
58,400000,farmer,female,st,graduate,0.5,1,1,eklavya_model_school,0.0,1,2,1,0
58,400000,farmer,female,st,graduate,0.5,1,1,indira_gandhi_old_age,0.0,1,2,1,0
31,0,unemployed,female,st,primary,0,1,0,pm_matru_vandana,100.0,3,0,0,1
31,0,unemployed,female,st,primary,0,1,0,mahila_shakti_kendra,100.0,2,0,0,1
31,0,unemployed,female,st,primary,0,1,0,ayushman_bharat,100.0,2,0,0,1
31,0,unemployed,female,st,primary,0,1,0,pm_suraksha_bima,100.0,2,0,0,1
31,0,unemployed,female,st,primary,0,1,0,pm_jeevan_jyoti,100.0,2,0,0,1
31,0,unemployed,female,st,primary,0,1,0,pm_awas_yojana_gramin,100.0,4,0,0,1
31,0,unemployed,female,st,primary,0,1,0,mgnregs,100.0,3,0,0,1
31,0,unemployed,female,st,primary,0,1,0,pm_kisan,0.0,3,1,1,0
31,0,unemployed,female,st,primary,0,1,0,pm_fasal_bima,0.0,1,2,1,0
31,0,unemployed,female,st,primary,0,1,0,kisan_credit_card,0.0,1,2,1,0
31,0,unemployed,female,st,primary,0,1,0,national_scholarship_portal,0.0,2,2,1,0
31,0,unemployed,female,st,primary,0,1,0,pm_scholarship_scheme,0.0,1,2,1,0
31,0,unemployed,female,st,primary,0,1,0,pm_mudra_yojana,0.0,2,1,1,0
31,0,unemployed,female,st,primary,0,1,0,startup_india_seed_fund,0.0,1,1,1,0
31,0,unemployed,female,st,primary,0,1,0,deen_dayal_disability,0.0,1,1,1,0
31,0,unemployed,female,st,primary,0,1,0,post_matric_sc,0.0,1,2,1,0
31,0,unemployed,female,st,primary,0,1,0,eklavya_model_school,0.0,1,2,1,0
31,0,unemployed,female,st,primary,0,1,0,indira_gandhi_old_age,0.0,2,1,1,0
32,0,unemployed,male,sc,primary,1,1,0,ayushman_bharat,100.0,2,0,0,1
32,0,unemployed,male,sc,primary,1,1,0,pm_suraksha_bima,100.0,2,0,0,1
32,0,unemployed,male,sc,primary,1,1,0,pm_jeevan_jyoti,100.0,2,0,0,1
32,0,unemployed,male,sc,primary,1,1,0,pm_awas_yojana_gramin,100.0,4,0,0,1
32,0,unemployed,male,sc,primary,1,1,0,mgnregs,100.0,3,0,0,1
32,0,unemployed,male,sc,primary,1,1,0,pm_kisan,0.0,3,1,1,0
32,0,unemployed,male,sc,primary,1,1,0,pm_fasal_bima,0.0,2,1,1,0
32,0,unemployed,male,sc,primary,1,1,0,kisan_credit_card,0.0,2,1,1,0
32,0,unemployed,male,sc,primary,1,1,0,pm_matru_vandana,0.0,2,1,1,0
32,0,unemployed,male,sc,primary,1,1,0,mahila_shakti_kendra,0.0,1,1,1,0
32,0,unemployed,male,sc,primary,1,1,0,national_scholarship_portal,0.0,2,2,1,0
32,0,unemployed,male,sc,primary,1,1,0,pm_scholarship_scheme,0.0,1,2,1,0
32,0,unemployed,male,sc,primary,1,1,0,pm_mudra_yojana,0.0,2,1,1,0
32,0,unemployed,male,sc,primary,1,1,0,startup_india_seed_fund,0.0,1,1,1,0
32,0,unemployed,male,sc,primary,1,1,0,deen_dayal_disability,0.0,1,1,1,0
32,0,unemployed,male,sc,primary,1,1,0,post_matric_sc,0.0,2,1,1,0
32,0,unemployed,male,sc,primary,1,1,0,eklavya_model_school,0.0,0,3,1,0
32,0,unemployed,male,sc,primary,1,1,0,indira_gandhi_old_age,0.0,2,1,1,0
31,0,daily_wage,female,sc,primary,2.5,0,0,pm_matru_vandana,100.0,3,0,0,1
31,0,daily_wage,female,sc,primary,2.5,0,0,mahila_shakti_kendra,100.0,2,0,0,1
31,0,daily_wage,female,sc,primary,2.5,0,0,pm_suraksha_bima,100.0,2,0,0,1
31,0,daily_wage,female,sc,primary,2.5,0,0,pm_jeevan_jyoti,100.0,2,0,0,1
31,0,daily_wage,female,sc,primary,2.5,0,0,mgnregs,100.0,3,0,0,1
31,0,daily_wage,female,sc,primary,2.5,0,0,pm_kisan,0.0,3,1,1,0
31,0,daily_wage,female,sc,primary,2.5,0,0,pm_fasal_bima,0.0,2,1,1,0
31,0,daily_wage,female,sc,primary,2.5,0,0,kisan_credit_card,0.0,2,1,1,0
31,0,daily_wage,female,sc,primary,2.5,0,0,national_scholarship_portal,0.0,2,2,1,0
31,0,daily_wage,female,sc,primary,2.5,0,0,pm_scholarship_scheme,0.0,1,2,1,0
31,0,daily_wage,female,sc,primary,2.5,0,0,ayushman_bharat,0.0,1,1,1,0
31,0,daily_wage,female,sc,primary,2.5,0,0,pm_awas_yojana_gramin,0.0,3,1,1,0
31,0,daily_wage,female,sc,primary,2.5,0,0,pm_mudra_yojana,0.0,2,1,1,0
31,0,daily_wage,female,sc,primary,2.5,0,0,startup_india_seed_fund,0.0,1,1,1,0
31,0,daily_wage,female,sc,primary,2.5,0,0,deen_dayal_disability,0.0,1,1,1,0
31,0,daily_wage,female,sc,primary,2.5,0,0,post_matric_sc,0.0,2,1,1,0
31,0,daily_wage,female,sc,primary,2.5,0,0,eklavya_model_school,0.0,0,3,1,0
31,0,daily_wage,female,sc,primary,2.5,0,0,indira_gandhi_old_age,0.0,1,2,1,0
41,40000,salaried,female,sc,primary,0.5,0,0,pm_matru_vandana,100.0,3,0,0,1
41,40000,salaried,female,sc,primary,0.5,0,0,mahila_shakti_kendra,100.0,2,0,0,1
41,40000,salaried,female,sc,primary,0.5,0,0,pm_suraksha_bima,100.0,2,0,0,1
41,40000,salaried,female,sc,primary,0.5,0,0,pm_jeevan_jyoti,100.0,2,0,0,1
41,40000,salaried,female,sc,primary,0.5,0,0,mgnregs,66.7,2,1,0,1
41,40000,salaried,female,sc,primary,0.5,0,0,pm_kisan,0.0,3,1,1,0
41,40000,salaried,female,sc,primary,0.5,0,0,pm_fasal_bima,0.0,2,1,1,0
41,40000,salaried,female,sc,primary,0.5,0,0,kisan_credit_card,0.0,2,1,1,0
41,40000,salaried,female,sc,primary,0.5,0,0,national_scholarship_portal,0.0,2,2,1,0
41,40000,salaried,female,sc,primary,0.5,0,0,pm_scholarship_scheme,0.0,1,2,1,0
41,40000,salaried,female,sc,primary,0.5,0,0,ayushman_bharat,0.0,1,1,1,0
41,40000,salaried,female,sc,primary,0.5,0,0,pm_awas_yojana_gramin,0.0,3,1,1,0
41,40000,salaried,female,sc,primary,0.5,0,0,pm_mudra_yojana,0.0,2,1,1,0
41,40000,salaried,female,sc,primary,0.5,0,0,startup_india_seed_fund,0.0,1,1,1,0
41,40000,salaried,female,sc,primary,0.5,0,0,deen_dayal_disability,0.0,1,1,1,0
41,40000,salaried,female,sc,primary,0.5,0,0,post_matric_sc,0.0,2,1,1,0
41,40000,salaried,female,sc,primary,0.5,0,0,eklavya_model_school,0.0,0,3,1,0
41,40000,salaried,female,sc,primary,0.5,0,0,indira_gandhi_old_age,0.0,1,2,1,0
24,0,other,male,st,graduate,5,0,1,pm_suraksha_bima,100.0,2,0,0,1
24,0,other,male,st,graduate,5,0,1,pm_jeevan_jyoti,100.0,2,0,0,1
24,0,other,male,st,graduate,5,0,1,mgnregs,100.0,3,0,0,1
24,0,other,male,st,graduate,5,0,1,deen_dayal_disability,100.0,2,0,0,1
24,0,other,male,st,graduate,5,0,1,pm_kisan,0.0,3,1,1,0
24,0,other,male,st,graduate,5,0,1,pm_fasal_bima,0.0,2,1,1,0
24,0,other,male,st,graduate,5,0,1,kisan_credit_card,0.0,2,1,1,0
24,0,other,male,st,graduate,5,0,1,pm_matru_vandana,0.0,2,1,1,0
24,0,other,male,st,graduate,5,0,1,mahila_shakti_kendra,0.0,1,1,1,0
24,0,other,male,st,graduate,5,0,1,national_scholarship_portal,0.0,3,1,1,0
24,0,other,male,st,graduate,5,0,1,pm_scholarship_scheme,0.0,2,1,1,0
24,0,other,male,st,graduate,5,0,1,ayushman_bharat,0.0,1,1,1,0
24,0,other,male,st,graduate,5,0,1,pm_awas_yojana_gramin,0.0,2,2,1,0
24,0,other,male,st,graduate,5,0,1,pm_mudra_yojana,0.0,2,1,1,0
24,0,other,male,st,graduate,5,0,1,startup_india_seed_fund,0.0,1,1,1,0
24,0,other,male,st,graduate,5,0,1,post_matric_sc,0.0,1,2,1,0
24,0,other,male,st,graduate,5,0,1,eklavya_model_school,0.0,1,2,1,0
24,0,other,male,st,graduate,5,0,1,indira_gandhi_old_age,0.0,1,2,1,0
25,40000,self_employed,female,st,none,5,1,0,pm_matru_vandana,100.0,3,0,0,1
25,40000,self_employed,female,st,none,5,1,0,mahila_shakti_kendra,100.0,2,0,0,1
25,40000,self_employed,female,st,none,5,1,0,ayushman_bharat,100.0,2,0,0,1
25,40000,self_employed,female,st,none,5,1,0,pm_suraksha_bima,100.0,2,0,0,1
25,40000,self_employed,female,st,none,5,1,0,pm_jeevan_jyoti,100.0,2,0,0,1
25,40000,self_employed,female,st,none,5,1,0,mgnregs,100.0,3,0,0,1
25,40000,self_employed,female,st,none,5,1,0,pm_mudra_yojana,100.0,3,0,0,1
25,40000,self_employed,female,st,none,5,1,0,startup_india_seed_fund,100.0,2,0,0,1
25,40000,self_employed,female,st,none,5,1,0,pm_awas_yojana_gramin,85.7,3,1,0,1
25,40000,self_employed,female,st,none,5,1,0,pm_kisan,0.0,3,1,1,0
25,40000,self_employed,female,st,none,5,1,0,pm_fasal_bima,0.0,2,1,1,0
25,40000,self_employed,female,st,none,5,1,0,kisan_credit_card,0.0,2,1,1,0
25,40000,self_employed,female,st,none,5,1,0,national_scholarship_portal,0.0,3,1,1,0
25,40000,self_employed,female,st,none,5,1,0,pm_scholarship_scheme,0.0,2,1,1,0
25,40000,self_employed,female,st,none,5,1,0,deen_dayal_disability,0.0,1,1,1,0
25,40000,self_employed,female,st,none,5,1,0,post_matric_sc,0.0,1,2,1,0
25,40000,self_employed,female,st,none,5,1,0,eklavya_model_school,0.0,1,2,1,0
25,40000,self_employed,female,st,none,5,1,0,indira_gandhi_old_age,0.0,2,1,1,0
51,400000,unemployed,other,general,none,5,0,0,pm_suraksha_bima,100.0,2,0,0,1
51,400000,unemployed,other,general,none,5,0,0,mgnregs,66.7,2,1,0,1
51,400000,unemployed,other,general,none,5,0,0,pm_kisan,0.0,2,2,1,0
51,400000,unemployed,other,general,none,5,0,0,pm_fasal_bima,0.0,2,1,1,0
51,400000,unemployed,other,general,none,5,0,0,kisan_credit_card,0.0,2,1,1,0
51,400000,unemployed,other,general,none,5,0,0,pm_matru_vandana,0.0,2,1,1,0
51,400000,unemployed,other,general,none,5,0,0,mahila_shakti_kendra,0.0,0,2,1,0
51,400000,unemployed,other,general,none,5,0,0,national_scholarship_portal,0.0,0,4,1,0
51,400000,unemployed,other,general,none,5,0,0,pm_scholarship_scheme,0.0,1,2,1,0
51,400000,unemployed,other,general,none,5,0,0,ayushman_bharat,0.0,0,2,1,0
51,400000,unemployed,other,general,none,5,0,0,pm_jeevan_jyoti,0.0,1,1,1,0
51,400000,unemployed,other,general,none,5,0,0,pm_awas_yojana_gramin,0.0,1,3,1,0
51,400000,unemployed,other,general,none,5,0,0,pm_mudra_yojana,0.0,2,1,1,0
51,400000,unemployed,other,general,none,5,0,0,startup_india_seed_fund,0.0,0,2,1,0
51,400000,unemployed,other,general,none,5,0,0,deen_dayal_disability,0.0,0,2,1,0
51,400000,unemployed,other,general,none,5,0,0,post_matric_sc,0.0,0,3,1,0
51,400000,unemployed,other,general,none,5,0,0,eklavya_model_school,0.0,0,3,1,0
51,400000,unemployed,other,general,none,5,0,0,indira_gandhi_old_age,0.0,0,3,1,0
68,250000,self_employed,other,obc,postgraduate,2.5,1,0,pm_suraksha_bima,100.0,2,0,0,1
68,250000,self_employed,other,obc,postgraduate,2.5,1,0,pm_awas_yojana_gramin,100.0,4,0,0,0
68,250000,self_employed,other,obc,postgraduate,2.5,1,0,startup_india_seed_fund,75.0,1,1,0,1
68,250000,self_employed,other,obc,postgraduate,2.5,1,0,indira_gandhi_old_age,75.0,2,1,0,1
68,250000,self_employed,other,obc,postgraduate,2.5,1,0,mgnregs,66.7,2,1,0,0
68,250000,self_employed,other,obc,postgraduate,2.5,1,0,ayushman_bharat,60.0,1,1,0,1
68,250000,self_employed,other,obc,postgraduate,2.5,1,0,pm_kisan,0.0,2,2,1,0
68,250000,self_employed,other,obc,postgraduate,2.5,1,0,pm_fasal_bima,0.0,2,1,1,0
68,250000,self_employed,other,obc,postgraduate,2.5,1,0,kisan_credit_card,0.0,2,1,1,0
68,250000,self_employed,other,obc,postgraduate,2.5,1,0,pm_matru_vandana,0.0,2,1,1,0
68,250000,self_employed,other,obc,postgraduate,2.5,1,0,mahila_shakti_kendra,0.0,1,1,1,0
68,250000,self_employed,other,obc,postgraduate,2.5,1,0,national_scholarship_portal,0.0,2,2,1,0
68,250000,self_employed,other,obc,postgraduate,2.5,1,0,pm_scholarship_scheme,0.0,1,2,1,0
68,250000,self_employed,other,obc,postgraduate,2.5,1,0,pm_jeevan_jyoti,0.0,1,1,1,0
68,250000,self_employed,other,obc,postgraduate,2.5,1,0,pm_mudra_yojana,0.0,2,1,1,0
68,250000,self_employed,other,obc,postgraduate,2.5,1,0,deen_dayal_disability,0.0,1,1,1,0
68,250000,self_employed,other,obc,postgraduate,2.5,1,0,post_matric_sc,0.0,1,2,1,0
68,250000,self_employed,other,obc,postgraduate,2.5,1,0,eklavya_model_school,0.0,0,3,1,0
28,90000,unemployed,male,obc,primary,5,0,1,pm_suraksha_bima,100.0,2,0,0,1
28,90000,unemployed,male,obc,primary,5,0,1,pm_jeevan_jyoti,100.0,2,0,0,1
28,90000,unemployed,male,obc,primary,5,0,1,mgnregs,100.0,3,0,0,1
28,90000,unemployed,male,obc,primary,5,0,1,deen_dayal_disability,100.0,2,0,0,1
28,90000,unemployed,male,obc,primary,5,0,1,pm_kisan,0.0,3,1,1,0
28,90000,unemployed,male,obc,primary,5,0,1,pm_fasal_bima,0.0,2,1,1,0
28,90000,unemployed,male,obc,primary,5,0,1,kisan_credit_card,0.0,2,1,1,0
28,90000,unemployed,male,obc,primary,5,0,1,pm_matru_vandana,0.0,2,1,1,0
28,90000,unemployed,male,obc,primary,5,0,1,mahila_shakti_kendra,0.0,1,1,1,0
28,90000,unemployed,male,obc,primary,5,0,1,national_scholarship_portal,0.0,3,1,1,0
28,90000,unemployed,male,obc,primary,5,0,1,pm_scholarship_scheme,0.0,1,2,1,0
28,90000,unemployed,male,obc,primary,5,0,1,ayushman_bharat,0.0,1,1,1,0
28,90000,unemployed,male,obc,primary,5,0,1,pm_awas_yojana_gramin,0.0,2,2,1,0
28,90000,unemployed,male,obc,primary,5,0,1,pm_mudra_yojana,0.0,2,1,1,0
28,90000,unemployed,male,obc,primary,5,0,1,startup_india_seed_fund,0.0,1,1,1,0
28,90000,unemployed,male,obc,primary,5,0,1,post_matric_sc,0.0,1,2,1,0
28,90000,unemployed,male,obc,primary,5,0,1,eklavya_model_school,0.0,0,3,1,0
28,90000,unemployed,male,obc,primary,5,0,1,indira_gandhi_old_age,0.0,1,2,1,0
66,40000,salaried,male,sc,none,0,0,0,pm_suraksha_bima,100.0,2,0,0,1
66,40000,salaried,male,sc,none,0,0,0,mgnregs,66.7,2,1,0,0
66,40000,salaried,male,sc,none,0,0,0,pm_kisan,0.0,3,1,1,0
66,40000,salaried,male,sc,none,0,0,0,pm_fasal_bima,0.0,1,2,1,0
66,40000,salaried,male,sc,none,0,0,0,kisan_credit_card,0.0,1,2,1,0
66,40000,salaried,male,sc,none,0,0,0,pm_matru_vandana,0.0,2,1,1,0
66,40000,salaried,male,sc,none,0,0,0,mahila_shakti_kendra,0.0,1,1,1,0
66,40000,salaried,male,sc,none,0,0,0,national_scholarship_portal,0.0,2,2,1,0
66,40000,salaried,male,sc,none,0,0,0,pm_scholarship_scheme,0.0,1,2,1,0
66,40000,salaried,male,sc,none,0,0,0,ayushman_bharat,0.0,1,1,1,0
66,40000,salaried,male,sc,none,0,0,0,pm_jeevan_jyoti,0.0,1,1,1,0
66,40000,salaried,male,sc,none,0,0,0,pm_awas_yojana_gramin,0.0,3,1,1,0
66,40000,salaried,male,sc,none,0,0,0,pm_mudra_yojana,0.0,1,2,1,0
66,40000,salaried,male,sc,none,0,0,0,startup_india_seed_fund,0.0,0,2,1,0
66,40000,salaried,male,sc,none,0,0,0,deen_dayal_disability,0.0,1,1,1,0
66,40000,salaried,male,sc,none,0,0,0,post_matric_sc,0.0,2,1,1,0
66,40000,salaried,male,sc,none,0,0,0,eklavya_model_school,0.0,0,3,1,0
66,40000,salaried,male,sc,none,0,0,0,indira_gandhi_old_age,0.0,2,1,1,0
74,150000,self_employed,female,sc,primary,5,0,0,pm_matru_vandana,100.0,3,0,0,1
74,150000,self_employed,female,sc,primary,5,0,0,mahila_shakti_kendra,100.0,2,0,0,1
74,150000,self_employed,female,sc,primary,5,0,0,mgnregs,100.0,3,0,0,1
74,150000,self_employed,female,sc,primary,5,0,0,startup_india_seed_fund,75.0,1,1,0,0
74,150000,self_employed,female,sc,primary,5,0,0,pm_kisan,0.0,3,1,1,0
74,150000,self_employed,female,sc,primary,5,0,0,pm_fasal_bima,0.0,2,1,1,0
74,150000,self_employed,female,sc,primary,5,0,0,kisan_credit_card,0.0,2,1,1,0
74,150000,self_employed,female,sc,primary,5,0,0,national_scholarship_portal,0.0,2,2,1,0
74,150000,self_employed,female,sc,primary,5,0,0,pm_scholarship_scheme,0.0,1,2,1,0
74,150000,self_employed,female,sc,primary,5,0,0,ayushman_bharat,0.0,0,2,1,0
74,150000,self_employed,female,sc,primary,5,0,0,pm_suraksha_bima,0.0,1,1,1,0
74,150000,self_employed,female,sc,primary,5,0,0,pm_jeevan_jyoti,0.0,1,1,1,0
74,150000,self_employed,female,sc,primary,5,0,0,pm_awas_yojana_gramin,0.0,2,2,1,0
74,150000,self_employed,female,sc,primary,5,0,0,pm_mudra_yojana,0.0,2,1,1,0
74,150000,self_employed,female,sc,primary,5,0,0,deen_dayal_disability,0.0,1,1,1,0
74,150000,self_employed,female,sc,primary,5,0,0,post_matric_sc,0.0,2,1,1,0
74,150000,self_employed,female,sc,primary,5,0,0,eklavya_model_school,0.0,0,3,1,0
74,150000,self_employed,female,sc,primary,5,0,0,indira_gandhi_old_age,0.0,1,2,1,0
52,90000,farmer,female,obc,graduate,0,0,0,pm_kisan,100.0,4,0,0,1
52,90000,farmer,female,obc,graduate,0,0,0,pm_matru_vandana,100.0,3,0,0,1
52,90000,farmer,female,obc,graduate,0,0,0,mahila_shakti_kendra,100.0,2,0,0,1
52,90000,farmer,female,obc,graduate,0,0,0,pm_suraksha_bima,100.0,2,0,0,1
52,90000,farmer,female,obc,graduate,0,0,0,mgnregs,100.0,3,0,0,1
52,90000,farmer,female,obc,graduate,0,0,0,pm_fasal_bima,66.7,2,1,0,1
52,90000,farmer,female,obc,graduate,0,0,0,kisan_credit_card,66.7,2,1,0,1
52,90000,farmer,female,obc,graduate,0,0,0,national_scholarship_portal,0.0,2,2,1,0
52,90000,farmer,female,obc,graduate,0,0,0,pm_scholarship_scheme,0.0,1,2,1,0
52,90000,farmer,female,obc,graduate,0,0,0,ayushman_bharat,0.0,1,1,1,0
52,90000,farmer,female,obc,graduate,0,0,0,pm_jeevan_jyoti,0.0,1,1,1,0
52,90000,farmer,female,obc,graduate,0,0,0,pm_awas_yojana_gramin,0.0,3,1,1,0
52,90000,farmer,female,obc,graduate,0,0,0,pm_mudra_yojana,0.0,2,1,1,0
52,90000,farmer,female,obc,graduate,0,0,0,startup_india_seed_fund,0.0,0,2,1,0
52,90000,farmer,female,obc,graduate,0,0,0,deen_dayal_disability,0.0,1,1,1,0
52,90000,farmer,female,obc,graduate,0,0,0,post_matric_sc,0.0,1,2,1,0
52,90000,farmer,female,obc,graduate,0,0,0,eklavya_model_school,0.0,0,3,1,0
52,90000,farmer,female,obc,graduate,0,0,0,indira_gandhi_old_age,0.0,1,2,1,0
23,90000,daily_wage,male,general,postgraduate,5,0,0,pm_suraksha_bima,100.0,2,0,0,1
23,90000,daily_wage,male,general,postgraduate,5,0,0,pm_jeevan_jyoti,100.0,2,0,0,1
23,90000,daily_wage,male,general,postgraduate,5,0,0,mgnregs,100.0,3,0,0,1
23,90000,daily_wage,male,general,postgraduate,5,0,0,pm_kisan,0.0,3,1,1,0
23,90000,daily_wage,male,general,postgraduate,5,0,0,pm_fasal_bima,0.0,2,1,1,0
23,90000,daily_wage,male,general,postgraduate,5,0,0,kisan_credit_card,0.0,2,1,1,0
23,90000,daily_wage,male,general,postgraduate,5,0,0,pm_matru_vandana,0.0,2,1,1,0
23,90000,daily_wage,male,general,postgraduate,5,0,0,mahila_shakti_kendra,0.0,1,1,1,0
23,90000,daily_wage,male,general,postgraduate,5,0,0,national_scholarship_portal,0.0,2,2,1,0
23,90000,daily_wage,male,general,postgraduate,5,0,0,pm_scholarship_scheme,0.0,2,1,1,0
23,90000,daily_wage,male,general,postgraduate,5,0,0,ayushman_bharat,0.0,1,1,1,0
23,90000,daily_wage,male,general,postgraduate,5,0,0,pm_awas_yojana_gramin,0.0,2,2,1,0
23,90000,daily_wage,male,general,postgraduate,5,0,0,pm_mudra_yojana,0.0,2,1,1,0
23,90000,daily_wage,male,general,postgraduate,5,0,0,startup_india_seed_fund,0.0,1,1,1,0
23,90000,daily_wage,male,general,postgraduate,5,0,0,deen_dayal_disability,0.0,1,1,1,0
23,90000,daily_wage,male,general,postgraduate,5,0,0,post_matric_sc,0.0,1,2,1,0
23,90000,daily_wage,male,general,postgraduate,5,0,0,eklavya_model_school,0.0,0,3,1,0
23,90000,daily_wage,male,general,postgraduate,5,0,0,indira_gandhi_old_age,0.0,1,2,1,0
58,250000,salaried,male,sc,none,0,0,0,pm_suraksha_bima,100.0,2,0,0,1
58,250000,salaried,male,sc,none,0,0,0,mgnregs,33.3,1,2,0,0
58,250000,salaried,male,sc,none,0,0,0,pm_kisan,0.0,2,2,1,0
58,250000,salaried,male,sc,none,0,0,0,pm_fasal_bima,0.0,1,2,1,0
58,250000,salaried,male,sc,none,0,0,0,kisan_credit_card,0.0,1,2,1,0
58,250000,salaried,male,sc,none,0,0,0,pm_matru_vandana,0.0,2,1,1,0
58,250000,salaried,male,sc,none,0,0,0,mahila_shakti_kendra,0.0,1,1,1,0
58,250000,salaried,male,sc,none,0,0,0,national_scholarship_portal,0.0,2,2,1,0
58,250000,salaried,male,sc,none,0,0,0,pm_scholarship_scheme,0.0,1,2,1,0
58,250000,salaried,male,sc,none,0,0,0,ayushman_bharat,0.0,0,2,1,0
58,250000,salaried,male,sc,none,0,0,0,pm_jeevan_jyoti,0.0,1,1,1,0
58,250000,salaried,male,sc,none,0,0,0,pm_awas_yojana_gramin,0.0,3,1,1,0
58,250000,salaried,male,sc,none,0,0,0,pm_mudra_yojana,0.0,2,1,1,0
58,250000,salaried,male,sc,none,0,0,0,startup_india_seed_fund,0.0,0,2,1,0
58,250000,salaried,male,sc,none,0,0,0,deen_dayal_disability,0.0,1,1,1,0
58,250000,salaried,male,sc,none,0,0,0,post_matric_sc,0.0,2,1,1,0
58,250000,salaried,male,sc,none,0,0,0,eklavya_model_school,0.0,0,3,1,0
58,250000,salaried,male,sc,none,0,0,0,indira_gandhi_old_age,0.0,0,3,1,0
51,150000,other,other,st,none,2.5,0,0,pm_suraksha_bima,100.0,2,0,0,1
51,150000,other,other,st,none,2.5,0,0,mgnregs,100.0,3,0,0,1
51,150000,other,other,st,none,2.5,0,0,pm_kisan,0.0,3,1,1,0
51,150000,other,other,st,none,2.5,0,0,pm_fasal_bima,0.0,2,1,1,0
51,150000,other,other,st,none,2.5,0,0,kisan_credit_card,0.0,2,1,1,0
51,150000,other,other,st,none,2.5,0,0,pm_matru_vandana,0.0,2,1,1,0
51,150000,other,other,st,none,2.5,0,0,mahila_shakti_kendra,0.0,1,1,1,0
51,150000,other,other,st,none,2.5,0,0,national_scholarship_portal,0.0,2,2,1,0
51,150000,other,other,st,none,2.5,0,0,pm_scholarship_scheme,0.0,1,2,1,0
51,150000,other,other,st,none,2.5,0,0,ayushman_bharat,0.0,0,2,1,0
51,150000,other,other,st,none,2.5,0,0,pm_jeevan_jyoti,0.0,1,1,1,0
51,150000,other,other,st,none,2.5,0,0,pm_awas_yojana_gramin,0.0,3,1,1,0
51,150000,other,other,st,none,2.5,0,0,pm_mudra_yojana,0.0,2,1,1,0
51,150000,other,other,st,none,2.5,0,0,startup_india_seed_fund,0.0,0,2,1,0
51,150000,other,other,st,none,2.5,0,0,deen_dayal_disability,0.0,1,1,1,0
51,150000,other,other,st,none,2.5,0,0,post_matric_sc,0.0,1,2,1,0
51,150000,other,other,st,none,2.5,0,0,eklavya_model_school,0.0,1,2,1,0
51,150000,other,other,st,none,2.5,0,0,indira_gandhi_old_age,0.0,0,3,1,0
32,40000,student,male,st,graduate,0.5,0,0,pm_suraksha_bima,100.0,2,0,0,1
32,40000,student,male,st,graduate,0.5,0,0,pm_jeevan_jyoti,100.0,2,0,0,0
32,40000,student,male,st,graduate,0.5,0,0,national_scholarship_portal,87.5,3,1,0,1
32,40000,student,male,st,graduate,0.5,0,0,pm_scholarship_scheme,83.3,2,1,0,1
32,40000,student,male,st,graduate,0.5,0,0,eklavya_model_school,83.3,2,1,0,1
32,40000,student,male,st,graduate,0.5,0,0,mgnregs,66.7,2,1,0,1
32,40000,student,male,st,graduate,0.5,0,0,pm_kisan,0.0,3,1,1,0
32,40000,student,male,st,graduate,0.5,0,0,pm_fasal_bima,0.0,2,1,1,0
32,40000,student,male,st,graduate,0.5,0,0,kisan_credit_card,0.0,2,1,1,0
32,40000,student,male,st,graduate,0.5,0,0,pm_matru_vandana,0.0,2,1,1,0
32,40000,student,male,st,graduate,0.5,0,0,mahila_shakti_kendra,0.0,1,1,1,0
32,40000,student,male,st,graduate,0.5,0,0,ayushman_bharat,0.0,1,1,1,0
32,40000,student,male,st,graduate,0.5,0,0,pm_awas_yojana_gramin,0.0,3,1,1,0
32,40000,student,male,st,graduate,0.5,0,0,pm_mudra_yojana,0.0,2,1,1,0
32,40000,student,male,st,graduate,0.5,0,0,startup_india_seed_fund,0.0,1,1,1,0
32,40000,student,male,st,graduate,0.5,0,0,deen_dayal_disability,0.0,1,1,1,0
32,40000,student,male,st,graduate,0.5,0,0,post_matric_sc,0.0,2,1,1,0
32,40000,student,male,st,graduate,0.5,0,0,indira_gandhi_old_age,0.0,1,2,1,0
33,800000,farmer,other,st,graduate,1,1,0,pm_fasal_bima,100.0,3,0,0,1
33,800000,farmer,other,st,graduate,1,1,0,kisan_credit_card,100.0,3,0,0,1
33,800000,farmer,other,st,graduate,1,1,0,pm_kisan,75.0,3,1,0,1
33,800000,farmer,other,st,graduate,1,1,0,pm_awas_yojana_gramin,71.4,3,1,0,1
33,800000,farmer,other,st,graduate,1,1,0,pm_suraksha_bima,66.7,1,1,0,1
33,800000,farmer,other,st,graduate,1,1,0,pm_jeevan_jyoti,66.7,1,1,0,0
33,800000,farmer,other,st,graduate,1,1,0,mgnregs,66.7,2,1,0,0
33,800000,farmer,other,st,graduate,1,1,0,ayushman_bharat,60.0,1,1,0,1
33,800000,farmer,other,st,graduate,1,1,0,pm_matru_vandana,0.0,2,1,1,0
33,800000,farmer,other,st,graduate,1,1,0,mahila_shakti_kendra,0.0,0,2,1,0
33,800000,farmer,other,st,graduate,1,1,0,national_scholarship_portal,0.0,1,3,1,0
33,800000,farmer,other,st,graduate,1,1,0,pm_scholarship_scheme,0.0,0,3,1,0
33,800000,farmer,other,st,graduate,1,1,0,pm_mudra_yojana,0.0,2,1,1,0
33,800000,farmer,other,st,graduate,1,1,0,startup_india_seed_fund,0.0,1,1,1,0
33,800000,farmer,other,st,graduate,1,1,0,deen_dayal_disability,0.0,0,2,1,0
33,800000,farmer,other,st,graduate,1,1,0,post_matric_sc,0.0,0,3,1,0
33,800000,farmer,other,st,graduate,1,1,0,eklavya_model_school,0.0,1,2,1,0
33,800000,farmer,other,st,graduate,1,1,0,indira_gandhi_old_age,0.0,1,2,1,0
56,0,salaried,other,sc,postgraduate,5,0,0,pm_suraksha_bima,100.0,2,0,0,1
56,0,salaried,other,sc,postgraduate,5,0,0,mgnregs,66.7,2,1,0,1
56,0,salaried,other,sc,postgraduate,5,0,0,pm_kisan,0.0,3,1,1,0
56,0,salaried,other,sc,postgraduate,5,0,0,pm_fasal_bima,0.0,2,1,1,0
56,0,salaried,other,sc,postgraduate,5,0,0,kisan_credit_card,0.0,2,1,1,0
56,0,salaried,other,sc,postgraduate,5,0,0,pm_matru_vandana,0.0,2,1,1,0
56,0,salaried,other,sc,postgraduate,5,0,0,mahila_shakti_kendra,0.0,1,1,1,0
56,0,salaried,other,sc,postgraduate,5,0,0,national_scholarship_portal,0.0,2,2,1,0
56,0,salaried,other,sc,postgraduate,5,0,0,pm_scholarship_scheme,0.0,1,2,1,0
56,0,salaried,other,sc,postgraduate,5,0,0,ayushman_bharat,0.0,1,1,1,0
56,0,salaried,other,sc,postgraduate,5,0,0,pm_jeevan_jyoti,0.0,1,1,1,0
56,0,salaried,other,sc,postgraduate,5,0,0,pm_awas_yojana_gramin,0.0,2,2,1,0
56,0,salaried,other,sc,postgraduate,5,0,0,pm_mudra_yojana,0.0,2,1,1,0
56,0,salaried,other,sc,postgraduate,5,0,0,startup_india_seed_fund,0.0,0,2,1,0
56,0,salaried,other,sc,postgraduate,5,0,0,deen_dayal_disability,0.0,1,1,1,0
56,0,salaried,other,sc,postgraduate,5,0,0,post_matric_sc,0.0,2,1,1,0
56,0,salaried,other,sc,postgraduate,5,0,0,eklavya_model_school,0.0,0,3,1,0
56,0,salaried,other,sc,postgraduate,5,0,0,indira_gandhi_old_age,0.0,1,2,1,0
71,800000,daily_wage,other,general,secondary,5,0,0,mgnregs,66.7,2,1,0,1
71,800000,daily_wage,other,general,secondary,5,0,0,pm_kisan,0.0,2,2,1,0
71,800000,daily_wage,other,general,secondary,5,0,0,pm_fasal_bima,0.0,2,1,1,0
71,800000,daily_wage,other,general,secondary,5,0,0,kisan_credit_card,0.0,2,1,1,0
71,800000,daily_wage,other,general,secondary,5,0,0,pm_matru_vandana,0.0,2,1,1,0
71,800000,daily_wage,other,general,secondary,5,0,0,mahila_shakti_kendra,0.0,0,2,1,0
71,800000,daily_wage,other,general,secondary,5,0,0,national_scholarship_portal,0.0,0,4,1,0
71,800000,daily_wage,other,general,secondary,5,0,0,pm_scholarship_scheme,0.0,0,3,1,0
71,800000,daily_wage,other,general,secondary,5,0,0,ayushman_bharat,0.0,0,2,1,0
71,800000,daily_wage,other,general,secondary,5,0,0,pm_suraksha_bima,0.0,0,2,1,0
71,800000,daily_wage,other,general,secondary,5,0,0,pm_jeevan_jyoti,0.0,0,2,1,0
71,800000,daily_wage,other,general,secondary,5,0,0,pm_awas_yojana_gramin,0.0,1,3,1,0
71,800000,daily_wage,other,general,secondary,5,0,0,pm_mudra_yojana,0.0,1,2,1,0
71,800000,daily_wage,other,general,secondary,5,0,0,startup_india_seed_fund,0.0,0,2,1,0
71,800000,daily_wage,other,general,secondary,5,0,0,deen_dayal_disability,0.0,0,2,1,0
71,800000,daily_wage,other,general,secondary,5,0,0,post_matric_sc,0.0,0,3,1,0
71,800000,daily_wage,other,general,secondary,5,0,0,eklavya_model_school,0.0,0,3,1,0
71,800000,daily_wage,other,general,secondary,5,0,0,indira_gandhi_old_age,0.0,1,2,1,0
51,400000,farmer,female,obc,postgraduate,5,0,0,pm_fasal_bima,100.0,3,0,0,1
51,400000,farmer,female,obc,postgraduate,5,0,0,kisan_credit_card,100.0,3,0,0,0
51,400000,farmer,female,obc,postgraduate,5,0,0,pm_matru_vandana,100.0,3,0,0,0
51,400000,farmer,female,obc,postgraduate,5,0,0,pm_suraksha_bima,100.0,2,0,0,1
51,400000,farmer,female,obc,postgraduate,5,0,0,pm_kisan,75.0,3,1,0,0
51,400000,farmer,female,obc,postgraduate,5,0,0,mgnregs,66.7,2,1,0,1
51,400000,farmer,female,obc,postgraduate,5,0,0,mahila_shakti_kendra,60.0,1,1,0,0
51,400000,farmer,female,obc,postgraduate,5,0,0,national_scholarship_portal,0.0,1,3,1,0
51,400000,farmer,female,obc,postgraduate,5,0,0,pm_scholarship_scheme,0.0,1,2,1,0
51,400000,farmer,female,obc,postgraduate,5,0,0,ayushman_bharat,0.0,0,2,1,0
51,400000,farmer,female,obc,postgraduate,5,0,0,pm_jeevan_jyoti,0.0,1,1,1,0
51,400000,farmer,female,obc,postgraduate,5,0,0,pm_awas_yojana_gramin,0.0,1,3,1,0
51,400000,farmer,female,obc,postgraduate,5,0,0,pm_mudra_yojana,0.0,2,1,1,0
51,400000,farmer,female,obc,postgraduate,5,0,0,startup_india_seed_fund,0.0,0,2,1,0
51,400000,farmer,female,obc,postgraduate,5,0,0,deen_dayal_disability,0.0,0,2,1,0
51,400000,farmer,female,obc,postgraduate,5,0,0,post_matric_sc,0.0,0,3,1,0
51,400000,farmer,female,obc,postgraduate,5,0,0,eklavya_model_school,0.0,0,3,1,0
51,400000,farmer,female,obc,postgraduate,5,0,0,indira_gandhi_old_age,0.0,0,3,1,0
54,400000,daily_wage,male,sc,none,0.5,1,0,pm_suraksha_bima,100.0,2,0,0,1
54,400000,daily_wage,male,sc,none,0.5,1,0,pm_awas_yojana_gramin,71.4,3,1,0,1
54,400000,daily_wage,male,sc,none,0.5,1,0,mgnregs,66.7,2,1,0,1
54,400000,daily_wage,male,sc,none,0.5,1,0,ayushman_bharat,60.0,1,1,0,1
54,400000,daily_wage,male,sc,none,0.5,1,0,pm_kisan,0.0,2,2,1,0
54,400000,daily_wage,male,sc,none,0.5,1,0,pm_fasal_bima,0.0,2,1,1,0
54,400000,daily_wage,male,sc,none,0.5,1,0,kisan_credit_card,0.0,2,1,1,0
54,400000,daily_wage,male,sc,none,0.5,1,0,pm_matru_vandana,0.0,2,1,1,0
54,400000,daily_wage,male,sc,none,0.5,1,0,mahila_shakti_kendra,0.0,0,2,1,0
54,400000,daily_wage,male,sc,none,0.5,1,0,national_scholarship_portal,0.0,1,3,1,0
54,400000,daily_wage,male,sc,none,0.5,1,0,pm_scholarship_scheme,0.0,1,2,1,0
54,400000,daily_wage,male,sc,none,0.5,1,0,pm_jeevan_jyoti,0.0,1,1,1,0
54,400000,daily_wage,male,sc,none,0.5,1,0,pm_mudra_yojana,0.0,2,1,1,0
54,400000,daily_wage,male,sc,none,0.5,1,0,startup_india_seed_fund,0.0,0,2,1,0
54,400000,daily_wage,male,sc,none,0.5,1,0,deen_dayal_disability,0.0,0,2,1,0
54,400000,daily_wage,male,sc,none,0.5,1,0,post_matric_sc,0.0,1,2,1,0
54,400000,daily_wage,male,sc,none,0.5,1,0,eklavya_model_school,0.0,0,3,1,0
54,400000,daily_wage,male,sc,none,0.5,1,0,indira_gandhi_old_age,0.0,1,2,1,0
57,250000,daily_wage,male,general,secondary,2.5,0,0,pm_suraksha_bima,100.0,2,0,0,1
57,250000,daily_wage,male,general,secondary,2.5,0,0,mgnregs,66.7,2,1,0,0
57,250000,daily_wage,male,general,secondary,2.5,0,0,pm_kisan,0.0,2,2,1,0
57,250000,daily_wage,male,general,secondary,2.5,0,0,pm_fasal_bima,0.0,2,1,1,0
57,250000,daily_wage,male,general,secondary,2.5,0,0,kisan_credit_card,0.0,2,1,1,0
57,250000,daily_wage,male,general,secondary,2.5,0,0,pm_matru_vandana,0.0,2,1,1,0
57,250000,daily_wage,male,general,secondary,2.5,0,0,mahila_shakti_kendra,0.0,1,1,1,0
57,250000,daily_wage,male,general,secondary,2.5,0,0,national_scholarship_portal,0.0,1,3,1,0
57,250000,daily_wage,male,general,secondary,2.5,0,0,pm_scholarship_scheme,0.0,1,2,1,0
57,250000,daily_wage,male,general,secondary,2.5,0,0,ayushman_bharat,0.0,0,2,1,0
57,250000,daily_wage,male,general,secondary,2.5,0,0,pm_jeevan_jyoti,0.0,1,1,1,0
57,250000,daily_wage,male,general,secondary,2.5,0,0,pm_awas_yojana_gramin,0.0,3,1,1,0
57,250000,daily_wage,male,general,secondary,2.5,0,0,pm_mudra_yojana,0.0,2,1,1,0
57,250000,daily_wage,male,general,secondary,2.5,0,0,startup_india_seed_fund,0.0,0,2,1,0
57,250000,daily_wage,male,general,secondary,2.5,0,0,deen_dayal_disability,0.0,1,1,1,0
57,250000,daily_wage,male,general,secondary,2.5,0,0,post_matric_sc,0.0,1,2,1,0
57,250000,daily_wage,male,general,secondary,2.5,0,0,eklavya_model_school,0.0,0,3,1,0
57,250000,daily_wage,male,general,secondary,2.5,0,0,indira_gandhi_old_age,0.0,0,3,1,0
63,0,daily_wage,female,st,graduate,0,1,0,pm_matru_vandana,100.0,3,0,0,1
63,0,daily_wage,female,st,graduate,0,1,0,mahila_shakti_kendra,100.0,2,0,0,1
63,0,daily_wage,female,st,graduate,0,1,0,ayushman_bharat,100.0,2,0,0,0
63,0,daily_wage,female,st,graduate,0,1,0,pm_suraksha_bima,100.0,2,0,0,1
63,0,daily_wage,female,st,graduate,0,1,0,pm_awas_yojana_gramin,100.0,4,0,0,1
63,0,daily_wage,female,st,graduate,0,1,0,mgnregs,100.0,3,0,0,1
63,0,daily_wage,female,st,graduate,0,1,0,indira_gandhi_old_age,100.0,3,0,0,1
63,0,daily_wage,female,st,graduate,0,1,0,pm_kisan,0.0,3,1,1,0
63,0,daily_wage,female,st,graduate,0,1,0,pm_fasal_bima,0.0,1,2,1,0
63,0,daily_wage,female,st,graduate,0,1,0,kisan_credit_card,0.0,1,2,1,0
63,0,daily_wage,female,st,graduate,0,1,0,national_scholarship_portal,0.0,2,2,1,0
63,0,daily_wage,female,st,graduate,0,1,0,pm_scholarship_scheme,0.0,1,2,1,0
63,0,daily_wage,female,st,graduate,0,1,0,pm_jeevan_jyoti,0.0,1,1,1,0
63,0,daily_wage,female,st,graduate,0,1,0,pm_mudra_yojana,0.0,2,1,1,0
63,0,daily_wage,female,st,graduate,0,1,0,startup_india_seed_fund,0.0,0,2,1,0
63,0,daily_wage,female,st,graduate,0,1,0,deen_dayal_disability,0.0,1,1,1,0
63,0,daily_wage,female,st,graduate,0,1,0,post_matric_sc,0.0,1,2,1,0
63,0,daily_wage,female,st,graduate,0,1,0,eklavya_model_school,0.0,1,2,1,0
31,40000,student,female,obc,none,0,0,0,pm_matru_vandana,100.0,3,0,0,1
31,40000,student,female,obc,none,0,0,0,mahila_shakti_kendra,100.0,2,0,0,0
31,40000,student,female,obc,none,0,0,0,pm_suraksha_bima,100.0,2,0,0,0
31,40000,student,female,obc,none,0,0,0,pm_jeevan_jyoti,100.0,2,0,0,1
31,40000,student,female,obc,none,0,0,0,national_scholarship_portal,87.5,3,1,0,1
31,40000,student,female,obc,none,0,0,0,pm_scholarship_scheme,83.3,2,1,0,1
31,40000,student,female,obc,none,0,0,0,mgnregs,66.7,2,1,0,1
31,40000,student,female,obc,none,0,0,0,pm_kisan,0.0,3,1,1,0
31,40000,student,female,obc,none,0,0,0,pm_fasal_bima,0.0,1,2,1,0
31,40000,student,female,obc,none,0,0,0,kisan_credit_card,0.0,1,2,1,0
31,40000,student,female,obc,none,0,0,0,ayushman_bharat,0.0,1,1,1,0
31,40000,student,female,obc,none,0,0,0,pm_awas_yojana_gramin,0.0,3,1,1,0
31,40000,student,female,obc,none,0,0,0,pm_mudra_yojana,0.0,2,1,1,0
31,40000,student,female,obc,none,0,0,0,startup_india_seed_fund,0.0,1,1,1,0
31,40000,student,female,obc,none,0,0,0,deen_dayal_disability,0.0,1,1,1,0
31,40000,student,female,obc,none,0,0,0,post_matric_sc,0.0,2,1,1,0
31,40000,student,female,obc,none,0,0,0,eklavya_model_school,0.0,1,2,1,0
31,40000,student,female,obc,none,0,0,0,indira_gandhi_old_age,0.0,1,2,1,0
39,40000,daily_wage,female,obc,secondary,0,0,0,pm_matru_vandana,100.0,3,0,0,1
39,40000,daily_wage,female,obc,secondary,0,0,0,mahila_shakti_kendra,100.0,2,0,0,1
39,40000,daily_wage,female,obc,secondary,0,0,0,pm_suraksha_bima,100.0,2,0,0,1
39,40000,daily_wage,female,obc,secondary,0,0,0,pm_jeevan_jyoti,100.0,2,0,0,1
39,40000,daily_wage,female,obc,secondary,0,0,0,mgnregs,100.0,3,0,0,0
39,40000,daily_wage,female,obc,secondary,0,0,0,pm_kisan,0.0,3,1,1,0
39,40000,daily_wage,female,obc,secondary,0,0,0,pm_fasal_bima,0.0,1,2,1,0
39,40000,daily_wage,female,obc,secondary,0,0,0,kisan_credit_card,0.0,1,2,1,0
39,40000,daily_wage,female,obc,secondary,0,0,0,national_scholarship_portal,0.0,2,2,1,0
39,40000,daily_wage,female,obc,secondary,0,0,0,pm_scholarship_scheme,0.0,1,2,1,0
39,40000,daily_wage,female,obc,secondary,0,0,0,ayushman_bharat,0.0,1,1,1,0
39,40000,daily_wage,female,obc,secondary,0,0,0,pm_awas_yojana_gramin,0.0,3,1,1,0
39,40000,daily_wage,female,obc,secondary,0,0,0,pm_mudra_yojana,0.0,2,1,1,0
39,40000,daily_wage,female,obc,secondary,0,0,0,startup_india_seed_fund,0.0,1,1,1,0
39,40000,daily_wage,female,obc,secondary,0,0,0,deen_dayal_disability,0.0,1,1,1,0
39,40000,daily_wage,female,obc,secondary,0,0,0,post_matric_sc,0.0,1,2,1,0
39,40000,daily_wage,female,obc,secondary,0,0,0,eklavya_model_school,0.0,0,3,1,0
39,40000,daily_wage,female,obc,secondary,0,0,0,indira_gandhi_old_age,0.0,1,2,1,0
36,40000,farmer,male,general,none,0,1,0,pm_kisan,100.0,4,0,0,1
36,40000,farmer,male,general,none,0,1,0,ayushman_bharat,100.0,2,0,0,1
36,40000,farmer,male,general,none,0,1,0,pm_suraksha_bima,100.0,2,0,0,1
36,40000,farmer,male,general,none,0,1,0,pm_jeevan_jyoti,100.0,2,0,0,1
36,40000,farmer,male,general,none,0,1,0,pm_awas_yojana_gramin,100.0,4,0,0,1
36,40000,farmer,male,general,none,0,1,0,mgnregs,100.0,3,0,0,1
36,40000,farmer,male,general,none,0,1,0,pm_fasal_bima,66.7,2,1,0,1
36,40000,farmer,male,general,none,0,1,0,kisan_credit_card,66.7,2,1,0,1
36,40000,farmer,male,general,none,0,1,0,pm_matru_vandana,0.0,2,1,1,0
36,40000,farmer,male,general,none,0,1,0,mahila_shakti_kendra,0.0,1,1,1,0
36,40000,farmer,male,general,none,0,1,0,national_scholarship_portal,0.0,1,3,1,0
36,40000,farmer,male,general,none,0,1,0,pm_scholarship_scheme,0.0,1,2,1,0
36,40000,farmer,male,general,none,0,1,0,pm_mudra_yojana,0.0,2,1,1,0
36,40000,farmer,male,general,none,0,1,0,startup_india_seed_fund,0.0,1,1,1,0
36,40000,farmer,male,general,none,0,1,0,deen_dayal_disability,0.0,1,1,1,0
36,40000,farmer,male,general,none,0,1,0,post_matric_sc,0.0,1,2,1,0
36,40000,farmer,male,general,none,0,1,0,eklavya_model_school,0.0,0,3,1,0
36,40000,farmer,male,general,none,0,1,0,indira_gandhi_old_age,0.0,2,1,1,0
72,90000,student,other,st,none,2.5,0,1,deen_dayal_disability,100.0,2,0,0,1
72,90000,student,other,st,none,2.5,0,1,national_scholarship_portal,87.5,3,1,0,1
72,90000,student,other,st,none,2.5,0,1,pm_scholarship_scheme,83.3,2,1,0,1
72,90000,student,other,st,none,2.5,0,1,eklavya_model_school,83.3,2,1,0,1
72,90000,student,other,st,none,2.5,0,1,mgnregs,66.7,2,1,0,1
72,90000,student,other,st,none,2.5,0,1,pm_kisan,0.0,3,1,1,0
72,90000,student,other,st,none,2.5,0,1,pm_fasal_bima,0.0,2,1,1,0
72,90000,student,other,st,none,2.5,0,1,kisan_credit_card,0.0,2,1,1,0
72,90000,student,other,st,none,2.5,0,1,pm_matru_vandana,0.0,2,1,1,0
72,90000,student,other,st,none,2.5,0,1,mahila_shakti_kendra,0.0,1,1,1,0
72,90000,student,other,st,none,2.5,0,1,ayushman_bharat,0.0,1,1,1,0
72,90000,student,other,st,none,2.5,0,1,pm_suraksha_bima,0.0,1,1,1,0
72,90000,student,other,st,none,2.5,0,1,pm_jeevan_jyoti,0.0,1,1,1,0
72,90000,student,other,st,none,2.5,0,1,pm_awas_yojana_gramin,0.0,3,1,1,0
72,90000,student,other,st,none,2.5,0,1,pm_mudra_yojana,0.0,1,2,1,0
72,90000,student,other,st,none,2.5,0,1,startup_india_seed_fund,0.0,0,2,1,0
72,90000,student,other,st,none,2.5,0,1,post_matric_sc,0.0,2,1,1,0
72,90000,student,other,st,none,2.5,0,1,indira_gandhi_old_age,0.0,2,1,1,0
16,150000,salaried,female,st,graduate,5,0,0,mahila_shakti_kendra,100.0,2,0,0,1
16,150000,salaried,female,st,graduate,5,0,0,pm_kisan,0.0,2,2,1,0
16,150000,salaried,female,st,graduate,5,0,0,pm_fasal_bima,0.0,1,2,1,0
16,150000,salaried,female,st,graduate,5,0,0,kisan_credit_card,0.0,1,2,1,0
16,150000,salaried,female,st,graduate,5,0,0,pm_matru_vandana,0.0,2,1,1,0
16,150000,salaried,female,st,graduate,5,0,0,national_scholarship_portal,0.0,3,1,1,0
16,150000,salaried,female,st,graduate,5,0,0,pm_scholarship_scheme,0.0,1,2,1,0
16,150000,salaried,female,st,graduate,5,0,0,ayushman_bharat,0.0,0,2,1,0
16,150000,salaried,female,st,graduate,5,0,0,pm_suraksha_bima,0.0,1,1,1,0
16,150000,salaried,female,st,graduate,5,0,0,pm_jeevan_jyoti,0.0,1,1,1,0
16,150000,salaried,female,st,graduate,5,0,0,pm_awas_yojana_gramin,0.0,1,3,1,0
16,150000,salaried,female,st,graduate,5,0,0,mgnregs,0.0,1,2,1,0
16,150000,salaried,female,st,graduate,5,0,0,pm_mudra_yojana,0.0,1,2,1,0
16,150000,salaried,female,st,graduate,5,0,0,startup_india_seed_fund,0.0,0,2,1,0
16,150000,salaried,female,st,graduate,5,0,0,deen_dayal_disability,0.0,1,1,1,0
16,150000,salaried,female,st,graduate,5,0,0,post_matric_sc,0.0,1,2,1,0
16,150000,salaried,female,st,graduate,5,0,0,eklavya_model_school,0.0,2,1,1,0
16,150000,salaried,female,st,graduate,5,0,0,indira_gandhi_old_age,0.0,0,3,1,0
32,90000,self_employed,female,st,primary,5,0,0,pm_matru_vandana,100.0,3,0,0,1
32,90000,self_employed,female,st,primary,5,0,0,mahila_shakti_kendra,100.0,2,0,0,1
32,90000,self_employed,female,st,primary,5,0,0,pm_suraksha_bima,100.0,2,0,0,1
32,90000,self_employed,female,st,primary,5,0,0,pm_jeevan_jyoti,100.0,2,0,0,1
32,90000,self_employed,female,st,primary,5,0,0,mgnregs,100.0,3,0,0,1
32,90000,self_employed,female,st,primary,5,0,0,pm_mudra_yojana,100.0,3,0,0,1
32,90000,self_employed,female,st,primary,5,0,0,startup_india_seed_fund,100.0,2,0,0,1
32,90000,self_employed,female,st,primary,5,0,0,pm_kisan,0.0,3,1,1,0
32,90000,self_employed,female,st,primary,5,0,0,pm_fasal_bima,0.0,2,1,1,0
32,90000,self_employed,female,st,primary,5,0,0,kisan_credit_card,0.0,2,1,1,0
32,90000,self_employed,female,st,primary,5,0,0,national_scholarship_portal,0.0,2,2,1,0
32,90000,self_employed,female,st,primary,5,0,0,pm_scholarship_scheme,0.0,1,2,1,0
32,90000,self_employed,female,st,primary,5,0,0,ayushman_bharat,0.0,1,1,1,0
32,90000,self_employed,female,st,primary,5,0,0,pm_awas_yojana_gramin,0.0,2,2,1,0
32,90000,self_employed,female,st,primary,5,0,0,deen_dayal_disability,0.0,1,1,1,0
32,90000,self_employed,female,st,primary,5,0,0,post_matric_sc,0.0,1,2,1,0
32,90000,self_employed,female,st,primary,5,0,0,eklavya_model_school,0.0,1,2,1,0
32,90000,self_employed,female,st,primary,5,0,0,indira_gandhi_old_age,0.0,1,2,1,0
41,400000,other,other,general,secondary,0.5,1,0,pm_suraksha_bima,100.0,2,0,0,1
41,400000,other,other,general,secondary,0.5,1,0,pm_jeevan_jyoti,100.0,2,0,0,1
41,400000,other,other,general,secondary,0.5,1,0,pm_awas_yojana_gramin,71.4,3,1,0,1
41,400000,other,other,general,secondary,0.5,1,0,mgnregs,66.7,2,1,0,1
41,400000,other,other,general,secondary,0.5,1,0,ayushman_bharat,60.0,1,1,0,0
41,400000,other,other,general,secondary,0.5,1,0,pm_kisan,0.0,2,2,1,0
41,400000,other,other,general,secondary,0.5,1,0,pm_fasal_bima,0.0,2,1,1,0
41,400000,other,other,general,secondary,0.5,1,0,kisan_credit_card,0.0,2,1,1,0
41,400000,other,other,general,secondary,0.5,1,0,pm_matru_vandana,0.0,2,1,1,0
41,400000,other,other,general,secondary,0.5,1,0,mahila_shakti_kendra,0.0,0,2,1,0
41,400000,other,other,general,secondary,0.5,1,0,national_scholarship_portal,0.0,0,4,1,0
41,400000,other,other,general,secondary,0.5,1,0,pm_scholarship_scheme,0.0,1,2,1,0
41,400000,other,other,general,secondary,0.5,1,0,pm_mudra_yojana,0.0,2,1,1,0
41,400000,other,other,general,secondary,0.5,1,0,startup_india_seed_fund,0.0,1,1,1,0
41,400000,other,other,general,secondary,0.5,1,0,deen_dayal_disability,0.0,0,2,1,0
41,400000,other,other,general,secondary,0.5,1,0,post_matric_sc,0.0,0,3,1,0
41,400000,other,other,general,secondary,0.5,1,0,eklavya_model_school,0.0,0,3,1,0
41,400000,other,other,general,secondary,0.5,1,0,indira_gandhi_old_age,0.0,1,2,1,0
68,400000,self_employed,other,st,postgraduate,0.5,0,0,pm_suraksha_bima,100.0,2,0,0,1
68,400000,self_employed,other,st,postgraduate,0.5,0,0,startup_india_seed_fund,75.0,1,1,0,1
68,400000,self_employed,other,st,postgraduate,0.5,0,0,mgnregs,66.7,2,1,0,0
68,400000,self_employed,other,st,postgraduate,0.5,0,0,pm_kisan,0.0,2,2,1,0
68,400000,self_employed,other,st,postgraduate,0.5,0,0,pm_fasal_bima,0.0,2,1,1,0
68,400000,self_employed,other,st,postgraduate,0.5,0,0,kisan_credit_card,0.0,2,1,1,0
68,400000,self_employed,other,st,postgraduate,0.5,0,0,pm_matru_vandana,0.0,2,1,1,0
68,400000,self_employed,other,st,postgraduate,0.5,0,0,mahila_shakti_kendra,0.0,0,2,1,0
68,400000,self_employed,other,st,postgraduate,0.5,0,0,national_scholarship_portal,0.0,1,3,1,0
68,400000,self_employed,other,st,postgraduate,0.5,0,0,pm_scholarship_scheme,0.0,1,2,1,0
68,400000,self_employed,other,st,postgraduate,0.5,0,0,ayushman_bharat,0.0,0,2,1,0
68,400000,self_employed,other,st,postgraduate,0.5,0,0,pm_jeevan_jyoti,0.0,1,1,1,0
68,400000,self_employed,other,st,postgraduate,0.5,0,0,pm_awas_yojana_gramin,0.0,2,2,1,0
68,400000,self_employed,other,st,postgraduate,0.5,0,0,pm_mudra_yojana,0.0,2,1,1,0
68,400000,self_employed,other,st,postgraduate,0.5,0,0,deen_dayal_disability,0.0,0,2,1,0
68,400000,self_employed,other,st,postgraduate,0.5,0,0,post_matric_sc,0.0,0,3,1,0
68,400000,self_employed,other,st,postgraduate,0.5,0,0,eklavya_model_school,0.0,1,2,1,0
68,400000,self_employed,other,st,postgraduate,0.5,0,0,indira_gandhi_old_age,0.0,1,2,1,0
42,400000,farmer,male,general,primary,1,0,0,pm_fasal_bima,100.0,3,0,0,1
42,400000,farmer,male,general,primary,1,0,0,kisan_credit_card,100.0,3,0,0,1
42,400000,farmer,male,general,primary,1,0,0,pm_suraksha_bima,100.0,2,0,0,1
42,400000,farmer,male,general,primary,1,0,0,pm_jeevan_jyoti,100.0,2,0,0,1
42,400000,farmer,male,general,primary,1,0,0,pm_kisan,75.0,3,1,0,0
42,400000,farmer,male,general,primary,1,0,0,mgnregs,66.7,2,1,0,1
42,400000,farmer,male,general,primary,1,0,0,pm_matru_vandana,0.0,2,1,1,0
42,400000,farmer,male,general,primary,1,0,0,mahila_shakti_kendra,0.0,0,2,1,0
42,400000,farmer,male,general,primary,1,0,0,national_scholarship_portal,0.0,0,4,1,0
42,400000,farmer,male,general,primary,1,0,0,pm_scholarship_scheme,0.0,1,2,1,0
42,400000,farmer,male,general,primary,1,0,0,ayushman_bharat,0.0,0,2,1,0
42,400000,farmer,male,general,primary,1,0,0,pm_awas_yojana_gramin,0.0,2,2,1,0
42,400000,farmer,male,general,primary,1,0,0,pm_mudra_yojana,0.0,2,1,1,0
42,400000,farmer,male,general,primary,1,0,0,startup_india_seed_fund,0.0,1,1,1,0
42,400000,farmer,male,general,primary,1,0,0,deen_dayal_disability,0.0,0,2,1,0
42,400000,farmer,male,general,primary,1,0,0,post_matric_sc,0.0,0,3,1,0
42,400000,farmer,male,general,primary,1,0,0,eklavya_model_school,0.0,0,3,1,0
42,400000,farmer,male,general,primary,1,0,0,indira_gandhi_old_age,0.0,0,3,1,0
24,40000,daily_wage,female,st,none,0,1,0,pm_matru_vandana,100.0,3,0,0,1
24,40000,daily_wage,female,st,none,0,1,0,mahila_shakti_kendra,100.0,2,0,0,0
24,40000,daily_wage,female,st,none,0,1,0,ayushman_bharat,100.0,2,0,0,1
24,40000,daily_wage,female,st,none,0,1,0,pm_suraksha_bima,100.0,2,0,0,1
24,40000,daily_wage,female,st,none,0,1,0,pm_jeevan_jyoti,100.0,2,0,0,1
24,40000,daily_wage,female,st,none,0,1,0,pm_awas_yojana_gramin,100.0,4,0,0,1
24,40000,daily_wage,female,st,none,0,1,0,mgnregs,100.0,3,0,0,1
24,40000,daily_wage,female,st,none,0,1,0,pm_kisan,0.0,3,1,1,0
24,40000,daily_wage,female,st,none,0,1,0,pm_fasal_bima,0.0,1,2,1,0
24,40000,daily_wage,female,st,none,0,1,0,kisan_credit_card,0.0,1,2,1,0
24,40000,daily_wage,female,st,none,0,1,0,national_scholarship_portal,0.0,3,1,1,0
24,40000,daily_wage,female,st,none,0,1,0,pm_scholarship_scheme,0.0,2,1,1,0
24,40000,daily_wage,female,st,none,0,1,0,pm_mudra_yojana,0.0,2,1,1,0
24,40000,daily_wage,female,st,none,0,1,0,startup_india_seed_fund,0.0,1,1,1,0
24,40000,daily_wage,female,st,none,0,1,0,deen_dayal_disability,0.0,1,1,1,0
24,40000,daily_wage,female,st,none,0,1,0,post_matric_sc,0.0,1,2,1,0
24,40000,daily_wage,female,st,none,0,1,0,eklavya_model_school,0.0,1,2,1,0
24,40000,daily_wage,female,st,none,0,1,0,indira_gandhi_old_age,0.0,2,1,1,0
24,40000,self_employed,female,sc,postgraduate,0,0,0,pm_matru_vandana,100.0,3,0,0,1
24,40000,self_employed,female,sc,postgraduate,0,0,0,mahila_shakti_kendra,100.0,2,0,0,1
24,40000,self_employed,female,sc,postgraduate,0,0,0,pm_suraksha_bima,100.0,2,0,0,1
24,40000,self_employed,female,sc,postgraduate,0,0,0,pm_jeevan_jyoti,100.0,2,0,0,1
24,40000,self_employed,female,sc,postgraduate,0,0,0,mgnregs,100.0,3,0,0,1
24,40000,self_employed,female,sc,postgraduate,0,0,0,pm_mudra_yojana,100.0,3,0,0,1
24,40000,self_employed,female,sc,postgraduate,0,0,0,startup_india_seed_fund,100.0,2,0,0,1
24,40000,self_employed,female,sc,postgraduate,0,0,0,pm_kisan,0.0,3,1,1,0
24,40000,self_employed,female,sc,postgraduate,0,0,0,pm_fasal_bima,0.0,1,2,1,0
24,40000,self_employed,female,sc,postgraduate,0,0,0,kisan_credit_card,0.0,1,2,1,0
24,40000,self_employed,female,sc,postgraduate,0,0,0,national_scholarship_portal,0.0,3,1,1,0
24,40000,self_employed,female,sc,postgraduate,0,0,0,pm_scholarship_scheme,0.0,2,1,1,0
24,40000,self_employed,female,sc,postgraduate,0,0,0,ayushman_bharat,0.0,1,1,1,0
24,40000,self_employed,female,sc,postgraduate,0,0,0,pm_awas_yojana_gramin,0.0,3,1,1,0
24,40000,self_employed,female,sc,postgraduate,0,0,0,deen_dayal_disability,0.0,1,1,1,0
24,40000,self_employed,female,sc,postgraduate,0,0,0,post_matric_sc,0.0,2,1,1,0
24,40000,self_employed,female,sc,postgraduate,0,0,0,eklavya_model_school,0.0,0,3,1,0
24,40000,self_employed,female,sc,postgraduate,0,0,0,indira_gandhi_old_age,0.0,1,2,1,0
64,0,other,male,general,postgraduate,1,0,0,pm_suraksha_bima,100.0,2,0,0,1
64,0,other,male,general,postgraduate,1,0,0,mgnregs,100.0,3,0,0,0
64,0,other,male,general,postgraduate,1,0,0,pm_kisan,0.0,3,1,1,0
64,0,other,male,general,postgraduate,1,0,0,pm_fasal_bima,0.0,2,1,1,0
64,0,other,male,general,postgraduate,1,0,0,kisan_credit_card,0.0,2,1,1,0
64,0,other,male,general,postgraduate,1,0,0,pm_matru_vandana,0.0,2,1,1,0
64,0,other,male,general,postgraduate,1,0,0,mahila_shakti_kendra,0.0,1,1,1,0
64,0,other,male,general,postgraduate,1,0,0,national_scholarship_portal,0.0,1,3,1,0
64,0,other,male,general,postgraduate,1,0,0,pm_scholarship_scheme,0.0,1,2,1,0
64,0,other,male,general,postgraduate,1,0,0,ayushman_bharat,0.0,1,1,1,0
64,0,other,male,general,postgraduate,1,0,0,pm_jeevan_jyoti,0.0,1,1,1,0
64,0,other,male,general,postgraduate,1,0,0,pm_awas_yojana_gramin,0.0,3,1,1,0
64,0,other,male,general,postgraduate,1,0,0,pm_mudra_yojana,0.0,2,1,1,0
64,0,other,male,general,postgraduate,1,0,0,startup_india_seed_fund,0.0,0,2,1,0
64,0,other,male,general,postgraduate,1,0,0,deen_dayal_disability,0.0,1,1,1,0
64,0,other,male,general,postgraduate,1,0,0,post_matric_sc,0.0,1,2,1,0
64,0,other,male,general,postgraduate,1,0,0,eklavya_model_school,0.0,0,3,1,0
64,0,other,male,general,postgraduate,1,0,0,indira_gandhi_old_age,0.0,2,1,1,0
43,90000,salaried,male,sc,postgraduate,0.5,0,0,pm_suraksha_bima,100.0,2,0,0,1
43,90000,salaried,male,sc,postgraduate,0.5,0,0,pm_jeevan_jyoti,100.0,2,0,0,1
43,90000,salaried,male,sc,postgraduate,0.5,0,0,mgnregs,66.7,2,1,0,0
43,90000,salaried,male,sc,postgraduate,0.5,0,0,pm_kisan,0.0,3,1,1,0
43,90000,salaried,male,sc,postgraduate,0.5,0,0,pm_fasal_bima,0.0,2,1,1,0
43,90000,salaried,male,sc,postgraduate,0.5,0,0,kisan_credit_card,0.0,2,1,1,0
43,90000,salaried,male,sc,postgraduate,0.5,0,0,pm_matru_vandana,0.0,2,1,1,0
43,90000,salaried,male,sc,postgraduate,0.5,0,0,mahila_shakti_kendra,0.0,1,1,1,0
43,90000,salaried,male,sc,postgraduate,0.5,0,0,national_scholarship_portal,0.0,2,2,1,0
43,90000,salaried,male,sc,postgraduate,0.5,0,0,pm_scholarship_scheme,0.0,1,2,1,0
43,90000,salaried,male,sc,postgraduate,0.5,0,0,ayushman_bharat,0.0,1,1,1,0
43,90000,salaried,male,sc,postgraduate,0.5,0,0,pm_awas_yojana_gramin,0.0,3,1,1,0
43,90000,salaried,male,sc,postgraduate,0.5,0,0,pm_mudra_yojana,0.0,2,1,1,0
43,90000,salaried,male,sc,postgraduate,0.5,0,0,startup_india_seed_fund,0.0,1,1,1,0
43,90000,salaried,male,sc,postgraduate,0.5,0,0,deen_dayal_disability,0.0,1,1,1,0
43,90000,salaried,male,sc,postgraduate,0.5,0,0,post_matric_sc,0.0,2,1,1,0
43,90000,salaried,male,sc,postgraduate,0.5,0,0,eklavya_model_school,0.0,0,3,1,0
43,90000,salaried,male,sc,postgraduate,0.5,0,0,indira_gandhi_old_age,0.0,1,2,1,0
66,90000,farmer,male,sc,secondary,0.5,0,0,pm_kisan,100.0,4,0,0,1
66,90000,farmer,male,sc,secondary,0.5,0,0,pm_fasal_bima,100.0,3,0,0,1
66,90000,farmer,male,sc,secondary,0.5,0,0,kisan_credit_card,100.0,3,0,0,1
66,90000,farmer,male,sc,secondary,0.5,0,0,pm_suraksha_bima,100.0,2,0,0,1
66,90000,farmer,male,sc,secondary,0.5,0,0,mgnregs,100.0,3,0,0,1
66,90000,farmer,male,sc,secondary,0.5,0,0,pm_matru_vandana,0.0,2,1,1,0
66,90000,farmer,male,sc,secondary,0.5,0,0,mahila_shakti_kendra,0.0,1,1,1,0
66,90000,farmer,male,sc,secondary,0.5,0,0,national_scholarship_portal,0.0,2,2,1,0
66,90000,farmer,male,sc,secondary,0.5,0,0,pm_scholarship_scheme,0.0,1,2,1,0
66,90000,farmer,male,sc,secondary,0.5,0,0,ayushman_bharat,0.0,1,1,1,0
66,90000,farmer,male,sc,secondary,0.5,0,0,pm_jeevan_jyoti,0.0,1,1,1,0
66,90000,farmer,male,sc,secondary,0.5,0,0,pm_awas_yojana_gramin,0.0,3,1,1,0
66,90000,farmer,male,sc,secondary,0.5,0,0,pm_mudra_yojana,0.0,1,2,1,0
66,90000,farmer,male,sc,secondary,0.5,0,0,startup_india_seed_fund,0.0,0,2,1,0
66,90000,farmer,male,sc,secondary,0.5,0,0,deen_dayal_disability,0.0,1,1,1,0
66,90000,farmer,male,sc,secondary,0.5,0,0,post_matric_sc,0.0,2,1,1,0
66,90000,farmer,male,sc,secondary,0.5,0,0,eklavya_model_school,0.0,0,3,1,0
66,90000,farmer,male,sc,secondary,0.5,0,0,indira_gandhi_old_age,0.0,2,1,1,0
59,90000,unemployed,other,general,graduate,1,1,0,ayushman_bharat,100.0,2,0,0,1
59,90000,unemployed,other,general,graduate,1,1,0,pm_suraksha_bima,100.0,2,0,0,1
59,90000,unemployed,other,general,graduate,1,1,0,pm_awas_yojana_gramin,100.0,4,0,0,0
59,90000,unemployed,other,general,graduate,1,1,0,mgnregs,100.0,3,0,0,1
59,90000,unemployed,other,general,graduate,1,1,0,pm_kisan,0.0,3,1,1,0
59,90000,unemployed,other,general,graduate,1,1,0,pm_fasal_bima,0.0,2,1,1,0
59,90000,unemployed,other,general,graduate,1,1,0,kisan_credit_card,0.0,2,1,1,0
59,90000,unemployed,other,general,graduate,1,1,0,pm_matru_vandana,0.0,2,1,1,0
59,90000,unemployed,other,general,graduate,1,1,0,mahila_shakti_kendra,0.0,1,1,1,0
59,90000,unemployed,other,general,graduate,1,1,0,national_scholarship_portal,0.0,1,3,1,0
59,90000,unemployed,other,general,graduate,1,1,0,pm_scholarship_scheme,0.0,1,2,1,0
59,90000,unemployed,other,general,graduate,1,1,0,pm_jeevan_jyoti,0.0,1,1,1,0
59,90000,unemployed,other,general,graduate,1,1,0,pm_mudra_yojana,0.0,2,1,1,0
59,90000,unemployed,other,general,graduate,1,1,0,startup_india_seed_fund,0.0,0,2,1,0
59,90000,unemployed,other,general,graduate,1,1,0,deen_dayal_disability,0.0,1,1,1,0
59,90000,unemployed,other,general,graduate,1,1,0,post_matric_sc,0.0,1,2,1,0
59,90000,unemployed,other,general,graduate,1,1,0,eklavya_model_school,0.0,0,3,1,0
59,90000,unemployed,other,general,graduate,1,1,0,indira_gandhi_old_age,0.0,2,1,1,0
30,400000,self_employed,female,general,graduate,2.5,1,0,pm_matru_vandana,100.0,3,0,0,1
30,400000,self_employed,female,general,graduate,2.5,1,0,pm_suraksha_bima,100.0,2,0,0,1
30,400000,self_employed,female,general,graduate,2.5,1,0,pm_jeevan_jyoti,100.0,2,0,0,0
30,400000,self_employed,female,general,graduate,2.5,1,0,pm_mudra_yojana,100.0,3,0,0,1
30,400000,self_employed,female,general,graduate,2.5,1,0,startup_india_seed_fund,100.0,2,0,0,1
30,400000,self_employed,female,general,graduate,2.5,1,0,pm_awas_yojana_gramin,71.4,3,1,0,0
30,400000,self_employed,female,general,graduate,2.5,1,0,mgnregs,66.7,2,1,0,1
30,400000,self_employed,female,general,graduate,2.5,1,0,mahila_shakti_kendra,60.0,1,1,0,0
30,400000,self_employed,female,general,graduate,2.5,1,0,ayushman_bharat,60.0,1,1,0,0
30,400000,self_employed,female,general,graduate,2.5,1,0,pm_kisan,0.0,2,2,1,0
30,400000,self_employed,female,general,graduate,2.5,1,0,pm_fasal_bima,0.0,2,1,1,0
30,400000,self_employed,female,general,graduate,2.5,1,0,kisan_credit_card,0.0,2,1,1,0
30,400000,self_employed,female,general,graduate,2.5,1,0,national_scholarship_portal,0.0,1,3,1,0
30,400000,self_employed,female,general,graduate,2.5,1,0,pm_scholarship_scheme,0.0,1,2,1,0
30,400000,self_employed,female,general,graduate,2.5,1,0,deen_dayal_disability,0.0,0,2,1,0
30,400000,self_employed,female,general,graduate,2.5,1,0,post_matric_sc,0.0,0,3,1,0
30,400000,self_employed,female,general,graduate,2.5,1,0,eklavya_model_school,0.0,0,3,1,0
30,400000,self_employed,female,general,graduate,2.5,1,0,indira_gandhi_old_age,0.0,1,2,1,0
46,40000,daily_wage,other,st,primary,2.5,0,1,pm_suraksha_bima,100.0,2,0,0,1
46,40000,daily_wage,other,st,primary,2.5,0,1,pm_jeevan_jyoti,100.0,2,0,0,1
46,40000,daily_wage,other,st,primary,2.5,0,1,mgnregs,100.0,3,0,0,1
46,40000,daily_wage,other,st,primary,2.5,0,1,deen_dayal_disability,100.0,2,0,0,1
46,40000,daily_wage,other,st,primary,2.5,0,1,pm_kisan,0.0,3,1,1,0
46,40000,daily_wage,other,st,primary,2.5,0,1,pm_fasal_bima,0.0,2,1,1,0
46,40000,daily_wage,other,st,primary,2.5,0,1,kisan_credit_card,0.0,2,1,1,0
46,40000,daily_wage,other,st,primary,2.5,0,1,pm_matru_vandana,0.0,2,1,1,0
46,40000,daily_wage,other,st,primary,2.5,0,1,mahila_shakti_kendra,0.0,1,1,1,0
46,40000,daily_wage,other,st,primary,2.5,0,1,national_scholarship_portal,0.0,2,2,1,0
46,40000,daily_wage,other,st,primary,2.5,0,1,pm_scholarship_scheme,0.0,1,2,1,0
46,40000,daily_wage,other,st,primary,2.5,0,1,ayushman_bharat,0.0,1,1,1,0
46,40000,daily_wage,other,st,primary,2.5,0,1,pm_awas_yojana_gramin,0.0,3,1,1,0
46,40000,daily_wage,other,st,primary,2.5,0,1,pm_mudra_yojana,0.0,2,1,1,0
46,40000,daily_wage,other,st,primary,2.5,0,1,startup_india_seed_fund,0.0,1,1,1,0
46,40000,daily_wage,other,st,primary,2.5,0,1,post_matric_sc,0.0,1,2,1,0
46,40000,daily_wage,other,st,primary,2.5,0,1,eklavya_model_school,0.0,1,2,1,0
46,40000,daily_wage,other,st,primary,2.5,0,1,indira_gandhi_old_age,0.0,1,2,1,0
38,800000,unemployed,male,obc,secondary,0.5,1,0,pm_awas_yojana_gramin,71.4,3,1,0,1
38,800000,unemployed,male,obc,secondary,0.5,1,0,pm_suraksha_bima,66.7,1,1,0,1
38,800000,unemployed,male,obc,secondary,0.5,1,0,pm_jeevan_jyoti,66.7,1,1,0,1
38,800000,unemployed,male,obc,secondary,0.5,1,0,mgnregs,66.7,2,1,0,1
38,800000,unemployed,male,obc,secondary,0.5,1,0,ayushman_bharat,60.0,1,1,0,1
38,800000,unemployed,male,obc,secondary,0.5,1,0,pm_kisan,0.0,2,2,1,0
38,800000,unemployed,male,obc,secondary,0.5,1,0,pm_fasal_bima,0.0,2,1,1,0
38,800000,unemployed,male,obc,secondary,0.5,1,0,kisan_credit_card,0.0,2,1,1,0
38,800000,unemployed,male,obc,secondary,0.5,1,0,pm_matru_vandana,0.0,2,1,1,0
38,800000,unemployed,male,obc,secondary,0.5,1,0,mahila_shakti_kendra,0.0,0,2,1,0
38,800000,unemployed,male,obc,secondary,0.5,1,0,national_scholarship_portal,0.0,1,3,1,0
38,800000,unemployed,male,obc,secondary,0.5,1,0,pm_scholarship_scheme,0.0,0,3,1,0
38,800000,unemployed,male,obc,secondary,0.5,1,0,pm_mudra_yojana,0.0,2,1,1,0
38,800000,unemployed,male,obc,secondary,0.5,1,0,startup_india_seed_fund,0.0,1,1,1,0
38,800000,unemployed,male,obc,secondary,0.5,1,0,deen_dayal_disability,0.0,0,2,1,0
38,800000,unemployed,male,obc,secondary,0.5,1,0,post_matric_sc,0.0,0,3,1,0
38,800000,unemployed,male,obc,secondary,0.5,1,0,eklavya_model_school,0.0,0,3,1,0
38,800000,unemployed,male,obc,secondary,0.5,1,0,indira_gandhi_old_age,0.0,1,2,1,0
31,400000,other,female,obc,postgraduate,1,0,0,pm_matru_vandana,100.0,3,0,0,1
31,400000,other,female,obc,postgraduate,1,0,0,pm_suraksha_bima,100.0,2,0,0,1
31,400000,other,female,obc,postgraduate,1,0,0,pm_jeevan_jyoti,100.0,2,0,0,1
31,400000,other,female,obc,postgraduate,1,0,0,mgnregs,66.7,2,1,0,0
31,400000,other,female,obc,postgraduate,1,0,0,mahila_shakti_kendra,60.0,1,1,0,1
31,400000,other,female,obc,postgraduate,1,0,0,pm_kisan,0.0,2,2,1,0
31,400000,other,female,obc,postgraduate,1,0,0,pm_fasal_bima,0.0,2,1,1,0
31,400000,other,female,obc,postgraduate,1,0,0,kisan_credit_card,0.0,2,1,1,0
31,400000,other,female,obc,postgraduate,1,0,0,national_scholarship_portal,0.0,1,3,1,0
31,400000,other,female,obc,postgraduate,1,0,0,pm_scholarship_scheme,0.0,1,2,1,0
31,400000,other,female,obc,postgraduate,1,0,0,ayushman_bharat,0.0,0,2,1,0
31,400000,other,female,obc,postgraduate,1,0,0,pm_awas_yojana_gramin,0.0,2,2,1,0
31,400000,other,female,obc,postgraduate,1,0,0,pm_mudra_yojana,0.0,2,1,1,0
31,400000,other,female,obc,postgraduate,1,0,0,startup_india_seed_fund,0.0,1,1,1,0
31,400000,other,female,obc,postgraduate,1,0,0,deen_dayal_disability,0.0,0,2,1,0
31,400000,other,female,obc,postgraduate,1,0,0,post_matric_sc,0.0,0,3,1,0
31,400000,other,female,obc,postgraduate,1,0,0,eklavya_model_school,0.0,0,3,1,0
31,400000,other,female,obc,postgraduate,1,0,0,indira_gandhi_old_age,0.0,0,3,1,0
59,90000,other,other,general,secondary,2.5,1,0,ayushman_bharat,100.0,2,0,0,1
59,90000,other,other,general,secondary,2.5,1,0,pm_suraksha_bima,100.0,2,0,0,1
59,90000,other,other,general,secondary,2.5,1,0,pm_awas_yojana_gramin,100.0,4,0,0,1
59,90000,other,other,general,secondary,2.5,1,0,mgnregs,100.0,3,0,0,1
59,90000,other,other,general,secondary,2.5,1,0,pm_kisan,0.0,3,1,1,0
59,90000,other,other,general,secondary,2.5,1,0,pm_fasal_bima,0.0,2,1,1,0
59,90000,other,other,general,secondary,2.5,1,0,kisan_credit_card,0.0,2,1,1,0
59,90000,other,other,general,secondary,2.5,1,0,pm_matru_vandana,0.0,2,1,1,0
59,90000,other,other,general,secondary,2.5,1,0,mahila_shakti_kendra,0.0,1,1,1,0
59,90000,other,other,general,secondary,2.5,1,0,national_scholarship_portal,0.0,1,3,1,0
59,90000,other,other,general,secondary,2.5,1,0,pm_scholarship_scheme,0.0,1,2,1,0
59,90000,other,other,general,secondary,2.5,1,0,pm_jeevan_jyoti,0.0,1,1,1,0
59,90000,other,other,general,secondary,2.5,1,0,pm_mudra_yojana,0.0,2,1,1,0
59,90000,other,other,general,secondary,2.5,1,0,startup_india_seed_fund,0.0,0,2,1,0
59,90000,other,other,general,secondary,2.5,1,0,deen_dayal_disability,0.0,1,1,1,0
59,90000,other,other,general,secondary,2.5,1,0,post_matric_sc,0.0,1,2,1,0
59,90000,other,other,general,secondary,2.5,1,0,eklavya_model_school,0.0,0,3,1,0
59,90000,other,other,general,secondary,2.5,1,0,indira_gandhi_old_age,0.0,2,1,1,0
32,0,daily_wage,female,st,postgraduate,1,0,0,pm_matru_vandana,100.0,3,0,0,1
32,0,daily_wage,female,st,postgraduate,1,0,0,mahila_shakti_kendra,100.0,2,0,0,1
32,0,daily_wage,female,st,postgraduate,1,0,0,pm_suraksha_bima,100.0,2,0,0,1
32,0,daily_wage,female,st,postgraduate,1,0,0,pm_jeevan_jyoti,100.0,2,0,0,1
32,0,daily_wage,female,st,postgraduate,1,0,0,mgnregs,100.0,3,0,0,1
32,0,daily_wage,female,st,postgraduate,1,0,0,pm_kisan,0.0,3,1,1,0
32,0,daily_wage,female,st,postgraduate,1,0,0,pm_fasal_bima,0.0,2,1,1,0
32,0,daily_wage,female,st,postgraduate,1,0,0,kisan_credit_card,0.0,2,1,1,0
32,0,daily_wage,female,st,postgraduate,1,0,0,national_scholarship_portal,0.0,2,2,1,0
32,0,daily_wage,female,st,postgraduate,1,0,0,pm_scholarship_scheme,0.0,1,2,1,0
32,0,daily_wage,female,st,postgraduate,1,0,0,ayushman_bharat,0.0,1,1,1,0
32,0,daily_wage,female,st,postgraduate,1,0,0,pm_awas_yojana_gramin,0.0,3,1,1,0
32,0,daily_wage,female,st,postgraduate,1,0,0,pm_mudra_yojana,0.0,2,1,1,0
32,0,daily_wage,female,st,postgraduate,1,0,0,startup_india_seed_fund,0.0,1,1,1,0
32,0,daily_wage,female,st,postgraduate,1,0,0,deen_dayal_disability,0.0,1,1,1,0
32,0,daily_wage,female,st,postgraduate,1,0,0,post_matric_sc,0.0,1,2,1,0
32,0,daily_wage,female,st,postgraduate,1,0,0,eklavya_model_school,0.0,1,2,1,0
32,0,daily_wage,female,st,postgraduate,1,0,0,indira_gandhi_old_age,0.0,1,2,1,0
78,150000,self_employed,male,st,graduate,0,0,0,mgnregs,100.0,3,0,0,1
78,150000,self_employed,male,st,graduate,0,0,0,startup_india_seed_fund,75.0,1,1,0,0
78,150000,self_employed,male,st,graduate,0,0,0,pm_kisan,0.0,3,1,1,0
78,150000,self_employed,male,st,graduate,0,0,0,pm_fasal_bima,0.0,1,2,1,0
78,150000,self_employed,male,st,graduate,0,0,0,kisan_credit_card,0.0,0,3,1,0
78,150000,self_employed,male,st,graduate,0,0,0,pm_matru_vandana,0.0,2,1,1,0
78,150000,self_employed,male,st,graduate,0,0,0,mahila_shakti_kendra,0.0,1,1,1,0
78,150000,self_employed,male,st,graduate,0,0,0,national_scholarship_portal,0.0,2,2,1,0
78,150000,self_employed,male,st,graduate,0,0,0,pm_scholarship_scheme,0.0,1,2,1,0
78,150000,self_employed,male,st,graduate,0,0,0,ayushman_bharat,0.0,0,2,1,0
78,150000,self_employed,male,st,graduate,0,0,0,pm_suraksha_bima,0.0,1,1,1,0
78,150000,self_employed,male,st,graduate,0,0,0,pm_jeevan_jyoti,0.0,1,1,1,0
78,150000,self_employed,male,st,graduate,0,0,0,pm_awas_yojana_gramin,0.0,3,1,1,0
78,150000,self_employed,male,st,graduate,0,0,0,pm_mudra_yojana,0.0,2,1,1,0
78,150000,self_employed,male,st,graduate,0,0,0,deen_dayal_disability,0.0,1,1,1,0
78,150000,self_employed,male,st,graduate,0,0,0,post_matric_sc,0.0,1,2,1,0
78,150000,self_employed,male,st,graduate,0,0,0,eklavya_model_school,0.0,1,2,1,0
78,150000,self_employed,male,st,graduate,0,0,0,indira_gandhi_old_age,0.0,1,2,1,0
79,800000,salaried,male,obc,secondary,0.5,0,0,mgnregs,33.3,1,2,0,1
79,800000,salaried,male,obc,secondary,0.5,0,0,pm_kisan,0.0,2,2,1,0
79,800000,salaried,male,obc,secondary,0.5,0,0,pm_fasal_bima,0.0,2,1,1,0
79,800000,salaried,male,obc,secondary,0.5,0,0,kisan_credit_card,0.0,1,2,1,0
79,800000,salaried,male,obc,secondary,0.5,0,0,pm_matru_vandana,0.0,2,1,1,0
79,800000,salaried,male,obc,secondary,0.5,0,0,mahila_shakti_kendra,0.0,0,2,1,0
79,800000,salaried,male,obc,secondary,0.5,0,0,national_scholarship_portal,0.0,1,3,1,0
79,800000,salaried,male,obc,secondary,0.5,0,0,pm_scholarship_scheme,0.0,0,3,1,0
79,800000,salaried,male,obc,secondary,0.5,0,0,ayushman_bharat,0.0,0,2,1,0
79,800000,salaried,male,obc,secondary,0.5,0,0,pm_suraksha_bima,0.0,0,2,1,0
79,800000,salaried,male,obc,secondary,0.5,0,0,pm_jeevan_jyoti,0.0,0,2,1,0
79,800000,salaried,male,obc,secondary,0.5,0,0,pm_awas_yojana_gramin,0.0,2,2,1,0
79,800000,salaried,male,obc,secondary,0.5,0,0,pm_mudra_yojana,0.0,1,2,1,0
79,800000,salaried,male,obc,secondary,0.5,0,0,startup_india_seed_fund,0.0,0,2,1,0
79,800000,salaried,male,obc,secondary,0.5,0,0,deen_dayal_disability,0.0,0,2,1,0
79,800000,salaried,male,obc,secondary,0.5,0,0,post_matric_sc,0.0,0,3,1,0
79,800000,salaried,male,obc,secondary,0.5,0,0,eklavya_model_school,0.0,0,3,1,0
79,800000,salaried,male,obc,secondary,0.5,0,0,indira_gandhi_old_age,0.0,1,2,1,0
62,250000,farmer,other,obc,secondary,0.5,1,0,pm_fasal_bima,100.0,3,0,0,1
62,250000,farmer,other,obc,secondary,0.5,1,0,kisan_credit_card,100.0,3,0,0,0
62,250000,farmer,other,obc,secondary,0.5,1,0,pm_suraksha_bima,100.0,2,0,0,1
62,250000,farmer,other,obc,secondary,0.5,1,0,pm_awas_yojana_gramin,100.0,4,0,0,1
62,250000,farmer,other,obc,secondary,0.5,1,0,pm_kisan,75.0,3,1,0,1
62,250000,farmer,other,obc,secondary,0.5,1,0,indira_gandhi_old_age,75.0,2,1,0,1
62,250000,farmer,other,obc,secondary,0.5,1,0,mgnregs,66.7,2,1,0,1
62,250000,farmer,other,obc,secondary,0.5,1,0,ayushman_bharat,60.0,1,1,0,1
62,250000,farmer,other,obc,secondary,0.5,1,0,pm_matru_vandana,0.0,2,1,1,0
62,250000,farmer,other,obc,secondary,0.5,1,0,mahila_shakti_kendra,0.0,1,1,1,0
62,250000,farmer,other,obc,secondary,0.5,1,0,national_scholarship_portal,0.0,2,2,1,0
62,250000,farmer,other,obc,secondary,0.5,1,0,pm_scholarship_scheme,0.0,1,2,1,0
62,250000,farmer,other,obc,secondary,0.5,1,0,pm_jeevan_jyoti,0.0,1,1,1,0
62,250000,farmer,other,obc,secondary,0.5,1,0,pm_mudra_yojana,0.0,2,1,1,0
62,250000,farmer,other,obc,secondary,0.5,1,0,startup_india_seed_fund,0.0,0,2,1,0
62,250000,farmer,other,obc,secondary,0.5,1,0,deen_dayal_disability,0.0,1,1,1,0
62,250000,farmer,other,obc,secondary,0.5,1,0,post_matric_sc,0.0,1,2,1,0
62,250000,farmer,other,obc,secondary,0.5,1,0,eklavya_model_school,0.0,0,3,1,0
60,250000,other,male,sc,secondary,0.5,0,0,pm_suraksha_bima,100.0,2,0,0,0
60,250000,other,male,sc,secondary,0.5,0,0,mgnregs,66.7,2,1,0,1
60,250000,other,male,sc,secondary,0.5,0,0,pm_kisan,0.0,2,2,1,0
60,250000,other,male,sc,secondary,0.5,0,0,pm_fasal_bima,0.0,2,1,1,0
60,250000,other,male,sc,secondary,0.5,0,0,kisan_credit_card,0.0,2,1,1,0
60,250000,other,male,sc,secondary,0.5,0,0,pm_matru_vandana,0.0,2,1,1,0
60,250000,other,male,sc,secondary,0.5,0,0,mahila_shakti_kendra,0.0,1,1,1,0
60,250000,other,male,sc,secondary,0.5,0,0,national_scholarship_portal,0.0,2,2,1,0
60,250000,other,male,sc,secondary,0.5,0,0,pm_scholarship_scheme,0.0,1,2,1,0
60,250000,other,male,sc,secondary,0.5,0,0,ayushman_bharat,0.0,0,2,1,0
60,250000,other,male,sc,secondary,0.5,0,0,pm_jeevan_jyoti,0.0,1,1,1,0
60,250000,other,male,sc,secondary,0.5,0,0,pm_awas_yojana_gramin,0.0,3,1,1,0
60,250000,other,male,sc,secondary,0.5,0,0,pm_mudra_yojana,0.0,2,1,1,0
60,250000,other,male,sc,secondary,0.5,0,0,startup_india_seed_fund,0.0,0,2,1,0
60,250000,other,male,sc,secondary,0.5,0,0,deen_dayal_disability,0.0,1,1,1,0
60,250000,other,male,sc,secondary,0.5,0,0,post_matric_sc,0.0,2,1,1,0
60,250000,other,male,sc,secondary,0.5,0,0,eklavya_model_school,0.0,0,3,1,0
60,250000,other,male,sc,secondary,0.5,0,0,indira_gandhi_old_age,0.0,1,2,1,0
22,400000,self_employed,other,general,primary,5,0,0,pm_suraksha_bima,100.0,2,0,0,1
22,400000,self_employed,other,general,primary,5,0,0,pm_jeevan_jyoti,100.0,2,0,0,1
22,400000,self_employed,other,general,primary,5,0,0,pm_mudra_yojana,100.0,3,0,0,1
22,400000,self_employed,other,general,primary,5,0,0,startup_india_seed_fund,100.0,2,0,0,1
22,400000,self_employed,other,general,primary,5,0,0,mgnregs,66.7,2,1,0,1
22,400000,self_employed,other,general,primary,5,0,0,pm_kisan,0.0,2,2,1,0
22,400000,self_employed,other,general,primary,5,0,0,pm_fasal_bima,0.0,2,1,1,0
22,400000,self_employed,other,general,primary,5,0,0,kisan_credit_card,0.0,2,1,1,0
22,400000,self_employed,other,general,primary,5,0,0,pm_matru_vandana,0.0,2,1,1,0
22,400000,self_employed,other,general,primary,5,0,0,mahila_shakti_kendra,0.0,0,2,1,0
22,400000,self_employed,other,general,primary,5,0,0,national_scholarship_portal,0.0,1,3,1,0
22,400000,self_employed,other,general,primary,5,0,0,pm_scholarship_scheme,0.0,2,1,1,0
22,400000,self_employed,other,general,primary,5,0,0,ayushman_bharat,0.0,0,2,1,0
22,400000,self_employed,other,general,primary,5,0,0,pm_awas_yojana_gramin,0.0,1,3,1,0
22,400000,self_employed,other,general,primary,5,0,0,deen_dayal_disability,0.0,0,2,1,0
22,400000,self_employed,other,general,primary,5,0,0,post_matric_sc,0.0,0,3,1,0
22,400000,self_employed,other,general,primary,5,0,0,eklavya_model_school,0.0,0,3,1,0
22,400000,self_employed,other,general,primary,5,0,0,indira_gandhi_old_age,0.0,0,3,1,0
18,90000,unemployed,male,st,none,2.5,1,0,ayushman_bharat,100.0,2,0,0,1
18,90000,unemployed,male,st,none,2.5,1,0,pm_suraksha_bima,100.0,2,0,0,1
18,90000,unemployed,male,st,none,2.5,1,0,pm_jeevan_jyoti,100.0,2,0,0,1
18,90000,unemployed,male,st,none,2.5,1,0,pm_awas_yojana_gramin,100.0,4,0,0,1
18,90000,unemployed,male,st,none,2.5,1,0,mgnregs,100.0,3,0,0,1
18,90000,unemployed,male,st,none,2.5,1,0,pm_kisan,0.0,3,1,1,0
18,90000,unemployed,male,st,none,2.5,1,0,pm_fasal_bima,0.0,2,1,1,0
18,90000,unemployed,male,st,none,2.5,1,0,kisan_credit_card,0.0,2,1,1,0
18,90000,unemployed,male,st,none,2.5,1,0,pm_matru_vandana,0.0,1,2,1,0
18,90000,unemployed,male,st,none,2.5,1,0,mahila_shakti_kendra,0.0,1,1,1,0
18,90000,unemployed,male,st,none,2.5,1,0,national_scholarship_portal,0.0,3,1,1,0
18,90000,unemployed,male,st,none,2.5,1,0,pm_scholarship_scheme,0.0,2,1,1,0
18,90000,unemployed,male,st,none,2.5,1,0,pm_mudra_yojana,0.0,2,1,1,0
18,90000,unemployed,male,st,none,2.5,1,0,startup_india_seed_fund,0.0,1,1,1,0
18,90000,unemployed,male,st,none,2.5,1,0,deen_dayal_disability,0.0,1,1,1,0
18,90000,unemployed,male,st,none,2.5,1,0,post_matric_sc,0.0,1,2,1,0
18,90000,unemployed,male,st,none,2.5,1,0,eklavya_model_school,0.0,2,1,1,0
18,90000,unemployed,male,st,none,2.5,1,0,indira_gandhi_old_age,0.0,2,1,1,0
73,90000,other,other,st,secondary,2.5,1,0,ayushman_bharat,100.0,2,0,0,1
73,90000,other,other,st,secondary,2.5,1,0,pm_awas_yojana_gramin,100.0,4,0,0,1
73,90000,other,other,st,secondary,2.5,1,0,mgnregs,100.0,3,0,0,0
73,90000,other,other,st,secondary,2.5,1,0,indira_gandhi_old_age,100.0,3,0,0,1
73,90000,other,other,st,secondary,2.5,1,0,pm_kisan,0.0,3,1,1,0
73,90000,other,other,st,secondary,2.5,1,0,pm_fasal_bima,0.0,2,1,1,0
73,90000,other,other,st,secondary,2.5,1,0,kisan_credit_card,0.0,2,1,1,0
73,90000,other,other,st,secondary,2.5,1,0,pm_matru_vandana,0.0,2,1,1,0
73,90000,other,other,st,secondary,2.5,1,0,mahila_shakti_kendra,0.0,1,1,1,0
73,90000,other,other,st,secondary,2.5,1,0,national_scholarship_portal,0.0,2,2,1,0
73,90000,other,other,st,secondary,2.5,1,0,pm_scholarship_scheme,0.0,1,2,1,0
73,90000,other,other,st,secondary,2.5,1,0,pm_suraksha_bima,0.0,1,1,1,0
73,90000,other,other,st,secondary,2.5,1,0,pm_jeevan_jyoti,0.0,1,1,1,0
73,90000,other,other,st,secondary,2.5,1,0,pm_mudra_yojana,0.0,1,2,1,0
73,90000,other,other,st,secondary,2.5,1,0,startup_india_seed_fund,0.0,0,2,1,0
73,90000,other,other,st,secondary,2.5,1,0,deen_dayal_disability,0.0,1,1,1,0
73,90000,other,other,st,secondary,2.5,1,0,post_matric_sc,0.0,1,2,1,0
73,90000,other,other,st,secondary,2.5,1,0,eklavya_model_school,0.0,1,2,1,0
72,400000,daily_wage,female,obc,postgraduate,5,1,0,pm_matru_vandana,100.0,3,0,0,1
72,400000,daily_wage,female,obc,postgraduate,5,1,0,indira_gandhi_old_age,75.0,2,1,0,1
72,400000,daily_wage,female,obc,postgraduate,5,1,0,mgnregs,66.7,2,1,0,1
72,400000,daily_wage,female,obc,postgraduate,5,1,0,mahila_shakti_kendra,60.0,1,1,0,0
72,400000,daily_wage,female,obc,postgraduate,5,1,0,ayushman_bharat,60.0,1,1,0,0
72,400000,daily_wage,female,obc,postgraduate,5,1,0,pm_awas_yojana_gramin,57.1,2,2,0,0
72,400000,daily_wage,female,obc,postgraduate,5,1,0,pm_kisan,0.0,2,2,1,0
72,400000,daily_wage,female,obc,postgraduate,5,1,0,pm_fasal_bima,0.0,2,1,1,0
72,400000,daily_wage,female,obc,postgraduate,5,1,0,kisan_credit_card,0.0,2,1,1,0
72,400000,daily_wage,female,obc,postgraduate,5,1,0,national_scholarship_portal,0.0,1,3,1,0
72,400000,daily_wage,female,obc,postgraduate,5,1,0,pm_scholarship_scheme,0.0,1,2,1,0
72,400000,daily_wage,female,obc,postgraduate,5,1,0,pm_suraksha_bima,0.0,1,1,1,0
72,400000,daily_wage,female,obc,postgraduate,5,1,0,pm_jeevan_jyoti,0.0,1,1,1,0
72,400000,daily_wage,female,obc,postgraduate,5,1,0,pm_mudra_yojana,0.0,1,2,1,0
72,400000,daily_wage,female,obc,postgraduate,5,1,0,startup_india_seed_fund,0.0,0,2,1,0
72,400000,daily_wage,female,obc,postgraduate,5,1,0,deen_dayal_disability,0.0,0,2,1,0
72,400000,daily_wage,female,obc,postgraduate,5,1,0,post_matric_sc,0.0,0,3,1,0
72,400000,daily_wage,female,obc,postgraduate,5,1,0,eklavya_model_school,0.0,0,3,1,0
24,90000,other,other,general,postgraduate,1,0,0,pm_suraksha_bima,100.0,2,0,0,1
24,90000,other,other,general,postgraduate,1,0,0,pm_jeevan_jyoti,100.0,2,0,0,1
24,90000,other,other,general,postgraduate,1,0,0,mgnregs,100.0,3,0,0,1
24,90000,other,other,general,postgraduate,1,0,0,pm_kisan,0.0,3,1,1,0
24,90000,other,other,general,postgraduate,1,0,0,pm_fasal_bima,0.0,2,1,1,0
24,90000,other,other,general,postgraduate,1,0,0,kisan_credit_card,0.0,2,1,1,0
24,90000,other,other,general,postgraduate,1,0,0,pm_matru_vandana,0.0,2,1,1,0
24,90000,other,other,general,postgraduate,1,0,0,mahila_shakti_kendra,0.0,1,1,1,0
24,90000,other,other,general,postgraduate,1,0,0,national_scholarship_portal,0.0,2,2,1,0
24,90000,other,other,general,postgraduate,1,0,0,pm_scholarship_scheme,0.0,2,1,1,0
24,90000,other,other,general,postgraduate,1,0,0,ayushman_bharat,0.0,1,1,1,0
24,90000,other,other,general,postgraduate,1,0,0,pm_awas_yojana_gramin,0.0,3,1,1,0
24,90000,other,other,general,postgraduate,1,0,0,pm_mudra_yojana,0.0,2,1,1,0
24,90000,other,other,general,postgraduate,1,0,0,startup_india_seed_fund,0.0,1,1,1,0
24,90000,other,other,general,postgraduate,1,0,0,deen_dayal_disability,0.0,1,1,1,0
24,90000,other,other,general,postgraduate,1,0,0,post_matric_sc,0.0,1,2,1,0
24,90000,other,other,general,postgraduate,1,0,0,eklavya_model_school,0.0,0,3,1,0
24,90000,other,other,general,postgraduate,1,0,0,indira_gandhi_old_age,0.0,1,2,1,0
35,250000,self_employed,female,sc,primary,0.5,1,0,pm_matru_vandana,100.0,3,0,0,1
35,250000,self_employed,female,sc,primary,0.5,1,0,mahila_shakti_kendra,100.0,2,0,0,1
35,250000,self_employed,female,sc,primary,0.5,1,0,pm_suraksha_bima,100.0,2,0,0,1
35,250000,self_employed,female,sc,primary,0.5,1,0,pm_jeevan_jyoti,100.0,2,0,0,1
35,250000,self_employed,female,sc,primary,0.5,1,0,pm_awas_yojana_gramin,100.0,4,0,0,1
35,250000,self_employed,female,sc,primary,0.5,1,0,pm_mudra_yojana,100.0,3,0,0,1
35,250000,self_employed,female,sc,primary,0.5,1,0,startup_india_seed_fund,100.0,2,0,0,0
35,250000,self_employed,female,sc,primary,0.5,1,0,mgnregs,66.7,2,1,0,0
35,250000,self_employed,female,sc,primary,0.5,1,0,ayushman_bharat,60.0,1,1,0,0
35,250000,self_employed,female,sc,primary,0.5,1,0,pm_kisan,0.0,2,2,1,0
35,250000,self_employed,female,sc,primary,0.5,1,0,pm_fasal_bima,0.0,2,1,1,0
35,250000,self_employed,female,sc,primary,0.5,1,0,kisan_credit_card,0.0,2,1,1,0
35,250000,self_employed,female,sc,primary,0.5,1,0,national_scholarship_portal,0.0,2,2,1,0
35,250000,self_employed,female,sc,primary,0.5,1,0,pm_scholarship_scheme,0.0,1,2,1,0
35,250000,self_employed,female,sc,primary,0.5,1,0,deen_dayal_disability,0.0,1,1,1,0
35,250000,self_employed,female,sc,primary,0.5,1,0,post_matric_sc,0.0,2,1,1,0
35,250000,self_employed,female,sc,primary,0.5,1,0,eklavya_model_school,0.0,0,3,1,0
35,250000,self_employed,female,sc,primary,0.5,1,0,indira_gandhi_old_age,0.0,1,2,1,0
64,90000,other,male,obc,primary,2.5,0,0,pm_suraksha_bima,100.0,2,0,0,0
64,90000,other,male,obc,primary,2.5,0,0,mgnregs,100.0,3,0,0,1
64,90000,other,male,obc,primary,2.5,0,0,pm_kisan,0.0,3,1,1,0
64,90000,other,male,obc,primary,2.5,0,0,pm_fasal_bima,0.0,2,1,1,0
64,90000,other,male,obc,primary,2.5,0,0,kisan_credit_card,0.0,2,1,1,0
64,90000,other,male,obc,primary,2.5,0,0,pm_matru_vandana,0.0,2,1,1,0
64,90000,other,male,obc,primary,2.5,0,0,mahila_shakti_kendra,0.0,1,1,1,0
64,90000,other,male,obc,primary,2.5,0,0,national_scholarship_portal,0.0,2,2,1,0
64,90000,other,male,obc,primary,2.5,0,0,pm_scholarship_scheme,0.0,1,2,1,0
64,90000,other,male,obc,primary,2.5,0,0,ayushman_bharat,0.0,1,1,1,0
64,90000,other,male,obc,primary,2.5,0,0,pm_jeevan_jyoti,0.0,1,1,1,0
64,90000,other,male,obc,primary,2.5,0,0,pm_awas_yojana_gramin,0.0,3,1,1,0
64,90000,other,male,obc,primary,2.5,0,0,pm_mudra_yojana,0.0,2,1,1,0
64,90000,other,male,obc,primary,2.5,0,0,startup_india_seed_fund,0.0,0,2,1,0
64,90000,other,male,obc,primary,2.5,0,0,deen_dayal_disability,0.0,1,1,1,0
64,90000,other,male,obc,primary,2.5,0,0,post_matric_sc,0.0,1,2,1,0
64,90000,other,male,obc,primary,2.5,0,0,eklavya_model_school,0.0,0,3,1,0
64,90000,other,male,obc,primary,2.5,0,0,indira_gandhi_old_age,0.0,2,1,1,0
