age,annual_income,occupation,gender,category,land_owned_acres,is_bpl,is_disabled,education,scheme_id,rule_score_pct,matched_count,missed_count,is_disqualified,engagement_label
30,0,unemployed,female,obc,0,0,0,postgraduate,pm_matru_vandana,100.0,3,0,0,1
30,0,unemployed,female,obc,0,0,0,postgraduate,mahila_shakti_kendra,100.0,2,0,0,1
30,0,unemployed,female,obc,0,0,0,postgraduate,pm_suraksha_bima,100.0,2,0,0,1
30,0,unemployed,female,obc,0,0,0,postgraduate,pm_jeevan_jyoti,100.0,2,0,0,1
30,0,unemployed,female,obc,0,0,0,postgraduate,mgnregs,100.0,3,0,0,1
30,0,unemployed,female,obc,0,0,0,postgraduate,pm_kisan,0.0,3,1,1,0
30,0,unemployed,female,obc,0,0,0,postgraduate,pm_fasal_bima,0.0,1,2,1,0
30,0,unemployed,female,obc,0,0,0,postgraduate,kisan_credit_card,0.0,1,2,1,0
30,0,unemployed,female,obc,0,0,0,postgraduate,national_scholarship_portal,0.0,3,1,1,0
30,0,unemployed,female,obc,0,0,0,postgraduate,pm_scholarship_scheme,0.0,1,2,1,0
30,0,unemployed,female,obc,0,0,0,postgraduate,ayushman_bharat,0.0,1,1,1,0
30,0,unemployed,female,obc,0,0,0,postgraduate,pm_awas_yojana_gramin,0.0,3,1,1,0
30,0,unemployed,female,obc,0,0,0,postgraduate,pm_mudra_yojana,0.0,2,1,1,0
30,0,unemployed,female,obc,0,0,0,postgraduate,startup_india_seed_fund,0.0,1,1,1,0
30,0,unemployed,female,obc,0,0,0,postgraduate,deen_dayal_disability,0.0,1,1,1,0
30,0,unemployed,female,obc,0,0,0,postgraduate,post_matric_sc,0.0,1,2,1,0
30,0,unemployed,female,obc,0,0,0,postgraduate,eklavya_model_school,0.0,0,3,1,0
30,0,unemployed,female,obc,0,0,0,postgraduate,indira_gandhi_old_age,0.0,1,2,1,0
51,0,other,male,st,0.5,1,0,secondary,ayushman_bharat,100.0,2,0,0,1
51,0,other,male,st,0.5,1,0,secondary,pm_suraksha_bima,100.0,2,0,0,1
51,0,other,male,st,0.5,1,0,secondary,pm_awas_yojana_gramin,100.0,4,0,0,1
51,0,other,male,st,0.5,1,0,secondary,mgnregs,100.0,3,0,0,0
51,0,other,male,st,0.5,1,0,secondary,pm_kisan,0.0,3,1,1,0
51,0,other,male,st,0.5,1,0,secondary,pm_fasal_bima,0.0,2,1,1,0
51,0,other,male,st,0.5,1,0,secondary,kisan_credit_card,0.0,2,1,1,0
51,0,other,male,st,0.5,1,0,secondary,pm_matru_vandana,0.0,2,1,1,0
51,0,other,male,st,0.5,1,0,secondary,mahila_shakti_kendra,0.0,1,1,1,0
51,0,other,male,st,0.5,1,0,secondary,national_scholarship_portal,0.0,2,2,1,0
51,0,other,male,st,0.5,1,0,secondary,pm_scholarship_scheme,0.0,1,2,1,0
51,0,other,male,st,0.5,1,0,secondary,pm_jeevan_jyoti,0.0,1,1,1,0
51,0,other,male,st,0.5,1,0,secondary,pm_mudra_yojana,0.0,2,1,1,0
51,0,other,male,st,0.5,1,0,secondary,startup_india_seed_fund,0.0,0,2,1,0
51,0,other,male,st,0.5,1,0,secondary,deen_dayal_disability,0.0,1,1,1,0
51,0,other,male,st,0.5,1,0,secondary,post_matric_sc,0.0,1,2,1,0
51,0,other,male,st,0.5,1,0,secondary,eklavya_model_school,0.0,1,2,1,0
51,0,other,male,st,0.5,1,0,secondary,indira_gandhi_old_age,0.0,2,1,1,0
64,40000,daily_wage,female,sc,0,0,1,primary,pm_matru_vandana,100.0,3,0,0,1
64,40000,daily_wage,female,sc,0,0,1,primary,mahila_shakti_kendra,100.0,2,0,0,1
64,40000,daily_wage,female,sc,0,0,1,primary,pm_suraksha_bima,100.0,2,0,0,1
64,40000,daily_wage,female,sc,0,0,1,primary,mgnregs,100.0,3,0,0,1
64,40000,daily_wage,female,sc,0,0,1,primary,deen_dayal_disability,100.0,2,0,0,1
64,40000,daily_wage,female,sc,0,0,1,primary,pm_kisan,0.0,3,1,1,0
64,40000,daily_wage,female,sc,0,0,1,primary,pm_fasal_bima,0.0,1,2,1,0
64,40000,daily_wage,female,sc,0,0,1,primary,kisan_credit_card,0.0,1,2,1,0
64,40000,daily_wage,female,sc,0,0,1,primary,national_scholarship_portal,0.0,2,2,1,0
64,40000,daily_wage,female,sc,0,0,1,primary,pm_scholarship_scheme,0.0,1,2,1,0
64,40000,daily_wage,female,sc,0,0,1,primary,ayushman_bharat,0.0,1,1,1,0
64,40000,daily_wage,female,sc,0,0,1,primary,pm_jeevan_jyoti,0.0,1,1,1,0
64,40000,daily_wage,female,sc,0,0,1,primary,pm_awas_yojana_gramin,0.0,3,1,1,0
64,40000,daily_wage,female,sc,0,0,1,primary,pm_mudra_yojana,0.0,2,1,1,0
64,40000,daily_wage,female,sc,0,0,1,primary,startup_india_seed_fund,0.0,0,2,1,0
64,40000,daily_wage,female,sc,0,0,1,primary,post_matric_sc,0.0,2,1,1,0
64,40000,daily_wage,female,sc,0,0,1,primary,eklavya_model_school,0.0,0,3,1,0
64,40000,daily_wage,female,sc,0,0,1,primary,indira_gandhi_old_age,0.0,2,1,1,0
25,90000,daily_wage,other,obc,1,0,0,postgraduate,pm_suraksha_bima,100.0,2,0,0,1
25,90000,daily_wage,other,obc,1,0,0,postgraduate,pm_jeevan_jyoti,100.0,2,0,0,1
25,90000,daily_wage,other,obc,1,0,0,postgraduate,mgnregs,100.0,3,0,0,1
25,90000,daily_wage,other,obc,1,0,0,postgraduate,pm_kisan,0.0,3,1,1,0
25,90000,daily_wage,other,obc,1,0,0,postgraduate,pm_fasal_bima,0.0,2,1,1,0
25,90000,daily_wage,other,obc,1,0,0,postgraduate,kisan_credit_card,0.0,2,1,1,0
25,90000,daily_wage,other,obc,1,0,0,postgraduate,pm_matru_vandana,0.0,2,1,1,0
25,90000,daily_wage,other,obc,1,0,0,postgraduate,mahila_shakti_kendra,0.0,1,1,1,0
25,90000,daily_wage,other,obc,1,0,0,postgraduate,national_scholarship_portal,0.0,3,1,1,0
25,90000,daily_wage,other,obc,1,0,0,postgraduate,pm_scholarship_scheme,0.0,2,1,1,0
25,90000,daily_wage,other,obc,1,0,0,postgraduate,ayushman_bharat,0.0,1,1,1,0
25,90000,daily_wage,other,obc,1,0,0,postgraduate,pm_awas_yojana_gramin,0.0,3,1,1,0
25,90000,daily_wage,other,obc,1,0,0,postgraduate,pm_mudra_yojana,0.0,2,1,1,0
25,90000,daily_wage,other,obc,1,0,0,postgraduate,startup_india_seed_fund,0.0,1,1,1,0
25,90000,daily_wage,other,obc,1,0,0,postgraduate,deen_dayal_disability,0.0,1,1,1,0
25,90000,daily_wage,other,obc,1,0,0,postgraduate,post_matric_sc,0.0,1,2,1,0
25,90000,daily_wage,other,obc,1,0,0,postgraduate,eklavya_model_school,0.0,0,3,1,0
25,90000,daily_wage,other,obc,1,0,0,postgraduate,indira_gandhi_old_age,0.0,1,2,1,0
50,40000,student,other,sc,5,0,0,graduate,pm_suraksha_bima,100.0,2,0,0,1
50,40000,student,other,sc,5,0,0,graduate,pm_jeevan_jyoti,100.0,2,0,0,1
50,40000,student,other,sc,5,0,0,graduate,post_matric_sc,100.0,3,0,0,1
50,40000,student,other,sc,5,0,0,graduate,national_scholarship_portal,87.5,3,1,0,1
50,40000,student,other,sc,5,0,0,graduate,pm_scholarship_scheme,83.3,2,1,0,1
50,40000,student,other,sc,5,0,0,graduate,mgnregs,66.7,2,1,0,1
50,40000,student,other,sc,5,0,0,graduate,pm_kisan,0.0,3,1,1,0
50,40000,student,other,sc,5,0,0,graduate,pm_fasal_bima,0.0,2,1,1,0
50,40000,student,other,sc,5,0,0,graduate,kisan_credit_card,0.0,2,1,1,0
50,40000,student,other,sc,5,0,0,graduate,pm_matru_vandana,0.0,2,1,1,0
50,40000,student,other,sc,5,0,0,graduate,mahila_shakti_kendra,0.0,1,1,1,0
50,40000,student,other,sc,5,0,0,graduate,ayushman_bharat,0.0,1,1,1,0
50,40000,student,other,sc,5,0,0,graduate,pm_awas_yojana_gramin,0.0,2,2,1,0
50,40000,student,other,sc,5,0,0,graduate,pm_mudra_yojana,0.0,2,1,1,0
50,40000,student,other,sc,5,0,0,graduate,startup_india_seed_fund,0.0,1,1,1,0
50,40000,student,other,sc,5,0,0,graduate,deen_dayal_disability,0.0,1,1,1,0
50,40000,student,other,sc,5,0,0,graduate,eklavya_model_school,0.0,1,2,1,0
50,40000,student,other,sc,5,0,0,graduate,indira_gandhi_old_age,0.0,1,2,1,0
30,90000,unemployed,male,st,0,0,0,graduate,pm_suraksha_bima,100.0,2,0,0,1
30,90000,unemployed,male,st,0,0,0,graduate,pm_jeevan_jyoti,100.0,2,0,0,1
30,90000,unemployed,male,st,0,0,0,graduate,mgnregs,100.0,3,0,0,1
30,90000,unemployed,male,st,0,0,0,graduate,pm_kisan,0.0,3,1,1,0
30,90000,unemployed,male,st,0,0,0,graduate,pm_fasal_bima,0.0,1,2,1,0
30,90000,unemployed,male,st,0,0,0,graduate,kisan_credit_card,0.0,1,2,1,0
30,90000,unemployed,male,st,0,0,0,graduate,pm_matru_vandana,0.0,2,1,1,0
30,90000,unemployed,male,st,0,0,0,graduate,mahila_shakti_kendra,0.0,1,1,1,0
30,90000,unemployed,male,st,0,0,0,graduate,national_scholarship_portal,0.0,3,1,1,0
30,90000,unemployed,male,st,0,0,0,graduate,pm_scholarship_scheme,0.0,1,2,1,0
30,90000,unemployed,male,st,0,0,0,graduate,ayushman_bharat,0.0,1,1,1,0
30,90000,unemployed,male,st,0,0,0,graduate,pm_awas_yojana_gramin,0.0,3,1,1,0
30,90000,unemployed,male,st,0,0,0,graduate,pm_mudra_yojana,0.0,2,1,1,0
30,90000,unemployed,male,st,0,0,0,graduate,startup_india_seed_fund,0.0,1,1,1,0
30,90000,unemployed,male,st,0,0,0,graduate,deen_dayal_disability,0.0,1,1,1,0
30,90000,unemployed,male,st,0,0,0,graduate,post_matric_sc,0.0,1,2,1,0
30,90000,unemployed,male,st,0,0,0,graduate,eklavya_model_school,0.0,1,2,1,0
30,90000,unemployed,male,st,0,0,0,graduate,indira_gandhi_old_age,0.0,1,2,1,0
50,400000,farmer,female,st,1,1,0,secondary,pm_fasal_bima,100.0,3,0,0,1
50,400000,farmer,female,st,1,1,0,secondary,kisan_credit_card,100.0,3,0,0,1
50,400000,farmer,female,st,1,1,0,secondary,pm_matru_vandana,100.0,3,0,0,1
50,400000,farmer,female,st,1,1,0,secondary,pm_suraksha_bima,100.0,2,0,0,1
50,400000,farmer,female,st,1,1,0,secondary,pm_jeevan_jyoti,100.0,2,0,0,1
50,400000,farmer,female,st,1,1,0,secondary,pm_kisan,75.0,3,1,0,1
50,400000,farmer,female,st,1,1,0,secondary,pm_awas_yojana_gramin,71.4,3,1,0,1
50,400000,farmer,female,st,1,1,0,secondary,mgnregs,66.7,2,1,0,0
50,400000,farmer,female,st,1,1,0,secondary,mahila_shakti_kendra,60.0,1,1,0,1
50,400000,farmer,female,st,1,1,0,secondary,ayushman_bharat,60.0,1,1,0,0
50,400000,farmer,female,st,1,1,0,secondary,national_scholarship_portal,0.0,1,3,1,0
50,400000,farmer,female,st,1,1,0,secondary,pm_scholarship_scheme,0.0,1,2,1,0
50,400000,farmer,female,st,1,1,0,secondary,pm_mudra_yojana,0.0,2,1,1,0
50,400000,farmer,female,st,1,1,0,secondary,startup_india_seed_fund,0.0,1,1,1,0
50,400000,farmer,female,st,1,1,0,secondary,deen_dayal_disability,0.0,0,2,1,0
50,400000,farmer,female,st,1,1,0,secondary,post_matric_sc,0.0,0,3,1,0
50,400000,farmer,female,st,1,1,0,secondary,eklavya_model_school,0.0,1,2,1,0
50,400000,farmer,female,st,1,1,0,secondary,indira_gandhi_old_age,0.0,1,2,1,0
26,40000,unemployed,female,general,8,1,0,postgraduate,pm_matru_vandana,100.0,3,0,0,1
26,40000,unemployed,female,general,8,1,0,postgraduate,mahila_shakti_kendra,100.0,2,0,0,1
26,40000,unemployed,female,general,8,1,0,postgraduate,ayushman_bharat,100.0,2,0,0,1
26,40000,unemployed,female,general,8,1,0,postgraduate,pm_suraksha_bima,100.0,2,0,0,1
26,40000,unemployed,female,general,8,1,0,postgraduate,pm_jeevan_jyoti,100.0,2,0,0,1
26,40000,unemployed,female,general,8,1,0,postgraduate,mgnregs,100.0,3,0,0,1
26,40000,unemployed,female,general,8,1,0,postgraduate,pm_awas_yojana_gramin,85.7,3,1,0,1
26,40000,unemployed,female,general,8,1,0,postgraduate,pm_kisan,0.0,2,2,1,0
26,40000,unemployed,female,general,8,1,0,postgraduate,pm_fasal_bima,0.0,2,1,1,0
26,40000,unemployed,female,general,8,1,0,postgraduate,kisan_credit_card,0.0,2,1,1,0
26,40000,unemployed,female,general,8,1,0,postgraduate,national_scholarship_portal,0.0,2,2,1,0
26,40000,unemployed,female,general,8,1,0,postgraduate,pm_scholarship_scheme,0.0,1,2,1,0
26,40000,unemployed,female,general,8,1,0,postgraduate,pm_mudra_yojana,0.0,2,1,1,0
26,40000,unemployed,female,general,8,1,0,postgraduate,startup_india_seed_fund,0.0,1,1,1,0
26,40000,unemployed,female,general,8,1,0,postgraduate,deen_dayal_disability,0.0,1,1,1,0
26,40000,unemployed,female,general,8,1,0,postgraduate,post_matric_sc,0.0,1,2,1,0
26,40000,unemployed,female,general,8,1,0,postgraduate,eklavya_model_school,0.0,0,3,1,0
26,40000,unemployed,female,general,8,1,0,postgraduate,indira_gandhi_old_age,0.0,2,1,1,0
59,0,daily_wage,other,obc,0,1,0,none,ayushman_bharat,100.0,2,0,0,1
59,0,daily_wage,other,obc,0,1,0,none,pm_suraksha_bima,100.0,2,0,0,1
59,0,daily_wage,other,obc,0,1,0,none,pm_awas_yojana_gramin,100.0,4,0,0,1
59,0,daily_wage,other,obc,0,1,0,none,mgnregs,100.0,3,0,0,1
59,0,daily_wage,other,obc,0,1,0,none,pm_kisan,0.0,3,1,1,0
59,0,daily_wage,other,obc,0,1,0,none,pm_fasal_bima,0.0,1,2,1,0
59,0,daily_wage,other,obc,0,1,0,none,kisan_credit_card,0.0,1,2,1,0
59,0,daily_wage,other,obc,0,1,0,none,pm_matru_vandana,0.0,2,1,1,0
59,0,daily_wage,other,obc,0,1,0,none,mahila_shakti_kendra,0.0,1,1,1,0
59,0,daily_wage,other,obc,0,1,0,none,national_scholarship_portal,0.0,2,2,1,0
59,0,daily_wage,other,obc,0,1,0,none,pm_scholarship_scheme,0.0,1,2,1,0
59,0,daily_wage,other,obc,0,1,0,none,pm_jeevan_jyoti,0.0,1,1,1,0
59,0,daily_wage,other,obc,0,1,0,none,pm_mudra_yojana,0.0,2,1,1,0
59,0,daily_wage,other,obc,0,1,0,none,startup_india_seed_fund,0.0,0,2,1,0
59,0,daily_wage,other,obc,0,1,0,none,deen_dayal_disability,0.0,1,1,1,0
59,0,daily_wage,other,obc,0,1,0,none,post_matric_sc,0.0,1,2,1,0
59,0,daily_wage,other,obc,0,1,0,none,eklavya_model_school,0.0,0,3,1,0
59,0,daily_wage,other,obc,0,1,0,none,indira_gandhi_old_age,0.0,2,1,1,0
76,150000,other,female,st,0,1,0,graduate,pm_matru_vandana,100.0,3,0,0,1
76,150000,other,female,st,0,1,0,graduate,mahila_shakti_kendra,100.0,2,0,0,0
76,150000,other,female,st,0,1,0,graduate,pm_awas_yojana_gramin,100.0,4,0,0,1
76,150000,other,female,st,0,1,0,graduate,mgnregs,100.0,3,0,0,1
76,150000,other,female,st,0,1,0,graduate,indira_gandhi_old_age,75.0,2,1,0,1
76,150000,other,female,st,0,1,0,graduate,ayushman_bharat,60.0,1,1,0,1
76,150000,other,female,st,0,1,0,graduate,pm_kisan,0.0,3,1,1,0
76,150000,other,female,st,0,1,0,graduate,pm_fasal_bima,0.0,1,2,1,0
76,150000,other,female,st,0,1,0,graduate,kisan_credit_card,0.0,0,3,1,0
76,150000,other,female,st,0,1,0,graduate,national_scholarship_portal,0.0,2,2,1,0
76,150000,other,female,st,0,1,0,graduate,pm_scholarship_scheme,0.0,1,2,1,0
76,150000,other,female,st,0,1,0,graduate,pm_suraksha_bima,0.0,1,1,1,0
76,150000,other,female,st,0,1,0,graduate,pm_jeevan_jyoti,0.0,1,1,1,0
76,150000,other,female,st,0,1,0,graduate,pm_mudra_yojana,0.0,1,2,1,0
76,150000,other,female,st,0,1,0,graduate,startup_india_seed_fund,0.0,0,2,1,0
76,150000,other,female,st,0,1,0,graduate,deen_dayal_disability,0.0,1,1,1,0
76,150000,other,female,st,0,1,0,graduate,post_matric_sc,0.0,1,2,1,0
76,150000,other,female,st,0,1,0,graduate,eklavya_model_school,0.0,1,2,1,0
51,1500000,student,male,st,0,1,0,none,eklavya_model_school,83.3,2,1,0,1
51,1500000,student,male,st,0,1,0,none,pm_awas_yojana_gramin,71.4,3,1,0,1
51,1500000,student,male,st,0,1,0,none,pm_suraksha_bima,66.7,1,1,0,1
51,1500000,student,male,st,0,1,0,none,national_scholarship_portal,62.5,2,2,0,1
51,1500000,student,male,st,0,1,0,none,ayushman_bharat,60.0,1,1,0,1
51,1500000,student,male,st,0,1,0,none,pm_scholarship_scheme,50.0,1,2,0,1
51,1500000,student,male,st,0,1,0,none,mgnregs,33.3,1,2,0,0
51,1500000,student,male,st,0,1,0,none,pm_kisan,0.0,2,2,1,0
51,1500000,student,male,st,0,1,0,none,pm_fasal_bima,0.0,1,2,1,0
51,1500000,student,male,st,0,1,0,none,kisan_credit_card,0.0,1,2,1,0
51,1500000,student,male,st,0,1,0,none,pm_matru_vandana,0.0,1,2,1,0
51,1500000,student,male,st,0,1,0,none,mahila_shakti_kendra,0.0,0,2,1,0
51,1500000,student,male,st,0,1,0,none,pm_jeevan_jyoti,0.0,0,2,1,0
51,1500000,student,male,st,0,1,0,none,pm_mudra_yojana,0.0,1,2,1,0
51,1500000,student,male,st,0,1,0,none,startup_india_seed_fund,0.0,0,2,1,0
51,1500000,student,male,st,0,1,0,none,deen_dayal_disability,0.0,0,2,1,0
51,1500000,student,male,st,0,1,0,none,post_matric_sc,0.0,1,2,1,0
51,1500000,student,male,st,0,1,0,none,indira_gandhi_old_age,0.0,1,2,1,0
78,90000,student,female,obc,2.5,0,1,secondary,pm_matru_vandana,100.0,3,0,0,1
78,90000,student,female,obc,2.5,0,1,secondary,mahila_shakti_kendra,100.0,2,0,0,1
78,90000,student,female,obc,2.5,0,1,secondary,deen_dayal_disability,100.0,2,0,0,1
78,90000,student,female,obc,2.5,0,1,secondary,national_scholarship_portal,87.5,3,1,0,1
78,90000,student,female,obc,2.5,0,1,secondary,pm_scholarship_scheme,83.3,2,1,0,0
78,90000,student,female,obc,2.5,0,1,secondary,mgnregs,66.7,2,1,0,0
78,90000,student,female,obc,2.5,0,1,secondary,pm_kisan,0.0,3,1,1,0
78,90000,student,female,obc,2.5,0,1,secondary,pm_fasal_bima,0.0,2,1,1,0
78,90000,student,female,obc,2.5,0,1,secondary,kisan_credit_card,0.0,1,2,1,0
78,90000,student,female,obc,2.5,0,1,secondary,ayushman_bharat,0.0,1,1,1,0
78,90000,student,female,obc,2.5,0,1,secondary,pm_suraksha_bima,0.0,1,1,1,0
78,90000,student,female,obc,2.5,0,1,secondary,pm_jeevan_jyoti,0.0,1,1,1,0
78,90000,student,female,obc,2.5,0,1,secondary,pm_awas_yojana_gramin,0.0,3,1,1,0
78,90000,student,female,obc,2.5,0,1,secondary,pm_mudra_yojana,0.0,1,2,1,0
78,90000,student,female,obc,2.5,0,1,secondary,startup_india_seed_fund,0.0,0,2,1,0
78,90000,student,female,obc,2.5,0,1,secondary,post_matric_sc,0.0,2,1,1,0
78,90000,student,female,obc,2.5,0,1,secondary,eklavya_model_school,0.0,1,2,1,0
78,90000,student,female,obc,2.5,0,1,secondary,indira_gandhi_old_age,0.0,2,1,1,0
47,0,daily_wage,male,st,2.5,0,0,secondary,pm_suraksha_bima,100.0,2,0,0,1
47,0,daily_wage,male,st,2.5,0,0,secondary,pm_jeevan_jyoti,100.0,2,0,0,1
47,0,daily_wage,male,st,2.5,0,0,secondary,mgnregs,100.0,3,0,0,1
47,0,daily_wage,male,st,2.5,0,0,secondary,pm_kisan,0.0,3,1,1,0
47,0,daily_wage,male,st,2.5,0,0,secondary,pm_fasal_bima,0.0,2,1,1,0
47,0,daily_wage,male,st,2.5,0,0,secondary,kisan_credit_card,0.0,2,1,1,0
47,0,daily_wage,male,st,2.5,0,0,secondary,pm_matru_vandana,0.0,2,1,1,0
47,0,daily_wage,male,st,2.5,0,0,secondary,mahila_shakti_kendra,0.0,1,1,1,0
47,0,daily_wage,male,st,2.5,0,0,secondary,national_scholarship_portal,0.0,2,2,1,0
47,0,daily_wage,male,st,2.5,0,0,secondary,pm_scholarship_scheme,0.0,1,2,1,0
47,0,daily_wage,male,st,2.5,0,0,secondary,ayushman_bharat,0.0,1,1,1,0
47,0,daily_wage,male,st,2.5,0,0,secondary,pm_awas_yojana_gramin,0.0,3,1,1,0
47,0,daily_wage,male,st,2.5,0,0,secondary,pm_mudra_yojana,0.0,2,1,1,0
47,0,daily_wage,male,st,2.5,0,0,secondary,startup_india_seed_fund,0.0,1,1,1,0
47,0,daily_wage,male,st,2.5,0,0,secondary,deen_dayal_disability,0.0,1,1,1,0
47,0,daily_wage,male,st,2.5,0,0,secondary,post_matric_sc,0.0,1,2,1,0
47,0,daily_wage,male,st,2.5,0,0,secondary,eklavya_model_school,0.0,1,2,1,0
47,0,daily_wage,male,st,2.5,0,0,secondary,indira_gandhi_old_age,0.0,1,2,1,0
25,0,salaried,other,general,2.5,1,0,secondary,ayushman_bharat,100.0,2,0,0,1
25,0,salaried,other,general,2.5,1,0,secondary,pm_suraksha_bima,100.0,2,0,0,1
25,0,salaried,other,general,2.5,1,0,secondary,pm_jeevan_jyoti,100.0,2,0,0,1
25,0,salaried,other,general,2.5,1,0,secondary,pm_awas_yojana_gramin,100.0,4,0,0,1
25,0,salaried,other,general,2.5,1,0,secondary,mgnregs,66.7,2,1,0,0
25,0,salaried,other,general,2.5,1,0,secondary,pm_kisan,0.0,3,1,1,0
25,0,salaried,other,general,2.5,1,0,secondary,pm_fasal_bima,0.0,2,1,1,0
25,0,salaried,other,general,2.5,1,0,secondary,kisan_credit_card,0.0,2,1,1,0
25,0,salaried,other,general,2.5,1,0,secondary,pm_matru_vandana,0.0,2,1,1,0
25,0,salaried,other,general,2.5,1,0,secondary,mahila_shakti_kendra,0.0,1,1,1,0
25,0,salaried,other,general,2.5,1,0,secondary,national_scholarship_portal,0.0,2,2,1,0
25,0,salaried,other,general,2.5,1,0,secondary,pm_scholarship_scheme,0.0,2,1,1,0
25,0,salaried,other,general,2.5,1,0,secondary,pm_mudra_yojana,0.0,2,1,1,0
25,0,salaried,other,general,2.5,1,0,secondary,startup_india_seed_fund,0.0,1,1,1,0
25,0,salaried,other,general,2.5,1,0,secondary,deen_dayal_disability,0.0,1,1,1,0
25,0,salaried,other,general,2.5,1,0,secondary,post_matric_sc,0.0,1,2,1,0
25,0,salaried,other,general,2.5,1,0,secondary,eklavya_model_school,0.0,0,3,1,0
25,0,salaried,other,general,2.5,1,0,secondary,indira_gandhi_old_age,0.0,2,1,1,0
54,40000,student,female,general,5,0,0,postgraduate,pm_matru_vandana,100.0,3,0,0,1
54,40000,student,female,general,5,0,0,postgraduate,mahila_shakti_kendra,100.0,2,0,0,1
54,40000,student,female,general,5,0,0,postgraduate,pm_suraksha_bima,100.0,2,0,0,1
54,40000,student,female,general,5,0,0,postgraduate,pm_scholarship_scheme,83.3,2,1,0,1
54,40000,student,female,general,5,0,0,postgraduate,mgnregs,66.7,2,1,0,1
54,40000,student,female,general,5,0,0,postgraduate,national_scholarship_portal,62.5,2,2,0,0
54,40000,student,female,general,5,0,0,postgraduate,pm_kisan,0.0,3,1,1,0
54,40000,student,female,general,5,0,0,postgraduate,pm_fasal_bima,0.0,2,1,1,0
54,40000,student,female,general,5,0,0,postgraduate,kisan_credit_card,0.0,2,1,1,0
54,40000,student,female,general,5,0,0,postgraduate,ayushman_bharat,0.0,1,1,1,0
54,40000,student,female,general,5,0,0,postgraduate,pm_jeevan_jyoti,0.0,1,1,1,0
54,40000,student,female,general,5,0,0,postgraduate,pm_awas_yojana_gramin,0.0,2,2,1,0
54,40000,student,female,general,5,0,0,postgraduate,pm_mudra_yojana,0.0,2,1,1,0
54,40000,student,female,general,5,0,0,postgraduate,startup_india_seed_fund,0.0,0,2,1,0
54,40000,student,female,general,5,0,0,postgraduate,deen_dayal_disability,0.0,1,1,1,0
54,40000,student,female,general,5,0,0,postgraduate,post_matric_sc,0.0,2,1,1,0
54,40000,student,female,general,5,0,0,postgraduate,eklavya_model_school,0.0,1,2,1,0
54,40000,student,female,general,5,0,0,postgraduate,indira_gandhi_old_age,0.0,1,2,1,0
49,90000,unemployed,female,st,0,1,0,primary,pm_matru_vandana,100.0,3,0,0,1
49,90000,unemployed,female,st,0,1,0,primary,mahila_shakti_kendra,100.0,2,0,0,1
49,90000,unemployed,female,st,0,1,0,primary,ayushman_bharat,100.0,2,0,0,0
49,90000,unemployed,female,st,0,1,0,primary,pm_suraksha_bima,100.0,2,0,0,1
49,90000,unemployed,female,st,0,1,0,primary,pm_jeevan_jyoti,100.0,2,0,0,1
49,90000,unemployed,female,st,0,1,0,primary,pm_awas_yojana_gramin,100.0,4,0,0,1
49,90000,unemployed,female,st,0,1,0,primary,mgnregs,100.0,3,0,0,1
49,90000,unemployed,female,st,0,1,0,primary,pm_kisan,0.0,3,1,1,0
49,90000,unemployed,female,st,0,1,0,primary,pm_fasal_bima,0.0,1,2,1,0
49,90000,unemployed,female,st,0,1,0,primary,kisan_credit_card,0.0,1,2,1,0
49,90000,unemployed,female,st,0,1,0,primary,national_scholarship_portal,0.0,2,2,1,0
49,90000,unemployed,female,st,0,1,0,primary,pm_scholarship_scheme,0.0,1,2,1,0
49,90000,unemployed,female,st,0,1,0,primary,pm_mudra_yojana,0.0,2,1,1,0
49,90000,unemployed,female,st,0,1,0,primary,startup_india_seed_fund,0.0,1,1,1,0
49,90000,unemployed,female,st,0,1,0,primary,deen_dayal_disability,0.0,1,1,1,0
49,90000,unemployed,female,st,0,1,0,primary,post_matric_sc,0.0,1,2,1,0
49,90000,unemployed,female,st,0,1,0,primary,eklavya_model_school,0.0,1,2,1,0
49,90000,unemployed,female,st,0,1,0,primary,indira_gandhi_old_age,0.0,2,1,1,0
68,90000,student,male,obc,0,1,0,graduate,ayushman_bharat,100.0,2,0,0,1
68,90000,student,male,obc,0,1,0,graduate,pm_suraksha_bima,100.0,2,0,0,0
68,90000,student,male,obc,0,1,0,graduate,pm_awas_yojana_gramin,100.0,4,0,0,1
68,90000,student,male,obc,0,1,0,graduate,indira_gandhi_old_age,100.0,3,0,0,1
68,90000,student,male,obc,0,1,0,graduate,national_scholarship_portal,87.5,3,1,0,1
68,90000,student,male,obc,0,1,0,graduate,pm_scholarship_scheme,83.3,2,1,0,1
68,90000,student,male,obc,0,1,0,graduate,mgnregs,66.7,2,1,0,1
68,90000,student,male,obc,0,1,0,graduate,pm_kisan,0.0,3,1,1,0
68,90000,student,male,obc,0,1,0,graduate,pm_fasal_bima,0.0,1,2,1,0
68,90000,student,male,obc,0,1,0,graduate,kisan_credit_card,0.0,1,2,1,0
68,90000,student,male,obc,0,1,0,graduate,pm_matru_vandana,0.0,2,1,1,0
68,90000,student,male,obc,0,1,0,graduate,mahila_shakti_kendra,0.0,1,1,1,0
68,90000,student,male,obc,0,1,0,graduate,pm_jeevan_jyoti,0.0,1,1,1,0
68,90000,student,male,obc,0,1,0,graduate,pm_mudra_yojana,0.0,1,2,1,0
68,90000,student,male,obc,0,1,0,graduate,startup_india_seed_fund,0.0,0,2,1,0
68,90000,student,male,obc,0,1,0,graduate,deen_dayal_disability,0.0,1,1,1,0
68,90000,student,male,obc,0,1,0,graduate,post_matric_sc,0.0,2,1,1,0
68,90000,student,male,obc,0,1,0,graduate,eklavya_model_school,0.0,1,2,1,0
24,250000,self_employed,other,st,8,0,0,none,pm_suraksha_bima,100.0,2,0,0,0
24,250000,self_employed,other,st,8,0,0,none,pm_jeevan_jyoti,100.0,2,0,0,1
24,250000,self_employed,other,st,8,0,0,none,pm_mudra_yojana,100.0,3,0,0,1
24,250000,self_employed,other,st,8,0,0,none,startup_india_seed_fund,100.0,2,0,0,1
24,250000,self_employed,other,st,8,0,0,none,mgnregs,66.7,2,1,0,1
24,250000,self_employed,other,st,8,0,0,none,pm_kisan,0.0,1,3,1,0
24,250000,self_employed,other,st,8,0,0,none,pm_fasal_bima,0.0,2,1,1,0
24,250000,self_employed,other,st,8,0,0,none,kisan_credit_card,0.0,2,1,1,0
24,250000,self_employed,other,st,8,0,0,none,pm_matru_vandana,0.0,2,1,1,0
24,250000,self_employed,other,st,8,0,0,none,mahila_shakti_kendra,0.0,1,1,1,0
24,250000,self_employed,other,st,8,0,0,none,national_scholarship_portal,0.0,3,1,1,0
24,250000,self_employed,other,st,8,0,0,none,pm_scholarship_scheme,0.0,2,1,1,0
24,250000,self_employed,other,st,8,0,0,none,ayushman_bharat,0.0,0,2,1,0
24,250000,self_employed,other,st,8,0,0,none,pm_awas_yojana_gramin,0.0,2,2,1,0
24,250000,self_employed,other,st,8,0,0,none,deen_dayal_disability,0.0,1,1,1,0
24,250000,self_employed,other,st,8,0,0,none,post_matric_sc,0.0,1,2,1,0
24,250000,self_employed,other,st,8,0,0,none,eklavya_model_school,0.0,1,2,1,0
24,250000,self_employed,other,st,8,0,0,none,indira_gandhi_old_age,0.0,0,3,1,0
40,250000,farmer,other,st,2.5,0,0,primary,pm_fasal_bima,100.0,3,0,0,0
40,250000,farmer,other,st,2.5,0,0,primary,kisan_credit_card,100.0,3,0,0,1
40,250000,farmer,other,st,2.5,0,0,primary,pm_suraksha_bima,100.0,2,0,0,1
40,250000,farmer,other,st,2.5,0,0,primary,pm_jeevan_jyoti,100.0,2,0,0,1
40,250000,farmer,other,st,2.5,0,0,primary,pm_kisan,75.0,3,1,0,1
40,250000,farmer,other,st,2.5,0,0,primary,mgnregs,66.7,2,1,0,1
40,250000,farmer,other,st,2.5,0,0,primary,pm_matru_vandana,0.0,2,1,1,0
40,250000,farmer,other,st,2.5,0,0,primary,mahila_shakti_kendra,0.0,1,1,1,0
40,250000,farmer,other,st,2.5,0,0,primary,national_scholarship_portal,0.0,2,2,1,0
40,250000,farmer,other,st,2.5,0,0,primary,pm_scholarship_scheme,0.0,1,2,1,0
40,250000,farmer,other,st,2.5,0,0,primary,ayushman_bharat,0.0,0,2,1,0
40,250000,farmer,other,st,2.5,0,0,primary,pm_awas_yojana_gramin,0.0,3,1,1,0
40,250000,farmer,other,st,2.5,0,0,primary,pm_mudra_yojana,0.0,2,1,1,0
40,250000,farmer,other,st,2.5,0,0,primary,startup_india_seed_fund,0.0,1,1,1,0
40,250000,farmer,other,st,2.5,0,0,primary,deen_dayal_disability,0.0,1,1,1,0
40,250000,farmer,other,st,2.5,0,0,primary,post_matric_sc,0.0,1,2,1,0
40,250000,farmer,other,st,2.5,0,0,primary,eklavya_model_school,0.0,1,2,1,0
40,250000,farmer,other,st,2.5,0,0,primary,indira_gandhi_old_age,0.0,0,3,1,0
40,800000,unemployed,female,obc,2.5,0,0,none,pm_matru_vandana,100.0,3,0,0,1
40,800000,unemployed,female,obc,2.5,0,0,none,pm_suraksha_bima,66.7,1,1,0,1
40,800000,unemployed,female,obc,2.5,0,0,none,pm_jeevan_jyoti,66.7,1,1,0,1
40,800000,unemployed,female,obc,2.5,0,0,none,mgnregs,66.7,2,1,0,1
40,800000,unemployed,female,obc,2.5,0,0,none,mahila_shakti_kendra,60.0,1,1,0,0
40,800000,unemployed,female,obc,2.5,0,0,none,pm_kisan,0.0,2,2,1,0
40,800000,unemployed,female,obc,2.5,0,0,none,pm_fasal_bima,0.0,2,1,1,0
40,800000,unemployed,female,obc,2.5,0,0,none,kisan_credit_card,0.0,2,1,1,0
40,800000,unemployed,female,obc,2.5,0,0,none,national_scholarship_portal,0.0,1,3,1,0
40,800000,unemployed,female,obc,2.5,0,0,none,pm_scholarship_scheme,0.0,0,3,1,0
40,800000,unemployed,female,obc,2.5,0,0,none,ayushman_bharat,0.0,0,2,1,0
40,800000,unemployed,female,obc,2.5,0,0,none,pm_awas_yojana_gramin,0.0,2,2,1,0
40,800000,unemployed,female,obc,2.5,0,0,none,pm_mudra_yojana,0.0,2,1,1,0
40,800000,unemployed,female,obc,2.5,0,0,none,startup_india_seed_fund,0.0,1,1,1,0
40,800000,unemployed,female,obc,2.5,0,0,none,deen_dayal_disability,0.0,0,2,1,0
40,800000,unemployed,female,obc,2.5,0,0,none,post_matric_sc,0.0,0,3,1,0
40,800000,unemployed,female,obc,2.5,0,0,none,eklavya_model_school,0.0,0,3,1,0
40,800000,unemployed,female,obc,2.5,0,0,none,indira_gandhi_old_age,0.0,0,3,1,0
37,40000,self_employed,other,sc,8,0,0,secondary,pm_suraksha_bima,100.0,2,0,0,1
37,40000,self_employed,other,sc,8,0,0,secondary,pm_jeevan_jyoti,100.0,2,0,0,0
37,40000,self_employed,other,sc,8,0,0,secondary,mgnregs,100.0,3,0,0,1
37,40000,self_employed,other,sc,8,0,0,secondary,pm_mudra_yojana,100.0,3,0,0,1
37,40000,self_employed,other,sc,8,0,0,secondary,startup_india_seed_fund,100.0,2,0,0,1
37,40000,self_employed,other,sc,8,0,0,secondary,pm_kisan,0.0,2,2,1,0
37,40000,self_employed,other,sc,8,0,0,secondary,pm_fasal_bima,0.0,2,1,1,0
37,40000,self_employed,other,sc,8,0,0,secondary,kisan_credit_card,0.0,2,1,1,0
37,40000,self_employed,other,sc,8,0,0,secondary,pm_matru_vandana,0.0,2,1,1,0
37,40000,self_employed,other,sc,8,0,0,secondary,mahila_shakti_kendra,0.0,1,1,1,0
37,40000,self_employed,other,sc,8,0,0,secondary,national_scholarship_portal,0.0,2,2,1,0
37,40000,self_employed,other,sc,8,0,0,secondary,pm_scholarship_scheme,0.0,1,2,1,0
37,40000,self_employed,other,sc,8,0,0,secondary,ayushman_bharat,0.0,1,1,1,0
37,40000,self_employed,other,sc,8,0,0,secondary,pm_awas_yojana_gramin,0.0,2,2,1,0
37,40000,self_employed,other,sc,8,0,0,secondary,deen_dayal_disability,0.0,1,1,1,0
37,40000,self_employed,other,sc,8,0,0,secondary,post_matric_sc,0.0,2,1,1,0
37,40000,self_employed,other,sc,8,0,0,secondary,eklavya_model_school,0.0,0,3,1,0
37,40000,self_employed,other,sc,8,0,0,secondary,indira_gandhi_old_age,0.0,1,2,1,0
65,1500000,salaried,male,obc,5,1,0,none,indira_gandhi_old_age,75.0,2,1,0,0
65,1500000,salaried,male,obc,5,1,0,none,pm_suraksha_bima,66.7,1,1,0,1
65,1500000,salaried,male,obc,5,1,0,none,ayushman_bharat,60.0,1,1,0,0
65,1500000,salaried,male,obc,5,1,0,none,pm_awas_yojana_gramin,57.1,2,2,0,1
65,1500000,salaried,male,obc,5,1,0,none,mgnregs,33.3,1,2,0,0
65,1500000,salaried,male,obc,5,1,0,none,pm_kisan,0.0,2,2,1,0
65,1500000,salaried,male,obc,5,1,0,none,pm_fasal_bima,0.0,2,1,1,0
65,1500000,salaried,male,obc,5,1,0,none,kisan_credit_card,0.0,2,1,1,0
65,1500000,salaried,male,obc,5,1,0,none,pm_matru_vandana,0.0,1,2,1,0
65,1500000,salaried,male,obc,5,1,0,none,mahila_shakti_kendra,0.0,0,2,1,0
65,1500000,salaried,male,obc,5,1,0,none,national_scholarship_portal,0.0,1,3,1,0
65,1500000,salaried,male,obc,5,1,0,none,pm_scholarship_scheme,0.0,0,3,1,0
65,1500000,salaried,male,obc,5,1,0,none,pm_jeevan_jyoti,0.0,0,2,1,0
65,1500000,salaried,male,obc,5,1,0,none,pm_mudra_yojana,0.0,1,2,1,0
65,1500000,salaried,male,obc,5,1,0,none,startup_india_seed_fund,0.0,0,2,1,0
65,1500000,salaried,male,obc,5,1,0,none,deen_dayal_disability,0.0,0,2,1,0
65,1500000,salaried,male,obc,5,1,0,none,post_matric_sc,0.0,0,3,1,0
65,1500000,salaried,male,obc,5,1,0,none,eklavya_model_school,0.0,0,3,1,0
56,1500000,daily_wage,other,st,1,0,0,graduate,pm_suraksha_bima,66.7,1,1,0,1
56,1500000,daily_wage,other,st,1,0,0,graduate,mgnregs,66.7,2,1,0,0
56,1500000,daily_wage,other,st,1,0,0,graduate,pm_kisan,0.0,2,2,1,0
56,1500000,daily_wage,other,st,1,0,0,graduate,pm_fasal_bima,0.0,2,1,1,0
56,1500000,daily_wage,other,st,1,0,0,graduate,kisan_credit_card,0.0,2,1,1,0
56,1500000,daily_wage,other,st,1,0,0,graduate,pm_matru_vandana,0.0,1,2,1,0
56,1500000,daily_wage,other,st,1,0,0,graduate,mahila_shakti_kendra,0.0,0,2,1,0
56,1500000,daily_wage,other,st,1,0,0,graduate,national_scholarship_portal,0.0,1,3,1,0
56,1500000,daily_wage,other,st,1,0,0,graduate,pm_scholarship_scheme,0.0,0,3,1,0
56,1500000,daily_wage,other,st,1,0,0,graduate,ayushman_bharat,0.0,0,2,1,0
56,1500000,daily_wage,other,st,1,0,0,graduate,pm_jeevan_jyoti,0.0,0,2,1,0
56,1500000,daily_wage,other,st,1,0,0,graduate,pm_awas_yojana_gramin,0.0,2,2,1,0
56,1500000,daily_wage,other,st,1,0,0,graduate,pm_mudra_yojana,0.0,1,2,1,0
56,1500000,daily_wage,other,st,1,0,0,graduate,startup_india_seed_fund,0.0,0,2,1,0
56,1500000,daily_wage,other,st,1,0,0,graduate,deen_dayal_disability,0.0,0,2,1,0
56,1500000,daily_wage,other,st,1,0,0,graduate,post_matric_sc,0.0,0,3,1,0
56,1500000,daily_wage,other,st,1,0,0,graduate,eklavya_model_school,0.0,1,2,1,0
56,1500000,daily_wage,other,st,1,0,0,graduate,indira_gandhi_old_age,0.0,0,3,1,0
78,150000,self_employed,female,general,0.5,1,0,postgraduate,pm_matru_vandana,100.0,3,0,0,1
78,150000,self_employed,female,general,0.5,1,0,postgraduate,mahila_shakti_kendra,100.0,2,0,0,1
78,150000,self_employed,female,general,0.5,1,0,postgraduate,pm_awas_yojana_gramin,100.0,4,0,0,1
78,150000,self_employed,female,general,0.5,1,0,postgraduate,mgnregs,100.0,3,0,0,1
78,150000,self_employed,female,general,0.5,1,0,postgraduate,startup_india_seed_fund,75.0,1,1,0,1
78,150000,self_employed,female,general,0.5,1,0,postgraduate,indira_gandhi_old_age,75.0,2,1,0,1
78,150000,self_employed,female,general,0.5,1,0,postgraduate,ayushman_bharat,60.0,1,1,0,0
78,150000,self_employed,female,general,0.5,1,0,postgraduate,pm_kisan,0.0,3,1,1,0
78,150000,self_employed,female,general,0.5,1,0,postgraduate,pm_fasal_bima,0.0,2,1,1,0
78,150000,self_employed,female,general,0.5,1,0,postgraduate,kisan_credit_card,0.0,1,2,1,0
78,150000,self_employed,female,general,0.5,1,0,postgraduate,national_scholarship_portal,0.0,1,3,1,0
78,150000,self_employed,female,general,0.5,1,0,postgraduate,pm_scholarship_scheme,0.0,1,2,1,0
78,150000,self_employed,female,general,0.5,1,0,postgraduate,pm_suraksha_bima,0.0,1,1,1,0
78,150000,self_employed,female,general,0.5,1,0,postgraduate,pm_jeevan_jyoti,0.0,1,1,1,0
78,150000,self_employed,female,general,0.5,1,0,postgraduate,pm_mudra_yojana,0.0,2,1,1,0
78,150000,self_employed,female,general,0.5,1,0,postgraduate,deen_dayal_disability,0.0,1,1,1,0
78,150000,self_employed,female,general,0.5,1,0,postgraduate,post_matric_sc,0.0,1,2,1,0
78,150000,self_employed,female,general,0.5,1,0,postgraduate,eklavya_model_school,0.0,0,3,1,0
64,1500000,farmer,female,sc,8,0,0,postgraduate,pm_fasal_bima,100.0,3,0,0,1
64,1500000,farmer,female,sc,8,0,0,postgraduate,kisan_credit_card,100.0,3,0,0,1
64,1500000,farmer,female,sc,8,0,0,postgraduate,pm_matru_vandana,83.3,2,1,0,1
64,1500000,farmer,female,sc,8,0,0,postgraduate,pm_suraksha_bima,66.7,1,1,0,0
64,1500000,farmer,female,sc,8,0,0,postgraduate,mgnregs,66.7,2,1,0,0
64,1500000,farmer,female,sc,8,0,0,postgraduate,mahila_shakti_kendra,60.0,1,1,0,0
64,1500000,farmer,female,sc,8,0,0,postgraduate,pm_kisan,50.0,2,2,0,0
64,1500000,farmer,female,sc,8,0,0,postgraduate,national_scholarship_portal,0.0,1,3,1,0
64,1500000,farmer,female,sc,8,0,0,postgraduate,pm_scholarship_scheme,0.0,0,3,1,0
64,1500000,farmer,female,sc,8,0,0,postgraduate,ayushman_bharat,0.0,0,2,1,0
64,1500000,farmer,female,sc,8,0,0,postgraduate,pm_jeevan_jyoti,0.0,0,2,1,0
64,1500000,farmer,female,sc,8,0,0,postgraduate,pm_awas_yojana_gramin,0.0,1,3,1,0
64,1500000,farmer,female,sc,8,0,0,postgraduate,pm_mudra_yojana,0.0,1,2,1,0
64,1500000,farmer,female,sc,8,0,0,postgraduate,startup_india_seed_fund,0.0,0,2,1,0
64,1500000,farmer,female,sc,8,0,0,postgraduate,deen_dayal_disability,0.0,0,2,1,0
64,1500000,farmer,female,sc,8,0,0,postgraduate,post_matric_sc,0.0,1,2,1,0
64,1500000,farmer,female,sc,8,0,0,postgraduate,eklavya_model_school,0.0,0,3,1,0
64,1500000,farmer,female,sc,8,0,0,postgraduate,indira_gandhi_old_age,0.0,1,2,1,0
26,800000,student,female,obc,0.5,0,0,secondary,pm_matru_vandana,100.0,3,0,0,1
26,800000,student,female,obc,0.5,0,0,secondary,national_scholarship_portal,75.0,3,1,0,0
26,800000,student,female,obc,0.5,0,0,secondary,pm_suraksha_bima,66.7,1,1,0,1
26,800000,student,female,obc,0.5,0,0,secondary,pm_jeevan_jyoti,66.7,1,1,0,0
26,800000,student,female,obc,0.5,0,0,secondary,mahila_shakti_kendra,60.0,1,1,0,1
26,800000,student,female,obc,0.5,0,0,secondary,pm_scholarship_scheme,50.0,1,2,0,0
26,800000,student,female,obc,0.5,0,0,secondary,mgnregs,33.3,1,2,0,0
26,800000,student,female,obc,0.5,0,0,secondary,pm_kisan,0.0,2,2,1,0
26,800000,student,female,obc,0.5,0,0,secondary,pm_fasal_bima,0.0,2,1,1,0
26,800000,student,female,obc,0.5,0,0,secondary,kisan_credit_card,0.0,2,1,1,0
26,800000,student,female,obc,0.5,0,0,secondary,ayushman_bharat,0.0,0,2,1,0
26,800000,student,female,obc,0.5,0,0,secondary,pm_awas_yojana_gramin,0.0,2,2,1,0
26,800000,student,female,obc,0.5,0,0,secondary,pm_mudra_yojana,0.0,2,1,1,0
26,800000,student,female,obc,0.5,0,0,secondary,startup_india_seed_fund,0.0,1,1,1,0
26,800000,student,female,obc,0.5,0,0,secondary,deen_dayal_disability,0.0,0,2,1,0
26,800000,student,female,obc,0.5,0,0,secondary,post_matric_sc,0.0,1,2,1,0
26,800000,student,female,obc,0.5,0,0,secondary,eklavya_model_school,0.0,1,2,1,0
26,800000,student,female,obc,0.5,0,0,secondary,indira_gandhi_old_age,0.0,0,3,1,0
47,150000,other,male,obc,0,0,0,primary,pm_suraksha_bima,100.0,2,0,0,1
47,150000,other,male,obc,0,0,0,primary,pm_jeevan_jyoti,100.0,2,0,0,1
47,150000,other,male,obc,0,0,0,primary,mgnregs,100.0,3,0,0,1
47,150000,other,male,obc,0,0,0,primary,pm_kisan,0.0,3,1,1,0
47,150000,other,male,obc,0,0,0,primary,pm_fasal_bima,0.0,1,2,1,0
47,150000,other,male,obc,0,0,0,primary,kisan_credit_card,0.0,1,2,1,0
47,150000,other,male,obc,0,0,0,primary,pm_matru_vandana,0.0,2,1,1,0
47,150000,other,male,obc,0,0,0,primary,mahila_shakti_kendra,0.0,1,1,1,0
47,150000,other,male,obc,0,0,0,primary,national_scholarship_portal,0.0,2,2,1,0
47,150000,other,male,obc,0,0,0,primary,pm_scholarship_scheme,0.0,1,2,1,0
47,150000,other,male,obc,0,0,0,primary,ayushman_bharat,0.0,0,2,1,0
47,150000,other,male,obc,0,0,0,primary,pm_awas_yojana_gramin,0.0,3,1,1,0
47,150000,other,male,obc,0,0,0,primary,pm_mudra_yojana,0.0,2,1,1,0
47,150000,other,male,obc,0,0,0,primary,startup_india_seed_fund,0.0,1,1,1,0
47,150000,other,male,obc,0,0,0,primary,deen_dayal_disability,0.0,1,1,1,0
47,150000,other,male,obc,0,0,0,primary,post_matric_sc,0.0,1,2,1,0
47,150000,other,male,obc,0,0,0,primary,eklavya_model_school,0.0,0,3,1,0
47,150000,other,male,obc,0,0,0,primary,indira_gandhi_old_age,0.0,0,3,1,0
36,250000,farmer,other,general,2.5,0,0,graduate,pm_fasal_bima,100.0,3,0,0,1
36,250000,farmer,other,general,2.5,0,0,graduate,kisan_credit_card,100.0,3,0,0,1
36,250000,farmer,other,general,2.5,0,0,graduate,pm_suraksha_bima,100.0,2,0,0,1
36,250000,farmer,other,general,2.5,0,0,graduate,pm_jeevan_jyoti,100.0,2,0,0,1
36,250000,farmer,other,general,2.5,0,0,graduate,pm_kisan,75.0,3,1,0,1
36,250000,farmer,other,general,2.5,0,0,graduate,mgnregs,66.7,2,1,0,1
36,250000,farmer,other,general,2.5,0,0,graduate,pm_matru_vandana,0.0,2,1,1,0
36,250000,farmer,other,general,2.5,0,0,graduate,mahila_shakti_kendra,0.0,1,1,1,0
36,250000,farmer,other,general,2.5,0,0,graduate,national_scholarship_portal,0.0,1,3,1,0
36,250000,farmer,other,general,2.5,0,0,graduate,pm_scholarship_scheme,0.0,1,2,1,0
36,250000,farmer,other,general,2.5,0,0,graduate,ayushman_bharat,0.0,0,2,1,0
36,250000,farmer,other,general,2.5,0,0,graduate,pm_awas_yojana_gramin,0.0,3,1,1,0
36,250000,farmer,other,general,2.5,0,0,graduate,pm_mudra_yojana,0.0,2,1,1,0
36,250000,farmer,other,general,2.5,0,0,graduate,startup_india_seed_fund,0.0,1,1,1,0
36,250000,farmer,other,general,2.5,0,0,graduate,deen_dayal_disability,0.0,1,1,1,0
36,250000,farmer,other,general,2.5,0,0,graduate,post_matric_sc,0.0,1,2,1,0
36,250000,farmer,other,general,2.5,0,0,graduate,eklavya_model_school,0.0,0,3,1,0
36,250000,farmer,other,general,2.5,0,0,graduate,indira_gandhi_old_age,0.0,0,3,1,0
63,40000,daily_wage,other,sc,8,0,0,graduate,pm_suraksha_bima,100.0,2,0,0,1
63,40000,daily_wage,other,sc,8,0,0,graduate,mgnregs,100.0,3,0,0,1
63,40000,daily_wage,other,sc,8,0,0,graduate,pm_kisan,0.0,2,2,1,0
63,40000,daily_wage,other,sc,8,0,0,graduate,pm_fasal_bima,0.0,2,1,1,0
63,40000,daily_wage,other,sc,8,0,0,graduate,kisan_credit_card,0.0,2,1,1,0
63,40000,daily_wage,other,sc,8,0,0,graduate,pm_matru_vandana,0.0,2,1,1,0
63,40000,daily_wage,other,sc,8,0,0,graduate,mahila_shakti_kendra,0.0,1,1,1,0
63,40000,daily_wage,other,sc,8,0,0,graduate,national_scholarship_portal,0.0,2,2,1,0
63,40000,daily_wage,other,sc,8,0,0,graduate,pm_scholarship_scheme,0.0,1,2,1,0
63,40000,daily_wage,other,sc,8,0,0,graduate,ayushman_bharat,0.0,1,1,1,0
63,40000,daily_wage,other,sc,8,0,0,graduate,pm_jeevan_jyoti,0.0,1,1,1,0
63,40000,daily_wage,other,sc,8,0,0,graduate,pm_awas_yojana_gramin,0.0,2,2,1,0
63,40000,daily_wage,other,sc,8,0,0,graduate,pm_mudra_yojana,0.0,2,1,1,0
63,40000,daily_wage,other,sc,8,0,0,graduate,startup_india_seed_fund,0.0,0,2,1,0
63,40000,daily_wage,other,sc,8,0,0,graduate,deen_dayal_disability,0.0,1,1,1,0
63,40000,daily_wage,other,sc,8,0,0,graduate,post_matric_sc,0.0,2,1,1,0
63,40000,daily_wage,other,sc,8,0,0,graduate,eklavya_model_school,0.0,0,3,1,0
63,40000,daily_wage,other,sc,8,0,0,graduate,indira_gandhi_old_age,0.0,2,1,1,0
50,1500000,salaried,female,sc,8,1,0,secondary,pm_matru_vandana,83.3,2,1,0,1
50,1500000,salaried,female,sc,8,1,0,secondary,pm_suraksha_bima,66.7,1,1,0,1
50,1500000,salaried,female,sc,8,1,0,secondary,pm_jeevan_jyoti,66.7,1,1,0,0
50,1500000,salaried,female,sc,8,1,0,secondary,mahila_shakti_kendra,60.0,1,1,0,1
50,1500000,salaried,female,sc,8,1,0,secondary,ayushman_bharat,60.0,1,1,0,1
50,1500000,salaried,female,sc,8,1,0,secondary,pm_awas_yojana_gramin,57.1,2,2,0,0
50,1500000,salaried,female,sc,8,1,0,secondary,mgnregs,33.3,1,2,0,1
50,1500000,salaried,female,sc,8,1,0,secondary,pm_kisan,0.0,1,3,1,0
50,1500000,salaried,female,sc,8,1,0,secondary,pm_fasal_bima,0.0,2,1,1,0
50,1500000,salaried,female,sc,8,1,0,secondary,kisan_credit_card,0.0,2,1,1,0
50,1500000,salaried,female,sc,8,1,0,secondary,national_scholarship_portal,0.0,1,3,1,0
50,1500000,salaried,female,sc,8,1,0,secondary,pm_scholarship_scheme,0.0,0,3,1,0
50,1500000,salaried,female,sc,8,1,0,secondary,pm_mudra_yojana,0.0,1,2,1,0
50,1500000,salaried,female,sc,8,1,0,secondary,startup_india_seed_fund,0.0,1,1,1,0
50,1500000,salaried,female,sc,8,1,0,secondary,deen_dayal_disability,0.0,0,2,1,0
50,1500000,salaried,female,sc,8,1,0,secondary,post_matric_sc,0.0,1,2,1,0
50,1500000,salaried,female,sc,8,1,0,secondary,eklavya_model_school,0.0,0,3,1,0
50,1500000,salaried,female,sc,8,1,0,secondary,indira_gandhi_old_age,0.0,1,2,1,0
40,40000,student,other,st,2.5,0,0,graduate,pm_suraksha_bima,100.0,2,0,0,1
40,40000,student,other,st,2.5,0,0,graduate,pm_jeevan_jyoti,100.0,2,0,0,1
40,40000,student,other,st,2.5,0,0,graduate,national_scholarship_portal,87.5,3,1,0,1
40,40000,student,other,st,2.5,0,0,graduate,pm_scholarship_scheme,83.3,2,1,0,1
40,40000,student,other,st,2.5,0,0,graduate,eklavya_model_school,83.3,2,1,0,1
40,40000,student,other,st,2.5,0,0,graduate,mgnregs,66.7,2,1,0,0
40,40000,student,other,st,2.5,0,0,graduate,pm_kisan,0.0,3,1,1,0
40,40000,student,other,st,2.5,0,0,graduate,pm_fasal_bima,0.0,2,1,1,0
40,40000,student,other,st,2.5,0,0,graduate,kisan_credit_card,0.0,2,1,1,0
40,40000,student,other,st,2.5,0,0,graduate,pm_matru_vandana,0.0,2,1,1,0
40,40000,student,other,st,2.5,0,0,graduate,mahila_shakti_kendra,0.0,1,1,1,0
40,40000,student,other,st,2.5,0,0,graduate,ayushman_bharat,0.0,1,1,1,0
40,40000,student,other,st,2.5,0,0,graduate,pm_awas_yojana_gramin,0.0,3,1,1,0
40,40000,student,other,st,2.5,0,0,graduate,pm_mudra_yojana,0.0,2,1,1,0
40,40000,student,other,st,2.5,0,0,graduate,startup_india_seed_fund,0.0,1,1,1,0
40,40000,student,other,st,2.5,0,0,graduate,deen_dayal_disability,0.0,1,1,1,0
40,40000,student,other,st,2.5,0,0,graduate,post_matric_sc,0.0,2,1,1,0
40,40000,student,other,st,2.5,0,0,graduate,indira_gandhi_old_age,0.0,1,2,1,0
50,250000,self_employed,male,general,0,0,0,primary,pm_suraksha_bima,100.0,2,0,0,1
50,250000,self_employed,male,general,0,0,0,primary,pm_jeevan_jyoti,100.0,2,0,0,0
50,250000,self_employed,male,general,0,0,0,primary,pm_mudra_yojana,100.0,3,0,0,1
50,250000,self_employed,male,general,0,0,0,primary,startup_india_seed_fund,100.0,2,0,0,1
50,250000,self_employed,male,general,0,0,0,primary,mgnregs,66.7,2,1,0,1
50,250000,self_employed,male,general,0,0,0,primary,pm_kisan,0.0,2,2,1,0
50,250000,self_employed,male,general,0,0,0,primary,pm_fasal_bima,0.0,1,2,1,0
50,250000,self_employed,male,general,0,0,0,primary,kisan_credit_card,0.0,1,2,1,0
50,250000,self_employed,male,general,0,0,0,primary,pm_matru_vandana,0.0,2,1,1,0
50,250000,self_employed,male,general,0,0,0,primary,mahila_shakti_kendra,0.0,1,1,1,0
50,250000,self_employed,male,general,0,0,0,primary,national_scholarship_portal,0.0,1,3,1,0
50,250000,self_employed,male,general,0,0,0,primary,pm_scholarship_scheme,0.0,1,2,1,0
50,250000,self_employed,male,general,0,0,0,primary,ayushman_bharat,0.0,0,2,1,0
50,250000,self_employed,male,general,0,0,0,primary,pm_awas_yojana_gramin,0.0,3,1,1,0
50,250000,self_employed,male,general,0,0,0,primary,deen_dayal_disability,0.0,1,1,1,0
50,250000,self_employed,male,general,0,0,0,primary,post_matric_sc,0.0,1,2,1,0
50,250000,self_employed,male,general,0,0,0,primary,eklavya_model_school,0.0,0,3,1,0
50,250000,self_employed,male,general,0,0,0,primary,indira_gandhi_old_age,0.0,0,3,1,0
17,90000,self_employed,male,general,0.5,0,0,graduate,startup_india_seed_fund,75.0,1,1,0,1
17,90000,self_employed,male,general,0.5,0,0,graduate,pm_kisan,0.0,2,2,1,0
17,90000,self_employed,male,general,0.5,0,0,graduate,pm_fasal_bima,0.0,1,2,1,0
17,90000,self_employed,male,general,0.5,0,0,graduate,kisan_credit_card,0.0,1,2,1,0
17,90000,self_employed,male,general,0.5,0,0,graduate,pm_matru_vandana,0.0,1,2,1,0
17,90000,self_employed,male,general,0.5,0,0,graduate,mahila_shakti_kendra,0.0,1,1,1,0
17,90000,self_employed,male,general,0.5,0,0,graduate,national_scholarship_portal,0.0,2,2,1,0
17,90000,self_employed,male,general,0.5,0,0,graduate,pm_scholarship_scheme,0.0,1,2,1,0
17,90000,self_employed,male,general,0.5,0,0,graduate,ayushman_bharat,0.0,1,1,1,0
17,90000,self_employed,male,general,0.5,0,0,graduate,pm_suraksha_bima,0.0,1,1,1,0
17,90000,self_employed,male,general,0.5,0,0,graduate,pm_jeevan_jyoti,0.0,1,1,1,0
17,90000,self_employed,male,general,0.5,0,0,graduate,pm_awas_yojana_gramin,0.0,2,2,1,0
17,90000,self_employed,male,general,0.5,0,0,graduate,mgnregs,0.0,2,1,1,0
17,90000,self_employed,male,general,0.5,0,0,graduate,pm_mudra_yojana,0.0,2,1,1,0
17,90000,self_employed,male,general,0.5,0,0,graduate,deen_dayal_disability,0.0,1,1,1,0
17,90000,self_employed,male,general,0.5,0,0,graduate,post_matric_sc,0.0,1,2,1,0
17,90000,self_employed,male,general,0.5,0,0,graduate,eklavya_model_school,0.0,1,2,1,0
17,90000,self_employed,male,general,0.5,0,0,graduate,indira_gandhi_old_age,0.0,1,2,1,0
76,1500000,salaried,female,obc,0.5,0,0,none,pm_matru_vandana,83.3,2,1,0,1
76,1500000,salaried,female,obc,0.5,0,0,none,mahila_shakti_kendra,60.0,1,1,0,1
76,1500000,salaried,female,obc,0.5,0,0,none,mgnregs,33.3,1,2,0,0
76,1500000,salaried,female,obc,0.5,0,0,none,pm_kisan,0.0,2,2,1,0
76,1500000,salaried,female,obc,0.5,0,0,none,pm_fasal_bima,0.0,2,1,1,0
76,1500000,salaried,female,obc,0.5,0,0,none,kisan_credit_card,0.0,1,2,1,0
76,1500000,salaried,female,obc,0.5,0,0,none,national_scholarship_portal,0.0,1,3,1,0
76,1500000,salaried,female,obc,0.5,0,0,none,pm_scholarship_scheme,0.0,0,3,1,0
76,1500000,salaried,female,obc,0.5,0,0,none,ayushman_bharat,0.0,0,2,1,0
76,1500000,salaried,female,obc,0.5,0,0,none,pm_suraksha_bima,0.0,0,2,1,0
76,1500000,salaried,female,obc,0.5,0,0,none,pm_jeevan_jyoti,0.0,0,2,1,0
76,1500000,salaried,female,obc,0.5,0,0,none,pm_awas_yojana_gramin,0.0,2,2,1,0
76,1500000,salaried,female,obc,0.5,0,0,none,pm_mudra_yojana,0.0,0,3,1,0
76,1500000,salaried,female,obc,0.5,0,0,none,startup_india_seed_fund,0.0,0,2,1,0
76,1500000,salaried,female,obc,0.5,0,0,none,deen_dayal_disability,0.0,0,2,1,0
76,1500000,salaried,female,obc,0.5,0,0,none,post_matric_sc,0.0,0,3,1,0
76,1500000,salaried,female,obc,0.5,0,0,none,eklavya_model_school,0.0,0,3,1,0
76,1500000,salaried,female,obc,0.5,0,0,none,indira_gandhi_old_age,0.0,1,2,1,0
26,150000,farmer,other,st,2.5,0,0,postgraduate,pm_kisan,100.0,4,0,0,1
26,150000,farmer,other,st,2.5,0,0,postgraduate,pm_fasal_bima,100.0,3,0,0,0
26,150000,farmer,other,st,2.5,0,0,postgraduate,kisan_credit_card,100.0,3,0,0,1
26,150000,farmer,other,st,2.5,0,0,postgraduate,pm_suraksha_bima,100.0,2,0,0,1
26,150000,farmer,other,st,2.5,0,0,postgraduate,pm_jeevan_jyoti,100.0,2,0,0,1
26,150000,farmer,other,st,2.5,0,0,postgraduate,mgnregs,100.0,3,0,0,1
26,150000,farmer,other,st,2.5,0,0,postgraduate,pm_matru_vandana,0.0,2,1,1,0
26,150000,farmer,other,st,2.5,0,0,postgraduate,mahila_shakti_kendra,0.0,1,1,1,0
26,150000,farmer,other,st,2.5,0,0,postgraduate,national_scholarship_portal,0.0,3,1,1,0
26,150000,farmer,other,st,2.5,0,0,postgraduate,pm_scholarship_scheme,0.0,1,2,1,0
26,150000,farmer,other,st,2.5,0,0,postgraduate,ayushman_bharat,0.0,0,2,1,0
26,150000,farmer,other,st,2.5,0,0,postgraduate,pm_awas_yojana_gramin,0.0,3,1,1,0
26,150000,farmer,other,st,2.5,0,0,postgraduate,pm_mudra_yojana,0.0,2,1,1,0
26,150000,farmer,other,st,2.5,0,0,postgraduate,startup_india_seed_fund,0.0,1,1,1,0
26,150000,farmer,other,st,2.5,0,0,postgraduate,deen_dayal_disability,0.0,1,1,1,0
26,150000,farmer,other,st,2.5,0,0,postgraduate,post_matric_sc,0.0,1,2,1,0
26,150000,farmer,other,st,2.5,0,0,postgraduate,eklavya_model_school,0.0,1,2,1,0
26,150000,farmer,other,st,2.5,0,0,postgraduate,indira_gandhi_old_age,0.0,0,3,1,0
36,150000,student,other,general,0,0,0,graduate,pm_suraksha_bima,100.0,2,0,0,1
36,150000,student,other,general,0,0,0,graduate,pm_jeevan_jyoti,100.0,2,0,0,1
36,150000,student,other,general,0,0,0,graduate,pm_scholarship_scheme,83.3,2,1,0,1
36,150000,student,other,general,0,0,0,graduate,mgnregs,66.7,2,1,0,0
36,150000,student,other,general,0,0,0,graduate,national_scholarship_portal,62.5,2,2,0,0
36,150000,student,other,general,0,0,0,graduate,pm_kisan,0.0,3,1,1,0
36,150000,student,other,general,0,0,0,graduate,pm_fasal_bima,0.0,1,2,1,0
36,150000,student,other,general,0,0,0,graduate,kisan_credit_card,0.0,1,2,1,0
36,150000,student,other,general,0,0,0,graduate,pm_matru_vandana,0.0,2,1,1,0
36,150000,student,other,general,0,0,0,graduate,mahila_shakti_kendra,0.0,1,1,1,0
36,150000,student,other,general,0,0,0,graduate,ayushman_bharat,0.0,0,2,1,0
36,150000,student,other,general,0,0,0,graduate,pm_awas_yojana_gramin,0.0,3,1,1,0
36,150000,student,other,general,0,0,0,graduate,pm_mudra_yojana,0.0,2,1,1,0
36,150000,student,other,general,0,0,0,graduate,startup_india_seed_fund,0.0,1,1,1,0
36,150000,student,other,general,0,0,0,graduate,deen_dayal_disability,0.0,1,1,1,0
36,150000,student,other,general,0,0,0,graduate,post_matric_sc,0.0,2,1,1,0
36,150000,student,other,general,0,0,0,graduate,eklavya_model_school,0.0,1,2,1,0
36,150000,student,other,general,0,0,0,graduate,indira_gandhi_old_age,0.0,0,3,1,0
41,800000,farmer,other,obc,0,0,0,none,pm_kisan,75.0,3,1,0,1
41,800000,farmer,other,obc,0,0,0,none,pm_fasal_bima,66.7,2,1,0,1
41,800000,farmer,other,obc,0,0,0,none,kisan_credit_card,66.7,2,1,0,1
41,800000,farmer,other,obc,0,0,0,none,pm_suraksha_bima,66.7,1,1,0,1
41,800000,farmer,other,obc,0,0,0,none,pm_jeevan_jyoti,66.7,1,1,0,1
41,800000,farmer,other,obc,0,0,0,none,mgnregs,66.7,2,1,0,1
41,800000,farmer,other,obc,0,0,0,none,pm_matru_vandana,0.0,2,1,1,0
41,800000,farmer,other,obc,0,0,0,none,mahila_shakti_kendra,0.0,0,2,1,0
41,800000,farmer,other,obc,0,0,0,none,national_scholarship_portal,0.0,1,3,1,0
41,800000,farmer,other,obc,0,0,0,none,pm_scholarship_scheme,0.0,0,3,1,0
41,800000,farmer,other,obc,0,0,0,none,ayushman_bharat,0.0,0,2,1,0
41,800000,farmer,other,obc,0,0,0,none,pm_awas_yojana_gramin,0.0,2,2,1,0
41,800000,farmer,other,obc,0,0,0,none,pm_mudra_yojana,0.0,2,1,1,0
41,800000,farmer,other,obc,0,0,0,none,startup_india_seed_fund,0.0,1,1,1,0
41,800000,farmer,other,obc,0,0,0,none,deen_dayal_disability,0.0,0,2,1,0
41,800000,farmer,other,obc,0,0,0,none,post_matric_sc,0.0,0,3,1,0
41,800000,farmer,other,obc,0,0,0,none,eklavya_model_school,0.0,0,3,1,0
41,800000,farmer,other,obc,0,0,0,none,indira_gandhi_old_age,0.0,0,3,1,0
21,800000,unemployed,female,sc,0,1,0,postgraduate,pm_matru_vandana,100.0,3,0,0,1
21,800000,unemployed,female,sc,0,1,0,postgraduate,pm_awas_yojana_gramin,71.4,3,1,0,1
21,800000,unemployed,female,sc,0,1,0,postgraduate,pm_suraksha_bima,66.7,1,1,0,1
21,800000,unemployed,female,sc,0,1,0,postgraduate,pm_jeevan_jyoti,66.7,1,1,0,0
21,800000,unemployed,female,sc,0,1,0,postgraduate,mgnregs,66.7,2,1,0,0
21,800000,unemployed,female,sc,0,1,0,postgraduate,mahila_shakti_kendra,60.0,1,1,0,1
21,800000,unemployed,female,sc,0,1,0,postgraduate,ayushman_bharat,60.0,1,1,0,1
21,800000,unemployed,female,sc,0,1,0,postgraduate,pm_kisan,0.0,2,2,1,0
21,800000,unemployed,female,sc,0,1,0,postgraduate,pm_fasal_bima,0.0,1,2,1,0
21,800000,unemployed,female,sc,0,1,0,postgraduate,kisan_credit_card,0.0,1,2,1,0
21,800000,unemployed,female,sc,0,1,0,postgraduate,national_scholarship_portal,0.0,2,2,1,0
21,800000,unemployed,female,sc,0,1,0,postgraduate,pm_scholarship_scheme,0.0,1,2,1,0
21,800000,unemployed,female,sc,0,1,0,postgraduate,pm_mudra_yojana,0.0,2,1,1,0
21,800000,unemployed,female,sc,0,1,0,postgraduate,startup_india_seed_fund,0.0,1,1,1,0
21,800000,unemployed,female,sc,0,1,0,postgraduate,deen_dayal_disability,0.0,0,2,1,0
21,800000,unemployed,female,sc,0,1,0,postgraduate,post_matric_sc,0.0,1,2,1,0
21,800000,unemployed,female,sc,0,1,0,postgraduate,eklavya_model_school,0.0,0,3,1,0
21,800000,unemployed,female,sc,0,1,0,postgraduate,indira_gandhi_old_age,0.0,1,2,1,0
58,400000,unemployed,male,obc,1,0,0,graduate,pm_suraksha_bima,100.0,2,0,0,1
58,400000,unemployed,male,obc,1,0,0,graduate,mgnregs,66.7,2,1,0,0
58,400000,unemployed,male,obc,1,0,0,graduate,pm_kisan,0.0,2,2,1,0
58,400000,unemployed,male,obc,1,0,0,graduate,pm_fasal_bima,0.0,2,1,1,0
58,400000,unemployed,male,obc,1,0,0,graduate,kisan_credit_card,0.0,2,1,1,0
58,400000,unemployed,male,obc,1,0,0,graduate,pm_matru_vandana,0.0,2,1,1,0
58,400000,unemployed,male,obc,1,0,0,graduate,mahila_shakti_kendra,0.0,0,2,1,0
58,400000,unemployed,male,obc,1,0,0,graduate,national_scholarship_portal,0.0,1,3,1,0
58,400000,unemployed,male,obc,1,0,0,graduate,pm_scholarship_scheme,0.0,1,2,1,0
58,400000,unemployed,male,obc,1,0,0,graduate,ayushman_bharat,0.0,0,2,1,0
58,400000,unemployed,male,obc,1,0,0,graduate,pm_jeevan_jyoti,0.0,1,1,1,0
58,400000,unemployed,male,obc,1,0,0,graduate,pm_awas_yojana_gramin,0.0,2,2,1,0
58,400000,unemployed,male,obc,1,0,0,graduate,pm_mudra_yojana,0.0,2,1,1,0
58,400000,unemployed,male,obc,1,0,0,graduate,startup_india_seed_fund,0.0,0,2,1,0
58,400000,unemployed,male,obc,1,0,0,graduate,deen_dayal_disability,0.0,0,2,1,0
58,400000,unemployed,male,obc,1,0,0,graduate,post_matric_sc,0.0,0,3,1,0
58,400000,unemployed,male,obc,1,0,0,graduate,eklavya_model_school,0.0,0,3,1,0
58,400000,unemployed,male,obc,1,0,0,graduate,indira_gandhi_old_age,0.0,0,3,1,0
67,0,unemployed,other,st,0,1,0,graduate,ayushman_bharat,100.0,2,0,0,1
67,0,unemployed,other,st,0,1,0,graduate,pm_suraksha_bima,100.0,2,0,0,1
67,0,unemployed,other,st,0,1,0,graduate,pm_awas_yojana_gramin,100.0,4,0,0,1
67,0,unemployed,other,st,0,1,0,graduate,mgnregs,100.0,3,0,0,0
67,0,unemployed,other,st,0,1,0,graduate,indira_gandhi_old_age,100.0,3,0,0,1
67,0,unemployed,other,st,0,1,0,graduate,pm_kisan,0.0,3,1,1,0
67,0,unemployed,other,st,0,1,0,graduate,pm_fasal_bima,0.0,1,2,1,0
67,0,unemployed,other,st,0,1,0,graduate,kisan_credit_card,0.0,1,2,1,0
67,0,unemployed,other,st,0,1,0,graduate,pm_matru_vandana,0.0,2,1,1,0
67,0,unemployed,other,st,0,1,0,graduate,mahila_shakti_kendra,0.0,1,1,1,0
67,0,unemployed,other,st,0,1,0,graduate,national_scholarship_portal,0.0,2,2,1,0
67,0,unemployed,other,st,0,1,0,graduate,pm_scholarship_scheme,0.0,1,2,1,0
67,0,unemployed,other,st,0,1,0,graduate,pm_jeevan_jyoti,0.0,1,1,1,0
67,0,unemployed,other,st,0,1,0,graduate,pm_mudra_yojana,0.0,1,2,1,0
67,0,unemployed,other,st,0,1,0,graduate,startup_india_seed_fund,0.0,0,2,1,0
67,0,unemployed,other,st,0,1,0,graduate,deen_dayal_disability,0.0,1,1,1,0
67,0,unemployed,other,st,0,1,0,graduate,post_matric_sc,0.0,1,2,1,0
67,0,unemployed,other,st,0,1,0,graduate,eklavya_model_school,0.0,1,2,1,0
36,250000,daily_wage,male,st,0,0,0,graduate,pm_suraksha_bima,100.0,2,0,0,1
36,250000,daily_wage,male,st,0,0,0,graduate,pm_jeevan_jyoti,100.0,2,0,0,1
36,250000,daily_wage,male,st,0,0,0,graduate,mgnregs,66.7,2,1,0,1
36,250000,daily_wage,male,st,0,0,0,graduate,pm_kisan,0.0,2,2,1,0
36,250000,daily_wage,male,st,0,0,0,graduate,pm_fasal_bima,0.0,1,2,1,0
36,250000,daily_wage,male,st,0,0,0,graduate,kisan_credit_card,0.0,1,2,1,0
36,250000,daily_wage,male,st,0,0,0,graduate,pm_matru_vandana,0.0,2,1,1,0
36,250000,daily_wage,male,st,0,0,0,graduate,mahila_shakti_kendra,0.0,1,1,1,0
36,250000,daily_wage,male,st,0,0,0,graduate,national_scholarship_portal,0.0,2,2,1,0
36,250000,daily_wage,male,st,0,0,0,graduate,pm_scholarship_scheme,0.0,1,2,1,0
36,250000,daily_wage,male,st,0,0,0,graduate,ayushman_bharat,0.0,0,2,1,0
36,250000,daily_wage,male,st,0,0,0,graduate,pm_awas_yojana_gramin,0.0,3,1,1,0
36,250000,daily_wage,male,st,0,0,0,graduate,pm_mudra_yojana,0.0,2,1,1,0
36,250000,daily_wage,male,st,0,0,0,graduate,startup_india_seed_fund,0.0,1,1,1,0
36,250000,daily_wage,male,st,0,0,0,graduate,deen_dayal_disability,0.0,1,1,1,0
36,250000,daily_wage,male,st,0,0,0,graduate,post_matric_sc,0.0,1,2,1,0
36,250000,daily_wage,male,st,0,0,0,graduate,eklavya_model_school,0.0,1,2,1,0
36,250000,daily_wage,male,st,0,0,0,graduate,indira_gandhi_old_age,0.0,0,3,1,0
77,1500000,student,female,obc,0,0,0,primary,pm_matru_vandana,83.3,2,1,0,0
77,1500000,student,female,obc,0,0,0,primary,national_scholarship_portal,62.5,2,2,0,0
77,1500000,student,female,obc,0,0,0,primary,mahila_shakti_kendra,60.0,1,1,0,0
77,1500000,student,female,obc,0,0,0,primary,pm_scholarship_scheme,50.0,1,2,0,1
77,1500000,student,female,obc,0,0,0,primary,mgnregs,33.3,1,2,0,0
77,1500000,student,female,obc,0,0,0,primary,pm_kisan,0.0,2,2,1,0
77,1500000,student,female,obc,0,0,0,primary,pm_fasal_bima,0.0,1,2,1,0
77,1500000,student,female,obc,0,0,0,primary,kisan_credit_card,0.0,0,3,1,0
77,1500000,student,female,obc,0,0,0,primary,ayushman_bharat,0.0,0,2,1,0
77,1500000,student,female,obc,0,0,0,primary,pm_suraksha_bima,0.0,0,2,1,0
77,1500000,student,female,obc,0,0,0,primary,pm_jeevan_jyoti,0.0,0,2,1,0
77,1500000,student,female,obc,0,0,0,primary,pm_awas_yojana_gramin,0.0,2,2,1,0
77,1500000,student,female,obc,0,0,0,primary,pm_mudra_yojana,0.0,0,3,1,0
77,1500000,student,female,obc,0,0,0,primary,startup_india_seed_fund,0.0,0,2,1,0
77,1500000,student,female,obc,0,0,0,primary,deen_dayal_disability,0.0,0,2,1,0
77,1500000,student,female,obc,0,0,0,primary,post_matric_sc,0.0,1,2,1,0
77,1500000,student,female,obc,0,0,0,primary,eklavya_model_school,0.0,1,2,1,0
77,1500000,student,female,obc,0,0,0,primary,indira_gandhi_old_age,0.0,1,2,1,0
78,90000,salaried,other,st,0.5,0,0,graduate,mgnregs,66.7,2,1,0,0
78,90000,salaried,other,st,0.5,0,0,graduate,pm_kisan,0.0,3,1,1,0
78,90000,salaried,other,st,0.5,0,0,graduate,pm_fasal_bima,0.0,2,1,1,0
78,90000,salaried,other,st,0.5,0,0,graduate,kisan_credit_card,0.0,1,2,1,0
78,90000,salaried,other,st,0.5,0,0,graduate,pm_matru_vandana,0.0,2,1,1,0
78,90000,salaried,other,st,0.5,0,0,graduate,mahila_shakti_kendra,0.0,1,1,1,0
78,90000,salaried,other,st,0.5,0,0,graduate,national_scholarship_portal,0.0,2,2,1,0
78,90000,salaried,other,st,0.5,0,0,graduate,pm_scholarship_scheme,0.0,1,2,1,0
78,90000,salaried,other,st,0.5,0,0,graduate,ayushman_bharat,0.0,1,1,1,0
78,90000,salaried,other,st,0.5,0,0,graduate,pm_suraksha_bima,0.0,1,1,1,0
78,90000,salaried,other,st,0.5,0,0,graduate,pm_jeevan_jyoti,0.0,1,1,1,0
78,90000,salaried,other,st,0.5,0,0,graduate,pm_awas_yojana_gramin,0.0,3,1,1,0
78,90000,salaried,other,st,0.5,0,0,graduate,pm_mudra_yojana,0.0,1,2,1,0
78,90000,salaried,other,st,0.5,0,0,graduate,startup_india_seed_fund,0.0,0,2,1,0
78,90000,salaried,other,st,0.5,0,0,graduate,deen_dayal_disability,0.0,1,1,1,0
78,90000,salaried,other,st,0.5,0,0,graduate,post_matric_sc,0.0,1,2,1,0
78,90000,salaried,other,st,0.5,0,0,graduate,eklavya_model_school,0.0,1,2,1,0
78,90000,salaried,other,st,0.5,0,0,graduate,indira_gandhi_old_age,0.0,2,1,1,0
46,800000,student,female,general,5,0,0,graduate,pm_matru_vandana,100.0,3,0,0,1
46,800000,student,female,general,5,0,0,graduate,pm_suraksha_bima,66.7,1,1,0,1
46,800000,student,female,general,5,0,0,graduate,pm_jeevan_jyoti,66.7,1,1,0,1
46,800000,student,female,general,5,0,0,graduate,mahila_shakti_kendra,60.0,1,1,0,1
46,800000,student,female,general,5,0,0,graduate,pm_scholarship_scheme,50.0,1,2,0,0
46,800000,student,female,general,5,0,0,graduate,national_scholarship_portal,37.5,1,3,0,0
46,800000,student,female,general,5,0,0,graduate,mgnregs,33.3,1,2,0,1
46,800000,student,female,general,5,0,0,graduate,pm_kisan,0.0,2,2,1,0
46,800000,student,female,general,5,0,0,graduate,pm_fasal_bima,0.0,2,1,1,0
46,800000,student,female,general,5,0,0,graduate,kisan_credit_card,0.0,2,1,1,0
46,800000,student,female,general,5,0,0,graduate,ayushman_bharat,0.0,0,2,1,0
46,800000,student,female,general,5,0,0,graduate,pm_awas_yojana_gramin,0.0,1,3,1,0
46,800000,student,female,general,5,0,0,graduate,pm_mudra_yojana,0.0,2,1,1,0
46,800000,student,female,general,5,0,0,graduate,startup_india_seed_fund,0.0,1,1,1,0
46,800000,student,female,general,5,0,0,graduate,deen_dayal_disability,0.0,0,2,1,0
46,800000,student,female,general,5,0,0,graduate,post_matric_sc,0.0,1,2,1,0
46,800000,student,female,general,5,0,0,graduate,eklavya_model_school,0.0,1,2,1,0
46,800000,student,female,general,5,0,0,graduate,indira_gandhi_old_age,0.0,0,3,1,0
35,40000,salaried,female,sc,5,0,1,secondary,pm_matru_vandana,100.0,3,0,0,1
35,40000,salaried,female,sc,5,0,1,secondary,mahila_shakti_kendra,100.0,2,0,0,1
35,40000,salaried,female,sc,5,0,1,secondary,pm_suraksha_bima,100.0,2,0,0,1
35,40000,salaried,female,sc,5,0,1,secondary,pm_jeevan_jyoti,100.0,2,0,0,1
35,40000,salaried,female,sc,5,0,1,secondary,deen_dayal_disability,100.0,2,0,0,1
35,40000,salaried,female,sc,5,0,1,secondary,mgnregs,66.7,2,1,0,0
35,40000,salaried,female,sc,5,0,1,secondary,pm_kisan,0.0,3,1,1,0
35,40000,salaried,female,sc,5,0,1,secondary,pm_fasal_bima,0.0,2,1,1,0
35,40000,salaried,female,sc,5,0,1,secondary,kisan_credit_card,0.0,2,1,1,0
35,40000,salaried,female,sc,5,0,1,secondary,national_scholarship_portal,0.0,2,2,1,0
35,40000,salaried,female,sc,5,0,1,secondary,pm_scholarship_scheme,0.0,1,2,1,0
35,40000,salaried,female,sc,5,0,1,secondary,ayushman_bharat,0.0,1,1,1,0
35,40000,salaried,female,sc,5,0,1,secondary,pm_awas_yojana_gramin,0.0,2,2,1,0
35,40000,salaried,female,sc,5,0,1,secondary,pm_mudra_yojana,0.0,2,1,1,0
35,40000,salaried,female,sc,5,0,1,secondary,startup_india_seed_fund,0.0,1,1,1,0
35,40000,salaried,female,sc,5,0,1,secondary,post_matric_sc,0.0,2,1,1,0
35,40000,salaried,female,sc,5,0,1,secondary,eklavya_model_school,0.0,0,3,1,0
35,40000,salaried,female,sc,5,0,1,secondary,indira_gandhi_old_age,0.0,1,2,1,0
28,1500000,student,other,sc,0,0,1,secondary,national_scholarship_portal,75.0,3,1,0,1
28,1500000,student,other,sc,0,0,1,secondary,post_matric_sc,71.4,2,1,0,1
28,1500000,student,other,sc,0,0,1,secondary,pm_suraksha_bima,66.7,1,1,0,1
28,1500000,student,other,sc,0,0,1,secondary,pm_jeevan_jyoti,66.7,1,1,0,1
28,1500000,student,other,sc,0,0,1,secondary,deen_dayal_disability,60.0,1,1,0,1
28,1500000,student,other,sc,0,0,1,secondary,pm_scholarship_scheme,50.0,1,2,0,1
28,1500000,student,other,sc,0,0,1,secondary,mgnregs,33.3,1,2,0,0
28,1500000,student,other,sc,0,0,1,secondary,pm_kisan,0.0,2,2,1,0
28,1500000,student,other,sc,0,0,1,secondary,pm_fasal_bima,0.0,1,2,1,0
28,1500000,student,other,sc,0,0,1,secondary,kisan_credit_card,0.0,1,2,1,0
28,1500000,student,other,sc,0,0,1,secondary,pm_matru_vandana,0.0,1,2,1,0
28,1500000,student,other,sc,0,0,1,secondary,mahila_shakti_kendra,0.0,0,2,1,0
28,1500000,student,other,sc,0,0,1,secondary,ayushman_bharat,0.0,0,2,1,0
28,1500000,student,other,sc,0,0,1,secondary,pm_awas_yojana_gramin,0.0,2,2,1,0
28,1500000,student,other,sc,0,0,1,secondary,pm_mudra_yojana,0.0,1,2,1,0
28,1500000,student,other,sc,0,0,1,secondary,startup_india_seed_fund,0.0,1,1,1,0
28,1500000,student,other,sc,0,0,1,secondary,eklavya_model_school,0.0,1,2,1,0
28,1500000,student,other,sc,0,0,1,secondary,indira_gandhi_old_age,0.0,0,3,1,0
17,1500000,self_employed,other,obc,1,0,0,secondary,startup_india_seed_fund,75.0,1,1,0,1
17,1500000,self_employed,other,obc,1,0,0,secondary,pm_kisan,0.0,1,3,1,0
17,1500000,self_employed,other,obc,1,0,0,secondary,pm_fasal_bima,0.0,1,2,1,0
17,1500000,self_employed,other,obc,1,0,0,secondary,kisan_credit_card,0.0,1,2,1,0
17,1500000,self_employed,other,obc,1,0,0,secondary,pm_matru_vandana,0.0,0,3,1,0
17,1500000,self_employed,other,obc,1,0,0,secondary,mahila_shakti_kendra,0.0,0,2,1,0
17,1500000,self_employed,other,obc,1,0,0,secondary,national_scholarship_portal,0.0,2,2,1,0
17,1500000,self_employed,other,obc,1,0,0,secondary,pm_scholarship_scheme,0.0,0,3,1,0
17,1500000,self_employed,other,obc,1,0,0,secondary,ayushman_bharat,0.0,0,2,1,0
17,1500000,self_employed,other,obc,1,0,0,secondary,pm_suraksha_bima,0.0,0,2,1,0
17,1500000,self_employed,other,obc,1,0,0,secondary,pm_jeevan_jyoti,0.0,0,2,1,0
17,1500000,self_employed,other,obc,1,0,0,secondary,pm_awas_yojana_gramin,0.0,1,3,1,0
17,1500000,self_employed,other,obc,1,0,0,secondary,mgnregs,0.0,1,2,1,0
17,1500000,self_employed,other,obc,1,0,0,secondary,pm_mudra_yojana,0.0,1,2,1,0
17,1500000,self_employed,other,obc,1,0,0,secondary,deen_dayal_disability,0.0,0,2,1,0
17,1500000,self_employed,other,obc,1,0,0,secondary,post_matric_sc,0.0,0,3,1,0
17,1500000,self_employed,other,obc,1,0,0,secondary,eklavya_model_school,0.0,1,2,1,0
17,1500000,self_employed,other,obc,1,0,0,secondary,indira_gandhi_old_age,0.0,0,3,1,0
54,150000,salaried,female,general,1,0,0,secondary,pm_matru_vandana,100.0,3,0,0,1
54,150000,salaried,female,general,1,0,0,secondary,mahila_shakti_kendra,100.0,2,0,0,1
54,150000,salaried,female,general,1,0,0,secondary,pm_suraksha_bima,100.0,2,0,0,1
54,150000,salaried,female,general,1,0,0,secondary,mgnregs,66.7,2,1,0,0
54,150000,salaried,female,general,1,0,0,secondary,pm_kisan,0.0,3,1,1,0
54,150000,salaried,female,general,1,0,0,secondary,pm_fasal_bima,0.0,2,1,1,0
54,150000,salaried,female,general,1,0,0,secondary,kisan_credit_card,0.0,2,1,1,0
54,150000,salaried,female,general,1,0,0,secondary,national_scholarship_portal,0.0,1,3,1,0
54,150000,salaried,female,general,1,0,0,secondary,pm_scholarship_scheme,0.0,1,2,1,0
54,150000,salaried,female,general,1,0,0,secondary,ayushman_bharat,0.0,0,2,1,0
54,150000,salaried,female,general,1,0,0,secondary,pm_jeevan_jyoti,0.0,1,1,1,0
54,150000,salaried,female,general,1,0,0,secondary,pm_awas_yojana_gramin,0.0,3,1,1,0
54,150000,salaried,female,general,1,0,0,secondary,pm_mudra_yojana,0.0,2,1,1,0
54,150000,salaried,female,general,1,0,0,secondary,startup_india_seed_fund,0.0,0,2,1,0
54,150000,salaried,female,general,1,0,0,secondary,deen_dayal_disability,0.0,1,1,1,0
54,150000,salaried,female,general,1,0,0,secondary,post_matric_sc,0.0,1,2,1,0
54,150000,salaried,female,general,1,0,0,secondary,eklavya_model_school,0.0,0,3,1,0
54,150000,salaried,female,general,1,0,0,secondary,indira_gandhi_old_age,0.0,0,3,1,0
79,250000,other,male,sc,5,1,0,primary,pm_awas_yojana_gramin,85.7,3,1,0,1
79,250000,other,male,sc,5,1,0,primary,indira_gandhi_old_age,75.0,2,1,0,1
79,250000,other,male,sc,5,1,0,primary,mgnregs,66.7,2,1,0,0
79,250000,other,male,sc,5,1,0,primary,ayushman_bharat,60.0,1,1,0,1
79,250000,other,male,sc,5,1,0,primary,pm_kisan,0.0,2,2,1,0
79,250000,other,male,sc,5,1,0,primary,pm_fasal_bima,0.0,2,1,1,0
79,250000,other,male,sc,5,1,0,primary,kisan_credit_card,0.0,1,2,1,0
79,250000,other,male,sc,5,1,0,primary,pm_matru_vandana,0.0,2,1,1,0
79,250000,other,male,sc,5,1,0,primary,mahila_shakti_kendra,0.0,1,1,1,0
79,250000,other,male,sc,5,1,0,primary,national_scholarship_portal,0.0,2,2,1,0
79,250000,other,male,sc,5,1,0,primary,pm_scholarship_scheme,0.0,1,2,1,0
79,250000,other,male,sc,5,1,0,primary,pm_suraksha_bima,0.0,1,1,1,0
79,250000,other,male,sc,5,1,0,primary,pm_jeevan_jyoti,0.0,1,1,1,0
79,250000,other,male,sc,5,1,0,primary,pm_mudra_yojana,0.0,1,2,1,0
79,250000,other,male,sc,5,1,0,primary,startup_india_seed_fund,0.0,0,2,1,0
79,250000,other,male,sc,5,1,0,primary,deen_dayal_disability,0.0,1,1,1,0
79,250000,other,male,sc,5,1,0,primary,post_matric_sc,0.0,2,1,1,0
79,250000,other,male,sc,5,1,0,primary,eklavya_model_school,0.0,0,3,1,0
69,90000,student,male,sc,2.5,0,0,secondary,pm_suraksha_bima,100.0,2,0,0,1
69,90000,student,male,sc,2.5,0,0,secondary,post_matric_sc,100.0,3,0,0,1
69,90000,student,male,sc,2.5,0,0,secondary,national_scholarship_portal,87.5,3,1,0,1
69,90000,student,male,sc,2.5,0,0,secondary,pm_scholarship_scheme,83.3,2,1,0,1
69,90000,student,male,sc,2.5,0,0,secondary,mgnregs,66.7,2,1,0,1
69,90000,student,male,sc,2.5,0,0,secondary,pm_kisan,0.0,3,1,1,0
69,90000,student,male,sc,2.5,0,0,secondary,pm_fasal_bima,0.0,2,1,1,0
69,90000,student,male,sc,2.5,0,0,secondary,kisan_credit_card,0.0,2,1,1,0
69,90000,student,male,sc,2.5,0,0,secondary,pm_matru_vandana,0.0,2,1,1,0
69,90000,student,male,sc,2.5,0,0,secondary,mahila_shakti_kendra,0.0,1,1,1,0
69,90000,student,male,sc,2.5,0,0,secondary,ayushman_bharat,0.0,1,1,1,0
69,90000,student,male,sc,2.5,0,0,secondary,pm_jeevan_jyoti,0.0,1,1,1,0
69,90000,student,male,sc,2.5,0,0,secondary,pm_awas_yojana_gramin,0.0,3,1,1,0
69,90000,student,male,sc,2.5,0,0,secondary,pm_mudra_yojana,0.0,1,2,1,0
69,90000,student,male,sc,2.5,0,0,secondary,startup_india_seed_fund,0.0,0,2,1,0
69,90000,student,male,sc,2.5,0,0,secondary,deen_dayal_disability,0.0,1,1,1,0
69,90000,student,male,sc,2.5,0,0,secondary,eklavya_model_school,0.0,1,2,1,0
69,90000,student,male,sc,2.5,0,0,secondary,indira_gandhi_old_age,0.0,2,1,1,0
66,400000,farmer,female,general,2.5,1,0,secondary,pm_fasal_bima,100.0,3,0,0,1
66,400000,farmer,female,general,2.5,1,0,secondary,kisan_credit_card,100.0,3,0,0,1
66,400000,farmer,female,general,2.5,1,0,secondary,pm_matru_vandana,100.0,3,0,0,0
66,400000,farmer,female,general,2.5,1,0,secondary,pm_suraksha_bima,100.0,2,0,0,1
66,400000,farmer,female,general,2.5,1,0,secondary,pm_kisan,75.0,3,1,0,1
66,400000,farmer,female,general,2.5,1,0,secondary,indira_gandhi_old_age,75.0,2,1,0,0
66,400000,farmer,female,general,2.5,1,0,secondary,pm_awas_yojana_gramin,71.4,3,1,0,1
66,400000,farmer,female,general,2.5,1,0,secondary,mgnregs,66.7,2,1,0,0
66,400000,farmer,female,general,2.5,1,0,secondary,mahila_shakti_kendra,60.0,1,1,0,1
66,400000,farmer,female,general,2.5,1,0,secondary,ayushman_bharat,60.0,1,1,0,0
66,400000,farmer,female,general,2.5,1,0,secondary,national_scholarship_portal,0.0,0,4,1,0
66,400000,farmer,female,general,2.5,1,0,secondary,pm_scholarship_scheme,0.0,1,2,1,0
66,400000,farmer,female,general,2.5,1,0,secondary,pm_jeevan_jyoti,0.0,1,1,1,0
66,400000,farmer,female,general,2.5,1,0,secondary,pm_mudra_yojana,0.0,1,2,1,0
66,400000,farmer,female,general,2.5,1,0,secondary,startup_india_seed_fund,0.0,0,2,1,0
66,400000,farmer,female,general,2.5,1,0,secondary,deen_dayal_disability,0.0,0,2,1,0
66,400000,farmer,female,general,2.5,1,0,secondary,post_matric_sc,0.0,0,3,1,0
66,400000,farmer,female,general,2.5,1,0,secondary,eklavya_model_school,0.0,0,3,1,0
33,800000,salaried,female,st,5,0,0,none,pm_matru_vandana,100.0,3,0,0,1
33,800000,salaried,female,st,5,0,0,none,pm_suraksha_bima,66.7,1,1,0,0
33,800000,salaried,female,st,5,0,0,none,pm_jeevan_jyoti,66.7,1,1,0,1
33,800000,salaried,female,st,5,0,0,none,mahila_shakti_kendra,60.0,1,1,0,1
33,800000,salaried,female,st,5,0,0,none,mgnregs,33.3,1,2,0,1
33,800000,salaried,female,st,5,0,0,none,pm_kisan,0.0,2,2,1,0
33,800000,salaried,female,st,5,0,0,none,pm_fasal_bima,0.0,2,1,1,0
33,800000,salaried,female,st,5,0,0,none,kisan_credit_card,0.0,2,1,1,0
33,800000,salaried,female,st,5,0,0,none,national_scholarship_portal,0.0,1,3,1,0
33,800000,salaried,female,st,5,0,0,none,pm_scholarship_scheme,0.0,0,3,1,0
33,800000,salaried,female,st,5,0,0,none,ayushman_bharat,0.0,0,2,1,0
33,800000,salaried,female,st,5,0,0,none,pm_awas_yojana_gramin,0.0,1,3,1,0
33,800000,salaried,female,st,5,0,0,none,pm_mudra_yojana,0.0,2,1,1,0
33,800000,salaried,female,st,5,0,0,none,startup_india_seed_fund,0.0,1,1,1,0
33,800000,salaried,female,st,5,0,0,none,deen_dayal_disability,0.0,0,2,1,0
33,800000,salaried,female,st,5,0,0,none,post_matric_sc,0.0,0,3,1,0
33,800000,salaried,female,st,5,0,0,none,eklavya_model_school,0.0,1,2,1,0
33,800000,salaried,female,st,5,0,0,none,indira_gandhi_old_age,0.0,0,3,1,0
61,0,salaried,female,obc,8,0,1,primary,pm_matru_vandana,100.0,3,0,0,1
61,0,salaried,female,obc,8,0,1,primary,mahila_shakti_kendra,100.0,2,0,0,1
61,0,salaried,female,obc,8,0,1,primary,pm_suraksha_bima,100.0,2,0,0,1
61,0,salaried,female,obc,8,0,1,primary,deen_dayal_disability,100.0,2,0,0,1
61,0,salaried,female,obc,8,0,1,primary,mgnregs,66.7,2,1,0,1
61,0,salaried,female,obc,8,0,1,primary,pm_kisan,0.0,2,2,1,0
61,0,salaried,female,obc,8,0,1,primary,pm_fasal_bima,0.0,2,1,1,0
61,0,salaried,female,obc,8,0,1,primary,kisan_credit_card,0.0,2,1,1,0
61,0,salaried,female,obc,8,0,1,primary,national_scholarship_portal,0.0,2,2,1,0
61,0,salaried,female,obc,8,0,1,primary,pm_scholarship_scheme,0.0,1,2,1,0
61,0,salaried,female,obc,8,0,1,primary,ayushman_bharat,0.0,1,1,1,0
61,0,salaried,female,obc,8,0,1,primary,pm_jeevan_jyoti,0.0,1,1,1,0
61,0,salaried,female,obc,8,0,1,primary,pm_awas_yojana_gramin,0.0,2,2,1,0
61,0,salaried,female,obc,8,0,1,primary,pm_mudra_yojana,0.0,2,1,1,0
61,0,salaried,female,obc,8,0,1,primary,startup_india_seed_fund,0.0,0,2,1,0
61,0,salaried,female,obc,8,0,1,primary,post_matric_sc,0.0,1,2,1,0
61,0,salaried,female,obc,8,0,1,primary,eklavya_model_school,0.0,0,3,1,0
61,0,salaried,female,obc,8,0,1,primary,indira_gandhi_old_age,0.0,2,1,1,0
34,0,self_employed,male,obc,0.5,0,0,none,pm_suraksha_bima,100.0,2,0,0,1
34,0,self_employed,male,obc,0.5,0,0,none,pm_jeevan_jyoti,100.0,2,0,0,1
34,0,self_employed,male,obc,0.5,0,0,none,mgnregs,100.0,3,0,0,1
34,0,self_employed,male,obc,0.5,0,0,none,pm_mudra_yojana,100.0,3,0,0,1
34,0,self_employed,male,obc,0.5,0,0,none,startup_india_seed_fund,100.0,2,0,0,1
34,0,self_employed,male,obc,0.5,0,0,none,pm_kisan,0.0,3,1,1,0
34,0,self_employed,male,obc,0.5,0,0,none,pm_fasal_bima,0.0,2,1,1,0
34,0,self_employed,male,obc,0.5,0,0,none,kisan_credit_card,0.0,2,1,1,0
34,0,self_employed,male,obc,0.5,0,0,none,pm_matru_vandana,0.0,2,1,1,0
34,0,self_employed,male,obc,0.5,0,0,none,mahila_shakti_kendra,0.0,1,1,1,0
34,0,self_employed,male,obc,0.5,0,0,none,national_scholarship_portal,0.0,2,2,1,0
34,0,self_employed,male,obc,0.5,0,0,none,pm_scholarship_scheme,0.0,1,2,1,0
34,0,self_employed,male,obc,0.5,0,0,none,ayushman_bharat,0.0,1,1,1,0
34,0,self_employed,male,obc,0.5,0,0,none,pm_awas_yojana_gramin,0.0,3,1,1,0
34,0,self_employed,male,obc,0.5,0,0,none,deen_dayal_disability,0.0,1,1,1,0
34,0,self_employed,male,obc,0.5,0,0,none,post_matric_sc,0.0,1,2,1,0
34,0,self_employed,male,obc,0.5,0,0,none,eklavya_model_school,0.0,0,3,1,0
34,0,self_employed,male,obc,0.5,0,0,none,indira_gandhi_old_age,0.0,1,2,1,0
62,40000,salaried,other,obc,0,0,0,postgraduate,pm_suraksha_bima,100.0,2,0,0,0
62,40000,salaried,other,obc,0,0,0,postgraduate,mgnregs,66.7,2,1,0,1
62,40000,salaried,other,obc,0,0,0,postgraduate,pm_kisan,0.0,3,1,1,0
62,40000,salaried,other,obc,0,0,0,postgraduate,pm_fasal_bima,0.0,1,2,1,0
62,40000,salaried,other,obc,0,0,0,postgraduate,kisan_credit_card,0.0,1,2,1,0
62,40000,salaried,other,obc,0,0,0,postgraduate,pm_matru_vandana,0.0,2,1,1,0
62,40000,salaried,other,obc,0,0,0,postgraduate,mahila_shakti_kendra,0.0,1,1,1,0
62,40000,salaried,other,obc,0,0,0,postgraduate,national_scholarship_portal,0.0,2,2,1,0
62,40000,salaried,other,obc,0,0,0,postgraduate,pm_scholarship_scheme,0.0,1,2,1,0
62,40000,salaried,other,obc,0,0,0,postgraduate,ayushman_bharat,0.0,1,1,1,0
62,40000,salaried,other,obc,0,0,0,postgraduate,pm_jeevan_jyoti,0.0,1,1,1,0
62,40000,salaried,other,obc,0,0,0,postgraduate,pm_awas_yojana_gramin,0.0,3,1,1,0
62,40000,salaried,other,obc,0,0,0,postgraduate,pm_mudra_yojana,0.0,2,1,1,0
62,40000,salaried,other,obc,0,0,0,postgraduate,startup_india_seed_fund,0.0,0,2,1,0
62,40000,salaried,other,obc,0,0,0,postgraduate,deen_dayal_disability,0.0,1,1,1,0
62,40000,salaried,other,obc,0,0,0,postgraduate,post_matric_sc,0.0,1,2,1,0
62,40000,salaried,other,obc,0,0,0,postgraduate,eklavya_model_school,0.0,0,3,1,0
62,40000,salaried,other,obc,0,0,0,postgraduate,indira_gandhi_old_age,0.0,2,1,1,0
67,800000,unemployed,male,st,1,1,1,postgraduate,indira_gandhi_old_age,75.0,2,1,0,1
67,800000,unemployed,male,st,1,1,1,postgraduate,pm_awas_yojana_gramin,71.4,3,1,0,1
67,800000,unemployed,male,st,1,1,1,postgraduate,pm_suraksha_bima,66.7,1,1,0,0
67,800000,unemployed,male,st,1,1,1,postgraduate,mgnregs,66.7,2,1,0,1
67,800000,unemployed,male,st,1,1,1,postgraduate,ayushman_bharat,60.0,1,1,0,1
67,800000,unemployed,male,st,1,1,1,postgraduate,deen_dayal_disability,60.0,1,1,0,0
67,800000,unemployed,male,st,1,1,1,postgraduate,pm_kisan,0.0,2,2,1,0
67,800000,unemployed,male,st,1,1,1,postgraduate,pm_fasal_bima,0.0,2,1,1,0
67,800000,unemployed,male,st,1,1,1,postgraduate,kisan_credit_card,0.0,2,1,1,0
67,800000,unemployed,male,st,1,1,1,postgraduate,pm_matru_vandana,0.0,2,1,1,0
67,800000,unemployed,male,st,1,1,1,postgraduate,mahila_shakti_kendra,0.0,0,2,1,0
67,800000,unemployed,male,st,1,1,1,postgraduate,national_scholarship_portal,0.0,1,3,1,0
67,800000,unemployed,male,st,1,1,1,postgraduate,pm_scholarship_scheme,0.0,0,3,1,0
67,800000,unemployed,male,st,1,1,1,postgraduate,pm_jeevan_jyoti,0.0,0,2,1,0
67,800000,unemployed,male,st,1,1,1,postgraduate,pm_mudra_yojana,0.0,1,2,1,0
67,800000,unemployed,male,st,1,1,1,postgraduate,startup_india_seed_fund,0.0,0,2,1,0
67,800000,unemployed,male,st,1,1,1,postgraduate,post_matric_sc,0.0,0,3,1,0
67,800000,unemployed,male,st,1,1,1,postgraduate,eklavya_model_school,0.0,1,2,1,0
43,800000,salaried,male,st,8,0,0,none,pm_suraksha_bima,66.7,1,1,0,0
43,800000,salaried,male,st,8,0,0,none,pm_jeevan_jyoti,66.7,1,1,0,1
43,800000,salaried,male,st,8,0,0,none,mgnregs,33.3,1,2,0,1
43,800000,salaried,male,st,8,0,0,none,pm_kisan,0.0,1,3,1,0
43,800000,salaried,male,st,8,0,0,none,pm_fasal_bima,0.0,2,1,1,0
43,800000,salaried,male,st,8,0,0,none,kisan_credit_card,0.0,2,1,1,0
43,800000,salaried,male,st,8,0,0,none,pm_matru_vandana,0.0,2,1,1,0
43,800000,salaried,male,st,8,0,0,none,mahila_shakti_kendra,0.0,0,2,1,0
43,800000,salaried,male,st,8,0,0,none,national_scholarship_portal,0.0,1,3,1,0
43,800000,salaried,male,st,8,0,0,none,pm_scholarship_scheme,0.0,0,3,1,0
43,800000,salaried,male,st,8,0,0,none,ayushman_bharat,0.0,0,2,1,0
43,800000,salaried,male,st,8,0,0,none,pm_awas_yojana_gramin,0.0,1,3,1,0
43,800000,salaried,male,st,8,0,0,none,pm_mudra_yojana,0.0,2,1,1,0
43,800000,salaried,male,st,8,0,0,none,startup_india_seed_fund,0.0,1,1,1,0
43,800000,salaried,male,st,8,0,0,none,deen_dayal_disability,0.0,0,2,1,0
43,800000,salaried,male,st,8,0,0,none,post_matric_sc,0.0,0,3,1,0
43,800000,salaried,male,st,8,0,0,none,eklavya_model_school,0.0,1,2,1,0
43,800000,salaried,male,st,8,0,0,none,indira_gandhi_old_age,0.0,0,3,1,0
26,40000,salaried,male,sc,2.5,1,0,postgraduate,ayushman_bharat,100.0,2,0,0,1
26,40000,salaried,male,sc,2.5,1,0,postgraduate,pm_suraksha_bima,100.0,2,0,0,1
26,40000,salaried,male,sc,2.5,1,0,postgraduate,pm_jeevan_jyoti,100.0,2,0,0,1
26,40000,salaried,male,sc,2.5,1,0,postgraduate,pm_awas_yojana_gramin,100.0,4,0,0,1
26,40000,salaried,male,sc,2.5,1,0,postgraduate,mgnregs,66.7,2,1,0,1
26,40000,salaried,male,sc,2.5,1,0,postgraduate,pm_kisan,0.0,3,1,1,0
26,40000,salaried,male,sc,2.5,1,0,postgraduate,pm_fasal_bima,0.0,2,1,1,0
26,40000,salaried,male,sc,2.5,1,0,postgraduate,kisan_credit_card,0.0,2,1,1,0
26,40000,salaried,male,sc,2.5,1,0,postgraduate,pm_matru_vandana,0.0,2,1,1,0
26,40000,salaried,male,sc,2.5,1,0,postgraduate,mahila_shakti_kendra,0.0,1,1,1,0
26,40000,salaried,male,sc,2.5,1,0,postgraduate,national_scholarship_portal,0.0,3,1,1,0
26,40000,salaried,male,sc,2.5,1,0,postgraduate,pm_scholarship_scheme,0.0,1,2,1,0
26,40000,salaried,male,sc,2.5,1,0,postgraduate,pm_mudra_yojana,0.0,2,1,1,0
26,40000,salaried,male,sc,2.5,1,0,postgraduate,startup_india_seed_fund,0.0,1,1,1,0
26,40000,salaried,male,sc,2.5,1,0,postgraduate,deen_dayal_disability,0.0,1,1,1,0
26,40000,salaried,male,sc,2.5,1,0,postgraduate,post_matric_sc,0.0,2,1,1,0
26,40000,salaried,male,sc,2.5,1,0,postgraduate,eklavya_model_school,0.0,0,3,1,0
26,40000,salaried,male,sc,2.5,1,0,postgraduate,indira_gandhi_old_age,0.0,2,1,1,0
80,150000,student,other,st,8,1,0,secondary,national_scholarship_portal,87.5,3,1,0,1
80,150000,student,other,st,8,1,0,secondary,pm_awas_yojana_gramin,85.7,3,1,0,1
80,150000,student,other,st,8,1,0,secondary,pm_scholarship_scheme,83.3,2,1,0,1
80,150000,student,other,st,8,1,0,secondary,eklavya_model_school,83.3,2,1,0,1
80,150000,student,other,st,8,1,0,secondary,indira_gandhi_old_age,75.0,2,1,0,0
80,150000,student,other,st,8,1,0,secondary,mgnregs,66.7,2,1,0,1
80,150000,student,other,st,8,1,0,secondary,ayushman_bharat,60.0,1,1,0,0
80,150000,student,other,st,8,1,0,secondary,pm_kisan,0.0,2,2,1,0
80,150000,student,other,st,8,1,0,secondary,pm_fasal_bima,0.0,2,1,1,0
80,150000,student,other,st,8,1,0,secondary,kisan_credit_card,0.0,1,2,1,0
80,150000,student,other,st,8,1,0,secondary,pm_matru_vandana,0.0,2,1,1,0
80,150000,student,other,st,8,1,0,secondary,mahila_shakti_kendra,0.0,1,1,1,0
80,150000,student,other,st,8,1,0,secondary,pm_suraksha_bima,0.0,1,1,1,0
80,150000,student,other,st,8,1,0,secondary,pm_jeevan_jyoti,0.0,1,1,1,0
80,150000,student,other,st,8,1,0,secondary,pm_mudra_yojana,0.0,1,2,1,0
80,150000,student,other,st,8,1,0,secondary,startup_india_seed_fund,0.0,0,2,1,0
80,150000,student,other,st,8,1,0,secondary,deen_dayal_disability,0.0,1,1,1,0
80,150000,student,other,st,8,1,0,secondary,post_matric_sc,0.0,2,1,1,0
55,400000,self_employed,male,obc,2.5,0,1,none,pm_suraksha_bima,100.0,2,0,0,1
55,400000,self_employed,male,obc,2.5,0,1,none,pm_mudra_yojana,100.0,3,0,0,1
55,400000,self_employed,male,obc,2.5,0,1,none,startup_india_seed_fund,75.0,1,1,0,0
55,400000,self_employed,male,obc,2.5,0,1,none,mgnregs,66.7,2,1,0,1
55,400000,self_employed,male,obc,2.5,0,1,none,deen_dayal_disability,60.0,1,1,0,1
55,400000,self_employed,male,obc,2.5,0,1,none,pm_kisan,0.0,2,2,1,0
55,400000,self_employed,male,obc,2.5,0,1,none,pm_fasal_bima,0.0,2,1,1,0
55,400000,self_employed,male,obc,2.5,0,1,none,kisan_credit_card,0.0,2,1,1,0
55,400000,self_employed,male,obc,2.5,0,1,none,pm_matru_vandana,0.0,2,1,1,0
55,400000,self_employed,male,obc,2.5,0,1,none,mahila_shakti_kendra,0.0,0,2,1,0
55,400000,self_employed,male,obc,2.5,0,1,none,national_scholarship_portal,0.0,1,3,1,0
55,400000,self_employed,male,obc,2.5,0,1,none,pm_scholarship_scheme,0.0,1,2,1,0
55,400000,self_employed,male,obc,2.5,0,1,none,ayushman_bharat,0.0,0,2,1,0
55,400000,self_employed,male,obc,2.5,0,1,none,pm_jeevan_jyoti,0.0,1,1,1,0
55,400000,self_employed,male,obc,2.5,0,1,none,pm_awas_yojana_gramin,0.0,2,2,1,0
55,400000,self_employed,male,obc,2.5,0,1,none,post_matric_sc,0.0,0,3,1,0
55,400000,self_employed,male,obc,2.5,0,1,none,eklavya_model_school,0.0,0,3,1,0
55,400000,self_employed,male,obc,2.5,0,1,none,indira_gandhi_old_age,0.0,0,3,1,0
36,0,unemployed,male,sc,5,0,0,graduate,pm_suraksha_bima,100.0,2,0,0,1
36,0,unemployed,male,sc,5,0,0,graduate,pm_jeevan_jyoti,100.0,2,0,0,1
36,0,unemployed,male,sc,5,0,0,graduate,mgnregs,100.0,3,0,0,1
36,0,unemployed,male,sc,5,0,0,graduate,pm_kisan,0.0,3,1,1,0
36,0,unemployed,male,sc,5,0,0,graduate,pm_fasal_bima,0.0,2,1,1,0
36,0,unemployed,male,sc,5,0,0,graduate,kisan_credit_card,0.0,2,1,1,0
36,0,unemployed,male,sc,5,0,0,graduate,pm_matru_vandana,0.0,2,1,1,0
36,0,unemployed,male,sc,5,0,0,graduate,mahila_shakti_kendra,0.0,1,1,1,0
36,0,unemployed,male,sc,5,0,0,graduate,national_scholarship_portal,0.0,2,2,1,0
36,0,unemployed,male,sc,5,0,0,graduate,pm_scholarship_scheme,0.0,1,2,1,0
36,0,unemployed,male,sc,5,0,0,graduate,ayushman_bharat,0.0,1,1,1,0
36,0,unemployed,male,sc,5,0,0,graduate,pm_awas_yojana_gramin,0.0,2,2,1,0
36,0,unemployed,male,sc,5,0,0,graduate,pm_mudra_yojana,0.0,2,1,1,0
36,0,unemployed,male,sc,5,0,0,graduate,startup_india_seed_fund,0.0,1,1,1,0
36,0,unemployed,male,sc,5,0,0,graduate,deen_dayal_disability,0.0,1,1,1,0
36,0,unemployed,male,sc,5,0,0,graduate,post_matric_sc,0.0,2,1,1,0
36,0,unemployed,male,sc,5,0,0,graduate,eklavya_model_school,0.0,0,3,1,0
36,0,unemployed,male,sc,5,0,0,graduate,indira_gandhi_old_age,0.0,1,2,1,0
55,0,student,female,general,0,0,0,primary,pm_matru_vandana,100.0,3,0,0,1
55,0,student,female,general,0,0,0,primary,mahila_shakti_kendra,100.0,2,0,0,1
55,0,student,female,general,0,0,0,primary,pm_suraksha_bima,100.0,2,0,0,1
55,0,student,female,general,0,0,0,primary,pm_scholarship_scheme,83.3,2,1,0,1
55,0,student,female,general,0,0,0,primary,mgnregs,66.7,2,1,0,1
55,0,student,female,general,0,0,0,primary,national_scholarship_portal,62.5,2,2,0,0
55,0,student,female,general,0,0,0,primary,pm_kisan,0.0,3,1,1,0
55,0,student,female,general,0,0,0,primary,pm_fasal_bima,0.0,1,2,1,0
55,0,student,female,general,0,0,0,primary,kisan_credit_card,0.0,1,2,1,0
55,0,student,female,general,0,0,0,primary,ayushman_bharat,0.0,1,1,1,0
55,0,student,female,general,0,0,0,primary,pm_jeevan_jyoti,0.0,1,1,1,0
55,0,student,female,general,0,0,0,primary,pm_awas_yojana_gramin,0.0,3,1,1,0
55,0,student,female,general,0,0,0,primary,pm_mudra_yojana,0.0,2,1,1,0
55,0,student,female,general,0,0,0,primary,startup_india_seed_fund,0.0,0,2,1,0
55,0,student,female,general,0,0,0,primary,deen_dayal_disability,0.0,1,1,1,0
55,0,student,female,general,0,0,0,primary,post_matric_sc,0.0,2,1,1,0
55,0,student,female,general,0,0,0,primary,eklavya_model_school,0.0,1,2,1,0
55,0,student,female,general,0,0,0,primary,indira_gandhi_old_age,0.0,1,2,1,0
71,0,salaried,male,sc,1,0,0,graduate,mgnregs,66.7,2,1,0,1
71,0,salaried,male,sc,1,0,0,graduate,pm_kisan,0.0,3,1,1,0
71,0,salaried,male,sc,1,0,0,graduate,pm_fasal_bima,0.0,2,1,1,0
71,0,salaried,male,sc,1,0,0,graduate,kisan_credit_card,0.0,2,1,1,0
71,0,salaried,male,sc,1,0,0,graduate,pm_matru_vandana,0.0,2,1,1,0
71,0,salaried,male,sc,1,0,0,graduate,mahila_shakti_kendra,0.0,1,1,1,0
71,0,salaried,male,sc,1,0,0,graduate,national_scholarship_portal,0.0,2,2,1,0
71,0,salaried,male,sc,1,0,0,graduate,pm_scholarship_scheme,0.0,1,2,1,0
71,0,salaried,male,sc,1,0,0,graduate,ayushman_bharat,0.0,1,1,1,0
71,0,salaried,male,sc,1,0,0,graduate,pm_suraksha_bima,0.0,1,1,1,0
71,0,salaried,male,sc,1,0,0,graduate,pm_jeevan_jyoti,0.0,1,1,1,0
71,0,salaried,male,sc,1,0,0,graduate,pm_awas_yojana_gramin,0.0,3,1,1,0
71,0,salaried,male,sc,1,0,0,graduate,pm_mudra_yojana,0.0,1,2,1,0
71,0,salaried,male,sc,1,0,0,graduate,startup_india_seed_fund,0.0,0,2,1,0
71,0,salaried,male,sc,1,0,0,graduate,deen_dayal_disability,0.0,1,1,1,0
71,0,salaried,male,sc,1,0,0,graduate,post_matric_sc,0.0,2,1,1,0
71,0,salaried,male,sc,1,0,0,graduate,eklavya_model_school,0.0,0,3,1,0
71,0,salaried,male,sc,1,0,0,graduate,indira_gandhi_old_age,0.0,2,1,1,0
57,90000,other,other,st,0.5,1,0,primary,ayushman_bharat,100.0,2,0,0,1
57,90000,other,other,st,0.5,1,0,primary,pm_suraksha_bima,100.0,2,0,0,1
57,90000,other,other,st,0.5,1,0,primary,pm_awas_yojana_gramin,100.0,4,0,0,1
57,90000,other,other,st,0.5,1,0,primary,mgnregs,100.0,3,0,0,1
57,90000,other,other,st,0.5,1,0,primary,pm_kisan,0.0,3,1,1,0
57,90000,other,other,st,0.5,1,0,primary,pm_fasal_bima,0.0,2,1,1,0
57,90000,other,other,st,0.5,1,0,primary,kisan_credit_card,0.0,2,1,1,0
57,90000,other,other,st,0.5,1,0,primary,pm_matru_vandana,0.0,2,1,1,0
57,90000,other,other,st,0.5,1,0,primary,mahila_shakti_kendra,0.0,1,1,1,0
57,90000,other,other,st,0.5,1,0,primary,national_scholarship_portal,0.0,2,2,1,0
57,90000,other,other,st,0.5,1,0,primary,pm_scholarship_scheme,0.0,1,2,1,0
57,90000,other,other,st,0.5,1,0,primary,pm_jeevan_jyoti,0.0,1,1,1,0
57,90000,other,other,st,0.5,1,0,primary,pm_mudra_yojana,0.0,2,1,1,0
57,90000,other,other,st,0.5,1,0,primary,startup_india_seed_fund,0.0,0,2,1,0
57,90000,other,other,st,0.5,1,0,primary,deen_dayal_disability,0.0,1,1,1,0
57,90000,other,other,st,0.5,1,0,primary,post_matric_sc,0.0,1,2,1,0
57,90000,other,other,st,0.5,1,0,primary,eklavya_model_school,0.0,1,2,1,0
57,90000,other,other,st,0.5,1,0,primary,indira_gandhi_old_age,0.0,2,1,1,0
30,150000,other,female,sc,8,0,0,none,pm_matru_vandana,100.0,3,0,0,1
30,150000,other,female,sc,8,0,0,none,mahila_shakti_kendra,100.0,2,0,0,1
30,150000,other,female,sc,8,0,0,none,pm_suraksha_bima,100.0,2,0,0,0
30,150000,other,female,sc,8,0,0,none,pm_jeevan_jyoti,100.0,2,0,0,1
30,150000,other,female,sc,8,0,0,none,mgnregs,100.0,3,0,0,1
30,150000,other,female,sc,8,0,0,none,pm_kisan,0.0,2,2,1,0
30,150000,other,female,sc,8,0,0,none,pm_fasal_bima,0.0,2,1,1,0
30,150000,other,female,sc,8,0,0,none,kisan_credit_card,0.0,2,1,1,0
30,150000,other,female,sc,8,0,0,none,national_scholarship_portal,0.0,3,1,1,0
30,150000,other,female,sc,8,0,0,none,pm_scholarship_scheme,0.0,1,2,1,0
30,150000,other,female,sc,8,0,0,none,ayushman_bharat,0.0,0,2,1,0
30,150000,other,female,sc,8,0,0,none,pm_awas_yojana_gramin,0.0,2,2,1,0
30,150000,other,female,sc,8,0,0,none,pm_mudra_yojana,0.0,2,1,1,0
30,150000,other,female,sc,8,0,0,none,startup_india_seed_fund,0.0,1,1,1,0
30,150000,other,female,sc,8,0,0,none,deen_dayal_disability,0.0,1,1,1,0
30,150000,other,female,sc,8,0,0,none,post_matric_sc,0.0,2,1,1,0
30,150000,other,female,sc,8,0,0,none,eklavya_model_school,0.0,0,3,1,0
30,150000,other,female,sc,8,0,0,none,indira_gandhi_old_age,0.0,0,3,1,0
57,400000,student,female,general,1,0,0,postgraduate,pm_matru_vandana,100.0,3,0,0,1
57,400000,student,female,general,1,0,0,postgraduate,pm_suraksha_bima,100.0,2,0,0,1
57,400000,student,female,general,1,0,0,postgraduate,pm_scholarship_scheme,83.3,2,1,0,1
57,400000,student,female,general,1,0,0,postgraduate,mahila_shakti_kendra,60.0,1,1,0,0
57,400000,student,female,general,1,0,0,postgraduate,national_scholarship_portal,37.5,1,3,0,0
57,400000,student,female,general,1,0,0,postgraduate,mgnregs,33.3,1,2,0,0
57,400000,student,female,general,1,0,0,postgraduate,pm_kisan,0.0,2,2,1,0
57,400000,student,female,general,1,0,0,postgraduate,pm_fasal_bima,0.0,2,1,1,0
57,400000,student,female,general,1,0,0,postgraduate,kisan_credit_card,0.0,2,1,1,0
57,400000,student,female,general,1,0,0,postgraduate,ayushman_bharat,0.0,0,2,1,0
57,400000,student,female,general,1,0,0,postgraduate,pm_jeevan_jyoti,0.0,1,1,1,0
57,400000,student,female,general,1,0,0,postgraduate,pm_awas_yojana_gramin,0.0,2,2,1,0
57,400000,student,female,general,1,0,0,postgraduate,pm_mudra_yojana,0.0,2,1,1,0
57,400000,student,female,general,1,0,0,postgraduate,startup_india_seed_fund,0.0,0,2,1,0
57,400000,student,female,general,1,0,0,postgraduate,deen_dayal_disability,0.0,0,2,1,0
57,400000,student,female,general,1,0,0,postgraduate,post_matric_sc,0.0,1,2,1,0
57,400000,student,female,general,1,0,0,postgraduate,eklavya_model_school,0.0,1,2,1,0
57,400000,student,female,general,1,0,0,postgraduate,indira_gandhi_old_age,0.0,0,3,1,0
21,1500000,other,other,obc,2.5,0,0,none,pm_suraksha_bima,66.7,1,1,0,0
21,1500000,other,other,obc,2.5,0,0,none,pm_jeevan_jyoti,66.7,1,1,0,0
21,1500000,other,other,obc,2.5,0,0,none,mgnregs,66.7,2,1,0,1
21,1500000,other,other,obc,2.5,0,0,none,pm_kisan,0.0,2,2,1,0
21,1500000,other,other,obc,2.5,0,0,none,pm_fasal_bima,0.0,2,1,1,0
21,1500000,other,other,obc,2.5,0,0,none,kisan_credit_card,0.0,2,1,1,0
21,1500000,other,other,obc,2.5,0,0,none,pm_matru_vandana,0.0,1,2,1,0
21,1500000,other,other,obc,2.5,0,0,none,mahila_shakti_kendra,0.0,0,2,1,0
21,1500000,other,other,obc,2.5,0,0,none,national_scholarship_portal,0.0,2,2,1,0
21,1500000,other,other,obc,2.5,0,0,none,pm_scholarship_scheme,0.0,1,2,1,0
21,1500000,other,other,obc,2.5,0,0,none,ayushman_bharat,0.0,0,2,1,0
21,1500000,other,other,obc,2.5,0,0,none,pm_awas_yojana_gramin,0.0,2,2,1,0
21,1500000,other,other,obc,2.5,0,0,none,pm_mudra_yojana,0.0,1,2,1,0
21,1500000,other,other,obc,2.5,0,0,none,startup_india_seed_fund,0.0,1,1,1,0
21,1500000,other,other,obc,2.5,0,0,none,deen_dayal_disability,0.0,0,2,1,0
21,1500000,other,other,obc,2.5,0,0,none,post_matric_sc,0.0,0,3,1,0
21,1500000,other,other,obc,2.5,0,0,none,eklavya_model_school,0.0,0,3,1,0
21,1500000,other,other,obc,2.5,0,0,none,indira_gandhi_old_age,0.0,0,3,1,0
47,1500000,salaried,other,obc,0.5,0,0,secondary,pm_suraksha_bima,66.7,1,1,0,1
47,1500000,salaried,other,obc,0.5,0,0,secondary,pm_jeevan_jyoti,66.7,1,1,0,1
47,1500000,salaried,other,obc,0.5,0,0,secondary,mgnregs,33.3,1,2,0,1
47,1500000,salaried,other,obc,0.5,0,0,secondary,pm_kisan,0.0,2,2,1,0
47,1500000,salaried,other,obc,0.5,0,0,secondary,pm_fasal_bima,0.0,2,1,1,0
47,1500000,salaried,other,obc,0.5,0,0,secondary,kisan_credit_card,0.0,2,1,1,0
47,1500000,salaried,other,obc,0.5,0,0,secondary,pm_matru_vandana,0.0,1,2,1,0
47,1500000,salaried,other,obc,0.5,0,0,secondary,mahila_shakti_kendra,0.0,0,2,1,0
47,1500000,salaried,other,obc,0.5,0,0,secondary,national_scholarship_portal,0.0,1,3,1,0
47,1500000,salaried,other,obc,0.5,0,0,secondary,pm_scholarship_scheme,0.0,0,3,1,0
47,1500000,salaried,other,obc,0.5,0,0,secondary,ayushman_bharat,0.0,0,2,1,0
47,1500000,salaried,other,obc,0.5,0,0,secondary,pm_awas_yojana_gramin,0.0,2,2,1,0
47,1500000,salaried,other,obc,0.5,0,0,secondary,pm_mudra_yojana,0.0,1,2,1,0
47,1500000,salaried,other,obc,0.5,0,0,secondary,startup_india_seed_fund,0.0,1,1,1,0
47,1500000,salaried,other,obc,0.5,0,0,secondary,deen_dayal_disability,0.0,0,2,1,0
47,1500000,salaried,other,obc,0.5,0,0,secondary,post_matric_sc,0.0,0,3,1,0
47,1500000,salaried,other,obc,0.5,0,0,secondary,eklavya_model_school,0.0,0,3,1,0
47,1500000,salaried,other,obc,0.5,0,0,secondary,indira_gandhi_old_age,0.0,0,3,1,0
35,400000,farmer,other,obc,0.5,0,0,graduate,pm_fasal_bima,100.0,3,0,0,1
35,400000,farmer,other,obc,0.5,0,0,graduate,kisan_credit_card,100.0,3,0,0,1
35,400000,farmer,other,obc,0.5,0,0,graduate,pm_suraksha_bima,100.0,2,0,0,1
35,400000,farmer,other,obc,0.5,0,0,graduate,pm_jeevan_jyoti,100.0,2,0,0,1
35,400000,farmer,other,obc,0.5,0,0,graduate,pm_kisan,75.0,3,1,0,1
35,400000,farmer,other,obc,0.5,0,0,graduate,mgnregs,66.7,2,1,0,1
35,400000,farmer,other,obc,0.5,0,0,graduate,pm_matru_vandana,0.0,2,1,1,0
35,400000,farmer,other,obc,0.5,0,0,graduate,mahila_shakti_kendra,0.0,0,2,1,0
35,400000,farmer,other,obc,0.5,0,0,graduate,national_scholarship_portal,0.0,1,3,1,0
35,400000,farmer,other,obc,0.5,0,0,graduate,pm_scholarship_scheme,0.0,1,2,1,0
35,400000,farmer,other,obc,0.5,0,0,graduate,ayushman_bharat,0.0,0,2,1,0
35,400000,farmer,other,obc,0.5,0,0,graduate,pm_awas_yojana_gramin,0.0,2,2,1,0
35,400000,farmer,other,obc,0.5,0,0,graduate,pm_mudra_yojana,0.0,2,1,1,0
35,400000,farmer,other,obc,0.5,0,0,graduate,startup_india_seed_fund,0.0,1,1,1,0
35,400000,farmer,other,obc,0.5,0,0,graduate,deen_dayal_disability,0.0,0,2,1,0
35,400000,farmer,other,obc,0.5,0,0,graduate,post_matric_sc,0.0,0,3,1,0
35,400000,farmer,other,obc,0.5,0,0,graduate,eklavya_model_school,0.0,0,3,1,0
35,400000,farmer,other,obc,0.5,0,0,graduate,indira_gandhi_old_age,0.0,0,3,1,0
70,400000,farmer,female,sc,0,0,0,primary,pm_matru_vandana,100.0,3,0,0,1
70,400000,farmer,female,sc,0,0,0,primary,pm_suraksha_bima,100.0,2,0,0,1
70,400000,farmer,female,sc,0,0,0,primary,pm_kisan,75.0,3,1,0,1
70,400000,farmer,female,sc,0,0,0,primary,pm_fasal_bima,66.7,2,1,0,1
70,400000,farmer,female,sc,0,0,0,primary,kisan_credit_card,66.7,2,1,0,0
70,400000,farmer,female,sc,0,0,0,primary,mgnregs,66.7,2,1,0,1
70,400000,farmer,female,sc,0,0,0,primary,mahila_shakti_kendra,60.0,1,1,0,1
70,400000,farmer,female,sc,0,0,0,primary,national_scholarship_portal,0.0,1,3,1,0
70,400000,farmer,female,sc,0,0,0,primary,pm_scholarship_scheme,0.0,1,2,1,0
70,400000,farmer,female,sc,0,0,0,primary,ayushman_bharat,0.0,0,2,1,0
70,400000,farmer,female,sc,0,0,0,primary,pm_jeevan_jyoti,0.0,1,1,1,0
70,400000,farmer,female,sc,0,0,0,primary,pm_awas_yojana_gramin,0.0,2,2,1,0
70,400000,farmer,female,sc,0,0,0,primary,pm_mudra_yojana,0.0,1,2,1,0
70,400000,farmer,female,sc,0,0,0,primary,startup_india_seed_fund,0.0,0,2,1,0
70,400000,farmer,female,sc,0,0,0,primary,deen_dayal_disability,0.0,0,2,1,0
70,400000,farmer,female,sc,0,0,0,primary,post_matric_sc,0.0,1,2,1,0
70,400000,farmer,female,sc,0,0,0,primary,eklavya_model_school,0.0,0,3,1,0
70,400000,farmer,female,sc,0,0,0,primary,indira_gandhi_old_age,0.0,1,2,1,0
37,1500000,farmer,female,sc,5,1,0,secondary,pm_fasal_bima,100.0,3,0,0,1
37,1500000,farmer,female,sc,5,1,0,secondary,kisan_credit_card,100.0,3,0,0,1
37,1500000,farmer,female,sc,5,1,0,secondary,pm_matru_vandana,83.3,2,1,0,1
37,1500000,farmer,female,sc,5,1,0,secondary,pm_kisan,75.0,3,1,0,1
37,1500000,farmer,female,sc,5,1,0,secondary,pm_suraksha_bima,66.7,1,1,0,0
37,1500000,farmer,female,sc,5,1,0,secondary,pm_jeevan_jyoti,66.7,1,1,0,1
37,1500000,farmer,female,sc,5,1,0,secondary,mgnregs,66.7,2,1,0,1
37,1500000,farmer,female,sc,5,1,0,secondary,mahila_shakti_kendra,60.0,1,1,0,0
37,1500000,farmer,female,sc,5,1,0,secondary,ayushman_bharat,60.0,1,1,0,1
37,1500000,farmer,female,sc,5,1,0,secondary,pm_awas_yojana_gramin,57.1,2,2,0,1
37,1500000,farmer,female,sc,5,1,0,secondary,national_scholarship_portal,0.0,1,3,1,0
37,1500000,farmer,female,sc,5,1,0,secondary,pm_scholarship_scheme,0.0,0,3,1,0
37,1500000,farmer,female,sc,5,1,0,secondary,pm_mudra_yojana,0.0,1,2,1,0
37,1500000,farmer,female,sc,5,1,0,secondary,startup_india_seed_fund,0.0,1,1,1,0
37,1500000,farmer,female,sc,5,1,0,secondary,deen_dayal_disability,0.0,0,2,1,0
37,1500000,farmer,female,sc,5,1,0,secondary,post_matric_sc,0.0,1,2,1,0
37,1500000,farmer,female,sc,5,1,0,secondary,eklavya_model_school,0.0,0,3,1,0
37,1500000,farmer,female,sc,5,1,0,secondary,indira_gandhi_old_age,0.0,1,2,1,0
29,40000,self_employed,male,obc,1,0,0,graduate,pm_suraksha_bima,100.0,2,0,0,1
29,40000,self_employed,male,obc,1,0,0,graduate,pm_jeevan_jyoti,100.0,2,0,0,1
29,40000,self_employed,male,obc,1,0,0,graduate,mgnregs,100.0,3,0,0,1
29,40000,self_employed,male,obc,1,0,0,graduate,pm_mudra_yojana,100.0,3,0,0,1
29,40000,self_employed,male,obc,1,0,0,graduate,startup_india_seed_fund,100.0,2,0,0,1
29,40000,self_employed,male,obc,1,0,0,graduate,pm_kisan,0.0,3,1,1,0
29,40000,self_employed,male,obc,1,0,0,graduate,pm_fasal_bima,0.0,2,1,1,0
29,40000,self_employed,male,obc,1,0,0,graduate,kisan_credit_card,0.0,2,1,1,0
29,40000,self_employed,male,obc,1,0,0,graduate,pm_matru_vandana,0.0,2,1,1,0
29,40000,self_employed,male,obc,1,0,0,graduate,mahila_shakti_kendra,0.0,1,1,1,0
29,40000,self_employed,male,obc,1,0,0,graduate,national_scholarship_portal,0.0,3,1,1,0
29,40000,self_employed,male,obc,1,0,0,graduate,pm_scholarship_scheme,0.0,1,2,1,0
29,40000,self_employed,male,obc,1,0,0,graduate,ayushman_bharat,0.0,1,1,1,0
29,40000,self_employed,male,obc,1,0,0,graduate,pm_awas_yojana_gramin,0.0,3,1,1,0
29,40000,self_employed,male,obc,1,0,0,graduate,deen_dayal_disability,0.0,1,1,1,0
29,40000,self_employed,male,obc,1,0,0,graduate,post_matric_sc,0.0,1,2,1,0
29,40000,self_employed,male,obc,1,0,0,graduate,eklavya_model_school,0.0,0,3,1,0
29,40000,self_employed,male,obc,1,0,0,graduate,indira_gandhi_old_age,0.0,1,2,1,0
19,400000,farmer,other,sc,0,1,0,graduate,pm_suraksha_bima,100.0,2,0,0,1
19,400000,farmer,other,sc,0,1,0,graduate,pm_jeevan_jyoti,100.0,2,0,0,1
19,400000,farmer,other,sc,0,1,0,graduate,pm_kisan,75.0,3,1,0,1
19,400000,farmer,other,sc,0,1,0,graduate,pm_awas_yojana_gramin,71.4,3,1,0,0
19,400000,farmer,other,sc,0,1,0,graduate,pm_fasal_bima,66.7,2,1,0,1
19,400000,farmer,other,sc,0,1,0,graduate,kisan_credit_card,66.7,2,1,0,1
19,400000,farmer,other,sc,0,1,0,graduate,mgnregs,66.7,2,1,0,1
19,400000,farmer,other,sc,0,1,0,graduate,ayushman_bharat,60.0,1,1,0,1
19,400000,farmer,other,sc,0,1,0,graduate,pm_matru_vandana,0.0,2,1,1,0
19,400000,farmer,other,sc,0,1,0,graduate,mahila_shakti_kendra,0.0,0,2,1,0
19,400000,farmer,other,sc,0,1,0,graduate,national_scholarship_portal,0.0,2,2,1,0
19,400000,farmer,other,sc,0,1,0,graduate,pm_scholarship_scheme,0.0,2,1,1,0
19,400000,farmer,other,sc,0,1,0,graduate,pm_mudra_yojana,0.0,2,1,1,0
19,400000,farmer,other,sc,0,1,0,graduate,startup_india_seed_fund,0.0,1,1,1,0
19,400000,farmer,other,sc,0,1,0,graduate,deen_dayal_disability,0.0,0,2,1,0
19,400000,farmer,other,sc,0,1,0,graduate,post_matric_sc,0.0,1,2,1,0
19,400000,farmer,other,sc,0,1,0,graduate,eklavya_model_school,0.0,0,3,1,0
19,400000,farmer,other,sc,0,1,0,graduate,indira_gandhi_old_age,0.0,1,2,1,0
24,40000,other,female,general,2.5,0,0,secondary,pm_matru_vandana,100.0,3,0,0,1
24,40000,other,female,general,2.5,0,0,secondary,mahila_shakti_kendra,100.0,2,0,0,1
24,40000,other,female,general,2.5,0,0,secondary,pm_suraksha_bima,100.0,2,0,0,1
24,40000,other,female,general,2.5,0,0,secondary,pm_jeevan_jyoti,100.0,2,0,0,0
24,40000,other,female,general,2.5,0,0,secondary,mgnregs,100.0,3,0,0,1
24,40000,other,female,general,2.5,0,0,secondary,pm_kisan,0.0,3,1,1,0
24,40000,other,female,general,2.5,0,0,secondary,pm_fasal_bima,0.0,2,1,1,0
24,40000,other,female,general,2.5,0,0,secondary,kisan_credit_card,0.0,2,1,1,0
24,40000,other,female,general,2.5,0,0,secondary,national_scholarship_portal,0.0,2,2,1,0
24,40000,other,female,general,2.5,0,0,secondary,pm_scholarship_scheme,0.0,2,1,1,0
24,40000,other,female,general,2.5,0,0,secondary,ayushman_bharat,0.0,1,1,1,0
24,40000,other,female,general,2.5,0,0,secondary,pm_awas_yojana_gramin,0.0,3,1,1,0
24,40000,other,female,general,2.5,0,0,secondary,pm_mudra_yojana,0.0,2,1,1,0
24,40000,other,female,general,2.5,0,0,secondary,startup_india_seed_fund,0.0,1,1,1,0
24,40000,other,female,general,2.5,0,0,secondary,deen_dayal_disability,0.0,1,1,1,0
24,40000,other,female,general,2.5,0,0,secondary,post_matric_sc,0.0,1,2,1,0
24,40000,other,female,general,2.5,0,0,secondary,eklavya_model_school,0.0,0,3,1,0
24,40000,other,female,general,2.5,0,0,secondary,indira_gandhi_old_age,0.0,1,2,1,0
80,0,salaried,female,general,1,0,0,none,pm_matru_vandana,100.0,3,0,0,1
80,0,salaried,female,general,1,0,0,none,mahila_shakti_kendra,100.0,2,0,0,1
80,0,salaried,female,general,1,0,0,none,mgnregs,66.7,2,1,0,1
80,0,salaried,female,general,1,0,0,none,pm_kisan,0.0,3,1,1,0
80,0,salaried,female,general,1,0,0,none,pm_fasal_bima,0.0,2,1,1,0
80,0,salaried,female,general,1,0,0,none,kisan_credit_card,0.0,1,2,1,0
80,0,salaried,female,general,1,0,0,none,national_scholarship_portal,0.0,1,3,1,0
80,0,salaried,female,general,1,0,0,none,pm_scholarship_scheme,0.0,1,2,1,0
80,0,salaried,female,general,1,0,0,none,ayushman_bharat,0.0,1,1,1,0
80,0,salaried,female,general,1,0,0,none,pm_suraksha_bima,0.0,1,1,1,0
80,0,salaried,female,general,1,0,0,none,pm_jeevan_jyoti,0.0,1,1,1,0
80,0,salaried,female,general,1,0,0,none,pm_awas_yojana_gramin,0.0,3,1,1,0
80,0,salaried,female,general,1,0,0,none,pm_mudra_yojana,0.0,1,2,1,0
80,0,salaried,female,general,1,0,0,none,startup_india_seed_fund,0.0,0,2,1,0
80,0,salaried,female,general,1,0,0,none,deen_dayal_disability,0.0,1,1,1,0
80,0,salaried,female,general,1,0,0,none,post_matric_sc,0.0,1,2,1,0
80,0,salaried,female,general,1,0,0,none,eklavya_model_school,0.0,0,3,1,0
80,0,salaried,female,general,1,0,0,none,indira_gandhi_old_age,0.0,2,1,1,0
58,90000,farmer,female,sc,0,0,0,graduate,pm_kisan,100.0,4,0,0,1
58,90000,farmer,female,sc,0,0,0,graduate,pm_matru_vandana,100.0,3,0,0,1
58,90000,farmer,female,sc,0,0,0,graduate,mahila_shakti_kendra,100.0,2,0,0,1
58,90000,farmer,female,sc,0,0,0,graduate,pm_suraksha_bima,100.0,2,0,0,1
58,90000,farmer,female,sc,0,0,0,graduate,mgnregs,100.0,3,0,0,1
58,90000,farmer,female,sc,0,0,0,graduate,pm_fasal_bima,66.7,2,1,0,1
58,90000,farmer,female,sc,0,0,0,graduate,kisan_credit_card,66.7,2,1,0,0
58,90000,farmer,female,sc,0,0,0,graduate,national_scholarship_portal,0.0,2,2,1,0
58,90000,farmer,female,sc,0,0,0,graduate,pm_scholarship_scheme,0.0,1,2,1,0
58,90000,farmer,female,sc,0,0,0,graduate,ayushman_bharat,0.0,1,1,1,0
58,90000,farmer,female,sc,0,0,0,graduate,pm_jeevan_jyoti,0.0,1,1,1,0
58,90000,farmer,female,sc,0,0,0,graduate,pm_awas_yojana_gramin,0.0,3,1,1,0
58,90000,farmer,female,sc,0,0,0,graduate,pm_mudra_yojana,0.0,2,1,1,0
58,90000,farmer,female,sc,0,0,0,graduate,startup_india_seed_fund,0.0,0,2,1,0
58,90000,farmer,female,sc,0,0,0,graduate,deen_dayal_disability,0.0,1,1,1,0
58,90000,farmer,female,sc,0,0,0,graduate,post_matric_sc,0.0,2,1,1,0
58,90000,farmer,female,sc,0,0,0,graduate,eklavya_model_school,0.0,0,3,1,0
58,90000,farmer,female,sc,0,0,0,graduate,indira_gandhi_old_age,0.0,1,2,1,0
40,250000,self_employed,male,sc,0,0,0,graduate,pm_suraksha_bima,100.0,2,0,0,1
40,250000,self_employed,male,sc,0,0,0,graduate,pm_jeevan_jyoti,100.0,2,0,0,1
40,250000,self_employed,male,sc,0,0,0,graduate,pm_mudra_yojana,100.0,3,0,0,1
40,250000,self_employed,male,sc,0,0,0,graduate,startup_india_seed_fund,100.0,2,0,0,1
40,250000,self_employed,male,sc,0,0,0,graduate,mgnregs,66.7,2,1,0,1
40,250000,self_employed,male,sc,0,0,0,graduate,pm_kisan,0.0,2,2,1,0
40,250000,self_employed,male,sc,0,0,0,graduate,pm_fasal_bima,0.0,1,2,1,0
40,250000,self_employed,male,sc,0,0,0,graduate,kisan_credit_card,0.0,1,2,1,0
40,250000,self_employed,male,sc,0,0,0,graduate,pm_matru_vandana,0.0,2,1,1,0
40,250000,self_employed,male,sc,0,0,0,graduate,mahila_shakti_kendra,0.0,1,1,1,0
40,250000,self_employed,male,sc,0,0,0,graduate,national_scholarship_portal,0.0,2,2,1,0
40,250000,self_employed,male,sc,0,0,0,graduate,pm_scholarship_scheme,0.0,1,2,1,0
40,250000,self_employed,male,sc,0,0,0,graduate,ayushman_bharat,0.0,0,2,1,0
40,250000,self_employed,male,sc,0,0,0,graduate,pm_awas_yojana_gramin,0.0,3,1,1,0
40,250000,self_employed,male,sc,0,0,0,graduate,deen_dayal_disability,0.0,1,1,1,0
40,250000,self_employed,male,sc,0,0,0,graduate,post_matric_sc,0.0,2,1,1,0
40,250000,self_employed,male,sc,0,0,0,graduate,eklavya_model_school,0.0,0,3,1,0
40,250000,self_employed,male,sc,0,0,0,graduate,indira_gandhi_old_age,0.0,0,3,1,0
39,250000,self_employed,male,general,5,1,0,graduate,pm_suraksha_bima,100.0,2,0,0,1
39,250000,self_employed,male,general,5,1,0,graduate,pm_jeevan_jyoti,100.0,2,0,0,0
39,250000,self_employed,male,general,5,1,0,graduate,pm_mudra_yojana,100.0,3,0,0,0
39,250000,self_employed,male,general,5,1,0,graduate,startup_india_seed_fund,100.0,2,0,0,0
39,250000,self_employed,male,general,5,1,0,graduate,pm_awas_yojana_gramin,85.7,3,1,0,1
39,250000,self_employed,male,general,5,1,0,graduate,mgnregs,66.7,2,1,0,1
39,250000,self_employed,male,general,5,1,0,graduate,ayushman_bharat,60.0,1,1,0,1
39,250000,self_employed,male,general,5,1,0,graduate,pm_kisan,0.0,2,2,1,0
39,250000,self_employed,male,general,5,1,0,graduate,pm_fasal_bima,0.0,2,1,1,0
39,250000,self_employed,male,general,5,1,0,graduate,kisan_credit_card,0.0,2,1,1,0
39,250000,self_employed,male,general,5,1,0,graduate,pm_matru_vandana,0.0,2,1,1,0
39,250000,self_employed,male,general,5,1,0,graduate,mahila_shakti_kendra,0.0,1,1,1,0
39,250000,self_employed,male,general,5,1,0,graduate,national_scholarship_portal,0.0,1,3,1,0
39,250000,self_employed,male,general,5,1,0,graduate,pm_scholarship_scheme,0.0,1,2,1,0
39,250000,self_employed,male,general,5,1,0,graduate,deen_dayal_disability,0.0,1,1,1,0
39,250000,self_employed,male,general,5,1,0,graduate,post_matric_sc,0.0,1,2,1,0
39,250000,self_employed,male,general,5,1,0,graduate,eklavya_model_school,0.0,0,3,1,0
39,250000,self_employed,male,general,5,1,0,graduate,indira_gandhi_old_age,0.0,1,2,1,0
19,90000,other,other,st,0,1,0,secondary,ayushman_bharat,100.0,2,0,0,1
19,90000,other,other,st,0,1,0,secondary,pm_suraksha_bima,100.0,2,0,0,1
19,90000,other,other,st,0,1,0,secondary,pm_jeevan_jyoti,100.0,2,0,0,1
19,90000,other,other,st,0,1,0,secondary,pm_awas_yojana_gramin,100.0,4,0,0,1
19,90000,other,other,st,0,1,0,secondary,mgnregs,100.0,3,0,0,1
19,90000,other,other,st,0,1,0,secondary,pm_kisan,0.0,3,1,1,0
19,90000,other,other,st,0,1,0,secondary,pm_fasal_bima,0.0,1,2,1,0
19,90000,other,other,st,0,1,0,secondary,kisan_credit_card,0.0,1,2,1,0
19,90000,other,other,st,0,1,0,secondary,pm_matru_vandana,0.0,2,1,1,0
19,90000,other,other,st,0,1,0,secondary,mahila_shakti_kendra,0.0,1,1,1,0
19,90000,other,other,st,0,1,0,secondary,national_scholarship_portal,0.0,3,1,1,0
19,90000,other,other,st,0,1,0,secondary,pm_scholarship_scheme,0.0,2,1,1,0
19,90000,other,other,st,0,1,0,secondary,pm_mudra_yojana,0.0,2,1,1,0
19,90000,other,other,st,0,1,0,secondary,startup_india_seed_fund,0.0,1,1,1,0
19,90000,other,other,st,0,1,0,secondary,deen_dayal_disability,0.0,1,1,1,0
19,90000,other,other,st,0,1,0,secondary,post_matric_sc,0.0,1,2,1,0
19,90000,other,other,st,0,1,0,secondary,eklavya_model_school,0.0,1,2,1,0
19,90000,other,other,st,0,1,0,secondary,indira_gandhi_old_age,0.0,2,1,1,0
51,150000,farmer,male,obc,2.5,0,0,secondary,pm_kisan,100.0,4,0,0,1
51,150000,farmer,male,obc,2.5,0,0,secondary,pm_fasal_bima,100.0,3,0,0,1
51,150000,farmer,male,obc,2.5,0,0,secondary,kisan_credit_card,100.0,3,0,0,1
51,150000,farmer,male,obc,2.5,0,0,secondary,pm_suraksha_bima,100.0,2,0,0,1
51,150000,farmer,male,obc,2.5,0,0,secondary,mgnregs,100.0,3,0,0,1
51,150000,farmer,male,obc,2.5,0,0,secondary,pm_matru_vandana,0.0,2,1,1,0
51,150000,farmer,male,obc,2.5,0,0,secondary,mahila_shakti_kendra,0.0,1,1,1,0
51,150000,farmer,male,obc,2.5,0,0,secondary,national_scholarship_portal,0.0,2,2,1,0
51,150000,farmer,male,obc,2.5,0,0,secondary,pm_scholarship_scheme,0.0,1,2,1,0
51,150000,farmer,male,obc,2.5,0,0,secondary,ayushman_bharat,0.0,0,2,1,0
51,150000,farmer,male,obc,2.5,0,0,secondary,pm_jeevan_jyoti,0.0,1,1,1,0
51,150000,farmer,male,obc,2.5,0,0,secondary,pm_awas_yojana_gramin,0.0,3,1,1,0
51,150000,farmer,male,obc,2.5,0,0,secondary,pm_mudra_yojana,0.0,2,1,1,0
51,150000,farmer,male,obc,2.5,0,0,secondary,startup_india_seed_fund,0.0,0,2,1,0
51,150000,farmer,male,obc,2.5,0,0,secondary,deen_dayal_disability,0.0,1,1,1,0
51,150000,farmer,male,obc,2.5,0,0,secondary,post_matric_sc,0.0,1,2,1,0
51,150000,farmer,male,obc,2.5,0,0,secondary,eklavya_model_school,0.0,0,3,1,0
51,150000,farmer,male,obc,2.5,0,0,secondary,indira_gandhi_old_age,0.0,0,3,1,0
27,400000,unemployed,female,general,2.5,1,0,primary,pm_matru_vandana,100.0,3,0,0,1
27,400000,unemployed,female,general,2.5,1,0,primary,pm_suraksha_bima,100.0,2,0,0,1
27,400000,unemployed,female,general,2.5,1,0,primary,pm_jeevan_jyoti,100.0,2,0,0,1
27,400000,unemployed,female,general,2.5,1,0,primary,pm_awas_yojana_gramin,71.4,3,1,0,1
27,400000,unemployed,female,general,2.5,1,0,primary,mgnregs,66.7,2,1,0,0
27,400000,unemployed,female,general,2.5,1,0,primary,mahila_shakti_kendra,60.0,1,1,0,1
27,400000,unemployed,female,general,2.5,1,0,primary,ayushman_bharat,60.0,1,1,0,1
27,400000,unemployed,female,general,2.5,1,0,primary,pm_kisan,0.0,2,2,1,0
27,400000,unemployed,female,general,2.5,1,0,primary,pm_fasal_bima,0.0,2,1,1,0
27,400000,unemployed,female,general,2.5,1,0,primary,kisan_credit_card,0.0,2,1,1,0
27,400000,unemployed,female,general,2.5,1,0,primary,national_scholarship_portal,0.0,1,3,1,0
27,400000,unemployed,female,general,2.5,1,0,primary,pm_scholarship_scheme,0.0,1,2,1,0
27,400000,unemployed,female,general,2.5,1,0,primary,pm_mudra_yojana,0.0,2,1,1,0
27,400000,unemployed,female,general,2.5,1,0,primary,startup_india_seed_fund,0.0,1,1,1,0
27,400000,unemployed,female,general,2.5,1,0,primary,deen_dayal_disability,0.0,0,2,1,0
27,400000,unemployed,female,general,2.5,1,0,primary,post_matric_sc,0.0,0,3,1,0
27,400000,unemployed,female,general,2.5,1,0,primary,eklavya_model_school,0.0,0,3,1,0
27,400000,unemployed,female,general,2.5,1,0,primary,indira_gandhi_old_age,0.0,1,2,1,0
77,800000,other,female,general,0.5,0,0,postgraduate,pm_matru_vandana,100.0,3,0,0,1
77,800000,other,female,general,0.5,0,0,postgraduate,mgnregs,66.7,2,1,0,1
77,800000,other,female,general,0.5,0,0,postgraduate,mahila_shakti_kendra,60.0,1,1,0,1
77,800000,other,female,general,0.5,0,0,postgraduate,pm_kisan,0.0,2,2,1,0
77,800000,other,female,general,0.5,0,0,postgraduate,pm_fasal_bima,0.0,2,1,1,0
77,800000,other,female,general,0.5,0,0,postgraduate,kisan_credit_card,0.0,1,2,1,0
77,800000,other,female,general,0.5,0,0,postgraduate,national_scholarship_portal,0.0,0,4,1,0
77,800000,other,female,general,0.5,0,0,postgraduate,pm_scholarship_scheme,0.0,0,3,1,0
77,800000,other,female,general,0.5,0,0,postgraduate,ayushman_bharat,0.0,0,2,1,0
77,800000,other,female,general,0.5,0,0,postgraduate,pm_suraksha_bima,0.0,0,2,1,0
77,800000,other,female,general,0.5,0,0,postgraduate,pm_jeevan_jyoti,0.0,0,2,1,0
77,800000,other,female,general,0.5,0,0,postgraduate,pm_awas_yojana_gramin,0.0,2,2,1,0
77,800000,other,female,general,0.5,0,0,postgraduate,pm_mudra_yojana,0.0,1,2,1,0
77,800000,other,female,general,0.5,0,0,postgraduate,startup_india_seed_fund,0.0,0,2,1,0
77,800000,other,female,general,0.5,0,0,postgraduate,deen_dayal_disability,0.0,0,2,1,0
77,800000,other,female,general,0.5,0,0,postgraduate,post_matric_sc,0.0,0,3,1,0
77,800000,other,female,general,0.5,0,0,postgraduate,eklavya_model_school,0.0,0,3,1,0
77,800000,other,female,general,0.5,0,0,postgraduate,indira_gandhi_old_age,0.0,1,2,1,0
80,0,other,male,obc,0,1,0,primary,ayushman_bharat,100.0,2,0,0,1
80,0,other,male,obc,0,1,0,primary,pm_awas_yojana_gramin,100.0,4,0,0,1
80,0,other,male,obc,0,1,0,primary,mgnregs,100.0,3,0,0,0
80,0,other,male,obc,0,1,0,primary,indira_gandhi_old_age,100.0,3,0,0,1
80,0,other,male,obc,0,1,0,primary,pm_kisan,0.0,3,1,1,0
80,0,other,male,obc,0,1,0,primary,pm_fasal_bima,0.0,1,2,1,0
80,0,other,male,obc,0,1,0,primary,kisan_credit_card,0.0,0,3,1,0
80,0,other,male,obc,0,1,0,primary,pm_matru_vandana,0.0,2,1,1,0
80,0,other,male,obc,0,1,0,primary,mahila_shakti_kendra,0.0,1,1,1,0
80,0,other,male,obc,0,1,0,primary,national_scholarship_portal,0.0,2,2,1,0
80,0,other,male,obc,0,1,0,primary,pm_scholarship_scheme,0.0,1,2,1,0
80,0,other,male,obc,0,1,0,primary,pm_suraksha_bima,0.0,1,1,1,0
80,0,other,male,obc,0,1,0,primary,pm_jeevan_jyoti,0.0,1,1,1,0
80,0,other,male,obc,0,1,0,primary,pm_mudra_yojana,0.0,1,2,1,0
80,0,other,male,obc,0,1,0,primary,startup_india_seed_fund,0.0,0,2,1,0
80,0,other,male,obc,0,1,0,primary,deen_dayal_disability,0.0,1,1,1,0
80,0,other,male,obc,0,1,0,primary,post_matric_sc,0.0,1,2,1,0
80,0,other,male,obc,0,1,0,primary,eklavya_model_school,0.0,0,3,1,0
27,90000,daily_wage,other,obc,5,0,0,secondary,pm_suraksha_bima,100.0,2,0,0,1
27,90000,daily_wage,other,obc,5,0,0,secondary,pm_jeevan_jyoti,100.0,2,0,0,1
27,90000,daily_wage,other,obc,5,0,0,secondary,mgnregs,100.0,3,0,0,1
27,90000,daily_wage,other,obc,5,0,0,secondary,pm_kisan,0.0,3,1,1,0
27,90000,daily_wage,other,obc,5,0,0,secondary,pm_fasal_bima,0.0,2,1,1,0
27,90000,daily_wage,other,obc,5,0,0,secondary,kisan_credit_card,0.0,2,1,1,0
27,90000,daily_wage,other,obc,5,0,0,secondary,pm_matru_vandana,0.0,2,1,1,0
27,90000,daily_wage,other,obc,5,0,0,secondary,mahila_shakti_kendra,0.0,1,1,1,0
27,90000,daily_wage,other,obc,5,0,0,secondary,national_scholarship_portal,0.0,3,1,1,0
27,90000,daily_wage,other,obc,5,0,0,secondary,pm_scholarship_scheme,0.0,1,2,1,0
27,90000,daily_wage,other,obc,5,0,0,secondary,ayushman_bharat,0.0,1,1,1,0
27,90000,daily_wage,other,obc,5,0,0,secondary,pm_awas_yojana_gramin,0.0,2,2,1,0
27,90000,daily_wage,other,obc,5,0,0,secondary,pm_mudra_yojana,0.0,2,1,1,0
27,90000,daily_wage,other,obc,5,0,0,secondary,startup_india_seed_fund,0.0,1,1,1,0
27,90000,daily_wage,other,obc,5,0,0,secondary,deen_dayal_disability,0.0,1,1,1,0
27,90000,daily_wage,other,obc,5,0,0,secondary,post_matric_sc,0.0,1,2,1,0
27,90000,daily_wage,other,obc,5,0,0,secondary,eklavya_model_school,0.0,0,3,1,0
27,90000,daily_wage,other,obc,5,0,0,secondary,indira_gandhi_old_age,0.0,1,2,1,0
69,0,salaried,other,sc,0.5,0,0,graduate,pm_suraksha_bima,100.0,2,0,0,1
69,0,salaried,other,sc,0.5,0,0,graduate,mgnregs,66.7,2,1,0,1
69,0,salaried,other,sc,0.5,0,0,graduate,pm_kisan,0.0,3,1,1,0
69,0,salaried,other,sc,0.5,0,0,graduate,pm_fasal_bima,0.0,2,1,1,0
69,0,salaried,other,sc,0.5,0,0,graduate,kisan_credit_card,0.0,2,1,1,0
69,0,salaried,other,sc,0.5,0,0,graduate,pm_matru_vandana,0.0,2,1,1,0
69,0,salaried,other,sc,0.5,0,0,graduate,mahila_shakti_kendra,0.0,1,1,1,0
69,0,salaried,other,sc,0.5,0,0,graduate,national_scholarship_portal,0.0,2,2,1,0
69,0,salaried,other,sc,0.5,0,0,graduate,pm_scholarship_scheme,0.0,1,2,1,0
69,0,salaried,other,sc,0.5,0,0,graduate,ayushman_bharat,0.0,1,1,1,0
69,0,salaried,other,sc,0.5,0,0,graduate,pm_jeevan_jyoti,0.0,1,1,1,0
69,0,salaried,other,sc,0.5,0,0,graduate,pm_awas_yojana_gramin,0.0,3,1,1,0
69,0,salaried,other,sc,0.5,0,0,graduate,pm_mudra_yojana,0.0,1,2,1,0
69,0,salaried,other,sc,0.5,0,0,graduate,startup_india_seed_fund,0.0,0,2,1,0
69,0,salaried,other,sc,0.5,0,0,graduate,deen_dayal_disability,0.0,1,1,1,0
69,0,salaried,other,sc,0.5,0,0,graduate,post_matric_sc,0.0,2,1,1,0
69,0,salaried,other,sc,0.5,0,0,graduate,eklavya_model_school,0.0,0,3,1,0
69,0,salaried,other,sc,0.5,0,0,graduate,indira_gandhi_old_age,0.0,2,1,1,0
75,150000,self_employed,other,obc,8,0,0,secondary,mgnregs,100.0,3,0,0,1
75,150000,self_employed,other,obc,8,0,0,secondary,startup_india_seed_fund,75.0,1,1,0,1
75,150000,self_employed,other,obc,8,0,0,secondary,pm_kisan,0.0,2,2,1,0
75,150000,self_employed,other,obc,8,0,0,secondary,pm_fasal_bima,0.0,2,1,1,0
75,150000,self_employed,other,obc,8,0,0,secondary,kisan_credit_card,0.0,2,1,1,0
75,150000,self_employed,other,obc,8,0,0,secondary,pm_matru_vandana,0.0,2,1,1,0
75,150000,self_employed,other,obc,8,0,0,secondary,mahila_shakti_kendra,0.0,1,1,1,0
75,150000,self_employed,other,obc,8,0,0,secondary,national_scholarship_portal,0.0,2,2,1,0
75,150000,self_employed,other,obc,8,0,0,secondary,pm_scholarship_scheme,0.0,1,2,1,0
75,150000,self_employed,other,obc,8,0,0,secondary,ayushman_bharat,0.0,0,2,1,0
75,150000,self_employed,other,obc,8,0,0,secondary,pm_suraksha_bima,0.0,1,1,1,0
75,150000,self_employed,other,obc,8,0,0,secondary,pm_jeevan_jyoti,0.0,1,1,1,0
75,150000,self_employed,other,obc,8,0,0,secondary,pm_awas_yojana_gramin,0.0,2,2,1,0
75,150000,self_employed,other,obc,8,0,0,secondary,pm_mudra_yojana,0.0,2,1,1,0
75,150000,self_employed,other,obc,8,0,0,secondary,deen_dayal_disability,0.0,1,1,1,0
75,150000,self_employed,other,obc,8,0,0,secondary,post_matric_sc,0.0,1,2,1,0
75,150000,self_employed,other,obc,8,0,0,secondary,eklavya_model_school,0.0,0,3,1,0
75,150000,self_employed,other,obc,8,0,0,secondary,indira_gandhi_old_age,0.0,1,2,1,0
75,40000,self_employed,female,obc,0,1,0,postgraduate,pm_matru_vandana,100.0,3,0,0,1
75,40000,self_employed,female,obc,0,1,0,postgraduate,mahila_shakti_kendra,100.0,2,0,0,1
75,40000,self_employed,female,obc,0,1,0,postgraduate,ayushman_bharat,100.0,2,0,0,1
75,40000,self_employed,female,obc,0,1,0,postgraduate,pm_awas_yojana_gramin,100.0,4,0,0,1
75,40000,self_employed,female,obc,0,1,0,postgraduate,mgnregs,100.0,3,0,0,1
75,40000,self_employed,female,obc,0,1,0,postgraduate,indira_gandhi_old_age,100.0,3,0,0,1
75,40000,self_employed,female,obc,0,1,0,postgraduate,startup_india_seed_fund,75.0,1,1,0,1
75,40000,self_employed,female,obc,0,1,0,postgraduate,pm_kisan,0.0,3,1,1,0
75,40000,self_employed,female,obc,0,1,0,postgraduate,pm_fasal_bima,0.0,1,2,1,0
75,40000,self_employed,female,obc,0,1,0,postgraduate,kisan_credit_card,0.0,1,2,1,0
75,40000,self_employed,female,obc,0,1,0,postgraduate,national_scholarship_portal,0.0,2,2,1,0
75,40000,self_employed,female,obc,0,1,0,postgraduate,pm_scholarship_scheme,0.0,1,2,1,0
75,40000,self_employed,female,obc,0,1,0,postgraduate,pm_suraksha_bima,0.0,1,1,1,0
75,40000,self_employed,female,obc,0,1,0,postgraduate,pm_jeevan_jyoti,0.0,1,1,1,0
75,40000,self_employed,female,obc,0,1,0,postgraduate,pm_mudra_yojana,0.0,2,1,1,0
75,40000,self_employed,female,obc,0,1,0,postgraduate,deen_dayal_disability,0.0,1,1,1,0
75,40000,self_employed,female,obc,0,1,0,postgraduate,post_matric_sc,0.0,1,2,1,0
75,40000,self_employed,female,obc,0,1,0,postgraduate,eklavya_model_school,0.0,0,3,1,0
46,150000,daily_wage,female,general,0.5,0,0,graduate,pm_matru_vandana,100.0,3,0,0,1
46,150000,daily_wage,female,general,0.5,0,0,graduate,mahila_shakti_kendra,100.0,2,0,0,1
46,150000,daily_wage,female,general,0.5,0,0,graduate,pm_suraksha_bima,100.0,2,0,0,1
46,150000,daily_wage,female,general,0.5,0,0,graduate,pm_jeevan_jyoti,100.0,2,0,0,1
46,150000,daily_wage,female,general,0.5,0,0,graduate,mgnregs,100.0,3,0,0,1
46,150000,daily_wage,female,general,0.5,0,0,graduate,pm_kisan,0.0,3,1,1,0
46,150000,daily_wage,female,general,0.5,0,0,graduate,pm_fasal_bima,0.0,2,1,1,0
46,150000,daily_wage,female,general,0.5,0,0,graduate,kisan_credit_card,0.0,2,1,1,0
46,150000,daily_wage,female,general,0.5,0,0,graduate,national_scholarship_portal,0.0,1,3,1,0
46,150000,daily_wage,female,general,0.5,0,0,graduate,pm_scholarship_scheme,0.0,1,2,1,0
46,150000,daily_wage,female,general,0.5,0,0,graduate,ayushman_bharat,0.0,0,2,1,0
46,150000,daily_wage,female,general,0.5,0,0,graduate,pm_awas_yojana_gramin,0.0,3,1,1,0
46,150000,daily_wage,female,general,0.5,0,0,graduate,pm_mudra_yojana,0.0,2,1,1,0
46,150000,daily_wage,female,general,0.5,0,0,graduate,startup_india_seed_fund,0.0,1,1,1,0
46,150000,daily_wage,female,general,0.5,0,0,graduate,deen_dayal_disability,0.0,1,1,1,0
46,150000,daily_wage,female,general,0.5,0,0,graduate,post_matric_sc,0.0,1,2,1,0
46,150000,daily_wage,female,general,0.5,0,0,graduate,eklavya_model_school,0.0,0,3,1,0
46,150000,daily_wage,female,general,0.5,0,0,graduate,indira_gandhi_old_age,0.0,0,3,1,0
52,40000,salaried,other,st,0.5,0,0,postgraduate,pm_suraksha_bima,100.0,2,0,0,1
52,40000,salaried,other,st,0.5,0,0,postgraduate,mgnregs,66.7,2,1,0,0
52,40000,salaried,other,st,0.5,0,0,postgraduate,pm_kisan,0.0,3,1,1,0
52,40000,salaried,other,st,0.5,0,0,postgraduate,pm_fasal_bima,0.0,2,1,1,0
52,40000,salaried,other,st,0.5,0,0,postgraduate,kisan_credit_card,0.0,2,1,1,0
52,40000,salaried,other,st,0.5,0,0,postgraduate,pm_matru_vandana,0.0,2,1,1,0
52,40000,salaried,other,st,0.5,0,0,postgraduate,mahila_shakti_kendra,0.0,1,1,1,0
52,40000,salaried,other,st,0.5,0,0,postgraduate,national_scholarship_portal,0.0,2,2,1,0
52,40000,salaried,other,st,0.5,0,0,postgraduate,pm_scholarship_scheme,0.0,1,2,1,0
52,40000,salaried,other,st,0.5,0,0,postgraduate,ayushman_bharat,0.0,1,1,1,0
52,40000,salaried,other,st,0.5,0,0,postgraduate,pm_jeevan_jyoti,0.0,1,1,1,0
52,40000,salaried,other,st,0.5,0,0,postgraduate,pm_awas_yojana_gramin,0.0,3,1,1,0
52,40000,salaried,other,st,0.5,0,0,postgraduate,pm_mudra_yojana,0.0,2,1,1,0
52,40000,salaried,other,st,0.5,0,0,postgraduate,startup_india_seed_fund,0.0,0,2,1,0
52,40000,salaried,other,st,0.5,0,0,postgraduate,deen_dayal_disability,0.0,1,1,1,0
52,40000,salaried,other,st,0.5,0,0,postgraduate,post_matric_sc,0.0,1,2,1,0
52,40000,salaried,other,st,0.5,0,0,postgraduate,eklavya_model_school,0.0,1,2,1,0
52,40000,salaried,other,st,0.5,0,0,postgraduate,indira_gandhi_old_age,0.0,1,2,1,0
62,90000,student,other,st,0,1,0,secondary,ayushman_bharat,100.0,2,0,0,1
62,90000,student,other,st,0,1,0,secondary,pm_suraksha_bima,100.0,2,0,0,1
62,90000,student,other,st,0,1,0,secondary,pm_awas_yojana_gramin,100.0,4,0,0,1
62,90000,student,other,st,0,1,0,secondary,indira_gandhi_old_age,100.0,3,0,0,1
62,90000,student,other,st,0,1,0,secondary,national_scholarship_portal,87.5,3,1,0,1
62,90000,student,other,st,0,1,0,secondary,pm_scholarship_scheme,83.3,2,1,0,1
62,90000,student,other,st,0,1,0,secondary,eklavya_model_school,83.3,2,1,0,1
62,90000,student,other,st,0,1,0,secondary,mgnregs,66.7,2,1,0,1
62,90000,student,other,st,0,1,0,secondary,pm_kisan,0.0,3,1,1,0
62,90000,student,other,st,0,1,0,secondary,pm_fasal_bima,0.0,1,2,1,0
62,90000,student,other,st,0,1,0,secondary,kisan_credit_card,0.0,1,2,1,0
62,90000,student,other,st,0,1,0,secondary,pm_matru_vandana,0.0,2,1,1,0
62,90000,student,other,st,0,1,0,secondary,mahila_shakti_kendra,0.0,1,1,1,0
62,90000,student,other,st,0,1,0,secondary,pm_jeevan_jyoti,0.0,1,1,1,0
62,90000,student,other,st,0,1,0,secondary,pm_mudra_yojana,0.0,2,1,1,0
62,90000,student,other,st,0,1,0,secondary,startup_india_seed_fund,0.0,0,2,1,0
62,90000,student,other,st,0,1,0,secondary,deen_dayal_disability,0.0,1,1,1,0
62,90000,student,other,st,0,1,0,secondary,post_matric_sc,0.0,2,1,1,0
58,40000,salaried,other,sc,8,0,1,graduate,pm_suraksha_bima,100.0,2,0,0,1
58,40000,salaried,other,sc,8,0,1,graduate,deen_dayal_disability,100.0,2,0,0,1
58,40000,salaried,other,sc,8,0,1,graduate,mgnregs,66.7,2,1,0,1
58,40000,salaried,other,sc,8,0,1,graduate,pm_kisan,0.0,2,2,1,0
58,40000,salaried,other,sc,8,0,1,graduate,pm_fasal_bima,0.0,2,1,1,0
58,40000,salaried,other,sc,8,0,1,graduate,kisan_credit_card,0.0,2,1,1,0
58,40000,salaried,other,sc,8,0,1,graduate,pm_matru_vandana,0.0,2,1,1,0
58,40000,salaried,other,sc,8,0,1,graduate,mahila_shakti_kendra,0.0,1,1,1,0
58,40000,salaried,other,sc,8,0,1,graduate,national_scholarship_portal,0.0,2,2,1,0
58,40000,salaried,other,sc,8,0,1,graduate,pm_scholarship_scheme,0.0,1,2,1,0
58,40000,salaried,other,sc,8,0,1,graduate,ayushman_bharat,0.0,1,1,1,0
58,40000,salaried,other,sc,8,0,1,graduate,pm_jeevan_jyoti,0.0,1,1,1,0
58,40000,salaried,other,sc,8,0,1,graduate,pm_awas_yojana_gramin,0.0,2,2,1,0
58,40000,salaried,other,sc,8,0,1,graduate,pm_mudra_yojana,0.0,2,1,1,0
58,40000,salaried,other,sc,8,0,1,graduate,startup_india_seed_fund,0.0,0,2,1,0
58,40000,salaried,other,sc,8,0,1,graduate,post_matric_sc,0.0,2,1,1,0
58,40000,salaried,other,sc,8,0,1,graduate,eklavya_model_school,0.0,0,3,1,0
58,40000,salaried,other,sc,8,0,1,graduate,indira_gandhi_old_age,0.0,1,2,1,0
37,800000,student,other,obc,2.5,0,0,none,pm_suraksha_bima,66.7,1,1,0,1
37,800000,student,other,obc,2.5,0,0,none,pm_jeevan_jyoti,66.7,1,1,0,1
37,800000,student,other,obc,2.5,0,0,none,national_scholarship_portal,62.5,2,2,0,0
37,800000,student,other,obc,2.5,0,0,none,pm_scholarship_scheme,50.0,1,2,0,0
37,800000,student,other,obc,2.5,0,0,none,mgnregs,33.3,1,2,0,1
37,800000,student,other,obc,2.5,0,0,none,pm_kisan,0.0,2,2,1,0
37,800000,student,other,obc,2.5,0,0,none,pm_fasal_bima,0.0,2,1,1,0
37,800000,student,other,obc,2.5,0,0,none,kisan_credit_card,0.0,2,1,1,0
37,800000,student,other,obc,2.5,0,0,none,pm_matru_vandana,0.0,2,1,1,0
37,800000,student,other,obc,2.5,0,0,none,mahila_shakti_kendra,0.0,0,2,1,0
37,800000,student,other,obc,2.5,0,0,none,ayushman_bharat,0.0,0,2,1,0
37,800000,student,other,obc,2.5,0,0,none,pm_awas_yojana_gramin,0.0,2,2,1,0
37,800000,student,other,obc,2.5,0,0,none,pm_mudra_yojana,0.0,2,1,1,0
37,800000,student,other,obc,2.5,0,0,none,startup_india_seed_fund,0.0,1,1,1,0
37,800000,student,other,obc,2.5,0,0,none,deen_dayal_disability,0.0,0,2,1,0
37,800000,student,other,obc,2.5,0,0,none,post_matric_sc,0.0,1,2,1,0
37,800000,student,other,obc,2.5,0,0,none,eklavya_model_school,0.0,1,2,1,0
37,800000,student,other,obc,2.5,0,0,none,indira_gandhi_old_age,0.0,0,3,1,0
42,400000,unemployed,female,st,0,0,0,postgraduate,pm_matru_vandana,100.0,3,0,0,1
42,400000,unemployed,female,st,0,0,0,postgraduate,pm_suraksha_bima,100.0,2,0,0,1
42,400000,unemployed,female,st,0,0,0,postgraduate,pm_jeevan_jyoti,100.0,2,0,0,1
42,400000,unemployed,female,st,0,0,0,postgraduate,mgnregs,66.7,2,1,0,1
42,400000,unemployed,female,st,0,0,0,postgraduate,mahila_shakti_kendra,60.0,1,1,0,0
42,400000,unemployed,female,st,0,0,0,postgraduate,pm_kisan,0.0,2,2,1,0
42,400000,unemployed,female,st,0,0,0,postgraduate,pm_fasal_bima,0.0,1,2,1,0
42,400000,unemployed,female,st,0,0,0,postgraduate,kisan_credit_card,0.0,1,2,1,0
42,400000,unemployed,female,st,0,0,0,postgraduate,national_scholarship_portal,0.0,1,3,1,0
42,400000,unemployed,female,st,0,0,0,postgraduate,pm_scholarship_scheme,0.0,1,2,1,0
42,400000,unemployed,female,st,0,0,0,postgraduate,ayushman_bharat,0.0,0,2,1,0
42,400000,unemployed,female,st,0,0,0,postgraduate,pm_awas_yojana_gramin,0.0,2,2,1,0
42,400000,unemployed,female,st,0,0,0,postgraduate,pm_mudra_yojana,0.0,2,1,1,0
42,400000,unemployed,female,st,0,0,0,postgraduate,startup_india_seed_fund,0.0,1,1,1,0
42,400000,unemployed,female,st,0,0,0,postgraduate,deen_dayal_disability,0.0,0,2,1,0
42,400000,unemployed,female,st,0,0,0,postgraduate,post_matric_sc,0.0,0,3,1,0
42,400000,unemployed,female,st,0,0,0,postgraduate,eklavya_model_school,0.0,1,2,1,0
42,400000,unemployed,female,st,0,0,0,postgraduate,indira_gandhi_old_age,0.0,0,3,1,0
54,250000,unemployed,male,st,1,0,0,secondary,pm_suraksha_bima,100.0,2,0,0,1
54,250000,unemployed,male,st,1,0,0,secondary,mgnregs,66.7,2,1,0,0
54,250000,unemployed,male,st,1,0,0,secondary,pm_kisan,0.0,2,2,1,0
54,250000,unemployed,male,st,1,0,0,secondary,pm_fasal_bima,0.0,2,1,1,0
54,250000,unemployed,male,st,1,0,0,secondary,kisan_credit_card,0.0,2,1,1,0
54,250000,unemployed,male,st,1,0,0,secondary,pm_matru_vandana,0.0,2,1,1,0
54,250000,unemployed,male,st,1,0,0,secondary,mahila_shakti_kendra,0.0,1,1,1,0
54,250000,unemployed,male,st,1,0,0,secondary,national_scholarship_portal,0.0,2,2,1,0
54,250000,unemployed,male,st,1,0,0,secondary,pm_scholarship_scheme,0.0,1,2,1,0
54,250000,unemployed,male,st,1,0,0,secondary,ayushman_bharat,0.0,0,2,1,0
54,250000,unemployed,male,st,1,0,0,secondary,pm_jeevan_jyoti,0.0,1,1,1,0
54,250000,unemployed,male,st,1,0,0,secondary,pm_awas_yojana_gramin,0.0,3,1,1,0
54,250000,unemployed,male,st,1,0,0,secondary,pm_mudra_yojana,0.0,2,1,1,0
54,250000,unemployed,male,st,1,0,0,secondary,startup_india_seed_fund,0.0,0,2,1,0
54,250000,unemployed,male,st,1,0,0,secondary,deen_dayal_disability,0.0,1,1,1,0
54,250000,unemployed,male,st,1,0,0,secondary,post_matric_sc,0.0,1,2,1,0
54,250000,unemployed,male,st,1,0,0,secondary,eklavya_model_school,0.0,1,2,1,0
54,250000,unemployed,male,st,1,0,0,secondary,indira_gandhi_old_age,0.0,0,3,1,0
60,90000,self_employed,male,sc,0,0,0,secondary,pm_suraksha_bima,100.0,2,0,0,1
60,90000,self_employed,male,sc,0,0,0,secondary,mgnregs,100.0,3,0,0,1
60,90000,self_employed,male,sc,0,0,0,secondary,pm_mudra_yojana,100.0,3,0,0,1
60,90000,self_employed,male,sc,0,0,0,secondary,startup_india_seed_fund,75.0,1,1,0,1
60,90000,self_employed,male,sc,0,0,0,secondary,pm_kisan,0.0,3,1,1,0
60,90000,self_employed,male,sc,0,0,0,secondary,pm_fasal_bima,0.0,1,2,1,0
60,90000,self_employed,male,sc,0,0,0,secondary,kisan_credit_card,0.0,1,2,1,0
60,90000,self_employed,male,sc,0,0,0,secondary,pm_matru_vandana,0.0,2,1,1,0
60,90000,self_employed,male,sc,0,0,0,secondary,mahila_shakti_kendra,0.0,1,1,1,0
60,90000,self_employed,male,sc,0,0,0,secondary,national_scholarship_portal,0.0,2,2,1,0
60,90000,self_employed,male,sc,0,0,0,secondary,pm_scholarship_scheme,0.0,1,2,1,0
60,90000,self_employed,male,sc,0,0,0,secondary,ayushman_bharat,0.0,1,1,1,0
60,90000,self_employed,male,sc,0,0,0,secondary,pm_jeevan_jyoti,0.0,1,1,1,0
60,90000,self_employed,male,sc,0,0,0,secondary,pm_awas_yojana_gramin,0.0,3,1,1,0
60,90000,self_employed,male,sc,0,0,0,secondary,deen_dayal_disability,0.0,1,1,1,0
60,90000,self_employed,male,sc,0,0,0,secondary,post_matric_sc,0.0,2,1,1,0
60,90000,self_employed,male,sc,0,0,0,secondary,eklavya_model_school,0.0,0,3,1,0
60,90000,self_employed,male,sc,0,0,0,secondary,indira_gandhi_old_age,0.0,2,1,1,0
22,150000,unemployed,male,general,1,0,0,primary,pm_suraksha_bima,100.0,2,0,0,0
22,150000,unemployed,male,general,1,0,0,primary,pm_jeevan_jyoti,100.0,2,0,0,1
22,150000,unemployed,male,general,1,0,0,primary,mgnregs,100.0,3,0,0,1
22,150000,unemployed,male,general,1,0,0,primary,pm_kisan,0.0,3,1,1,0
22,150000,unemployed,male,general,1,0,0,primary,pm_fasal_bima,0.0,2,1,1,0
22,150000,unemployed,male,general,1,0,0,primary,kisan_credit_card,0.0,2,1,1,0
22,150000,unemployed,male,general,1,0,0,primary,pm_matru_vandana,0.0,2,1,1,0
22,150000,unemployed,male,general,1,0,0,primary,mahila_shakti_kendra,0.0,1,1,1,0
22,150000,unemployed,male,general,1,0,0,primary,national_scholarship_portal,0.0,2,2,1,0
22,150000,unemployed,male,general,1,0,0,primary,pm_scholarship_scheme,0.0,2,1,1,0
22,150000,unemployed,male,general,1,0,0,primary,ayushman_bharat,0.0,0,2,1,0
22,150000,unemployed,male,general,1,0,0,primary,pm_awas_yojana_gramin,0.0,3,1,1,0
22,150000,unemployed,male,general,1,0,0,primary,pm_mudra_yojana,0.0,2,1,1,0
22,150000,unemployed,male,general,1,0,0,primary,startup_india_seed_fund,0.0,1,1,1,0
22,150000,unemployed,male,general,1,0,0,primary,deen_dayal_disability,0.0,1,1,1,0
22,150000,unemployed,male,general,1,0,0,primary,post_matric_sc,0.0,1,2,1,0
22,150000,unemployed,male,general,1,0,0,primary,eklavya_model_school,0.0,0,3,1,0
22,150000,unemployed,male,general,1,0,0,primary,indira_gandhi_old_age,0.0,0,3,1,0
41,250000,self_employed,female,general,5,0,0,none,pm_matru_vandana,100.0,3,0,0,1
41,250000,self_employed,female,general,5,0,0,none,mahila_shakti_kendra,100.0,2,0,0,1
41,250000,self_employed,female,general,5,0,0,none,pm_suraksha_bima,100.0,2,0,0,1
41,250000,self_employed,female,general,5,0,0,none,pm_jeevan_jyoti,100.0,2,0,0,1
41,250000,self_employed,female,general,5,0,0,none,pm_mudra_yojana,100.0,3,0,0,1
41,250000,self_employed,female,general,5,0,0,none,startup_india_seed_fund,100.0,2,0,0,1
41,250000,self_employed,female,general,5,0,0,none,mgnregs,66.7,2,1,0,0
41,250000,self_employed,female,general,5,0,0,none,pm_kisan,0.0,2,2,1,0
41,250000,self_employed,female,general,5,0,0,none,pm_fasal_bima,0.0,2,1,1,0
41,250000,self_employed,female,general,5,0,0,none,kisan_credit_card,0.0,2,1,1,0
41,250000,self_employed,female,general,5,0,0,none,national_scholarship_portal,0.0,1,3,1,0
41,250000,self_employed,female,general,5,0,0,none,pm_scholarship_scheme,0.0,1,2,1,0
41,250000,self_employed,female,general,5,0,0,none,ayushman_bharat,0.0,0,2,1,0
41,250000,self_employed,female,general,5,0,0,none,pm_awas_yojana_gramin,0.0,2,2,1,0
41,250000,self_employed,female,general,5,0,0,none,deen_dayal_disability,0.0,1,1,1,0
41,250000,self_employed,female,general,5,0,0,none,post_matric_sc,0.0,1,2,1,0
41,250000,self_employed,female,general,5,0,0,none,eklavya_model_school,0.0,0,3,1,0
41,250000,self_employed,female,general,5,0,0,none,indira_gandhi_old_age,0.0,0,3,1,0
58,250000,salaried,other,st,8,0,0,none,pm_suraksha_bima,100.0,2,0,0,1
58,250000,salaried,other,st,8,0,0,none,mgnregs,33.3,1,2,0,1
58,250000,salaried,other,st,8,0,0,none,pm_kisan,0.0,1,3,1,0
58,250000,salaried,other,st,8,0,0,none,pm_fasal_bima,0.0,2,1,1,0
58,250000,salaried,other,st,8,0,0,none,kisan_credit_card,0.0,2,1,1,0
58,250000,salaried,other,st,8,0,0,none,pm_matru_vandana,0.0,2,1,1,0
58,250000,salaried,other,st,8,0,0,none,mahila_shakti_kendra,0.0,1,1,1,0
58,250000,salaried,other,st,8,0,0,none,national_scholarship_portal,0.0,2,2,1,0
58,250000,salaried,other,st,8,0,0,none,pm_scholarship_scheme,0.0,1,2,1,0
58,250000,salaried,other,st,8,0,0,none,ayushman_bharat,0.0,0,2,1,0
58,250000,salaried,other,st,8,0,0,none,pm_jeevan_jyoti,0.0,1,1,1,0
58,250000,salaried,other,st,8,0,0,none,pm_awas_yojana_gramin,0.0,2,2,1,0
58,250000,salaried,other,st,8,0,0,none,pm_mudra_yojana,0.0,2,1,1,0
58,250000,salaried,other,st,8,0,0,none,startup_india_seed_fund,0.0,0,2,1,0
58,250000,salaried,other,st,8,0,0,none,deen_dayal_disability,0.0,1,1,1,0
58,250000,salaried,other,st,8,0,0,none,post_matric_sc,0.0,1,2,1,0
58,250000,salaried,other,st,8,0,0,none,eklavya_model_school,0.0,1,2,1,0
58,250000,salaried,other,st,8,0,0,none,indira_gandhi_old_age,0.0,0,3,1,0
59,250000,daily_wage,other,obc,2.5,0,0,graduate,pm_suraksha_bima,100.0,2,0,0,1
59,250000,daily_wage,other,obc,2.5,0,0,graduate,mgnregs,66.7,2,1,0,1
59,250000,daily_wage,other,obc,2.5,0,0,graduate,pm_kisan,0.0,2,2,1,0
59,250000,daily_wage,other,obc,2.5,0,0,graduate,pm_fasal_bima,0.0,2,1,1,0
59,250000,daily_wage,other,obc,2.5,0,0,graduate,kisan_credit_card,0.0,2,1,1,0
59,250000,daily_wage,other,obc,2.5,0,0,graduate,pm_matru_vandana,0.0,2,1,1,0
59,250000,daily_wage,other,obc,2.5,0,0,graduate,mahila_shakti_kendra,0.0,1,1,1,0
59,250000,daily_wage,other,obc,2.5,0,0,graduate,national_scholarship_portal,0.0,2,2,1,0
59,250000,daily_wage,other,obc,2.5,0,0,graduate,pm_scholarship_scheme,0.0,1,2,1,0
59,250000,daily_wage,other,obc,2.5,0,0,graduate,ayushman_bharat,0.0,0,2,1,0
59,250000,daily_wage,other,obc,2.5,0,0,graduate,pm_jeevan_jyoti,0.0,1,1,1,0
59,250000,daily_wage,other,obc,2.5,0,0,graduate,pm_awas_yojana_gramin,0.0,3,1,1,0
59,250000,daily_wage,other,obc,2.5,0,0,graduate,pm_mudra_yojana,0.0,2,1,1,0
59,250000,daily_wage,other,obc,2.5,0,0,graduate,startup_india_seed_fund,0.0,0,2,1,0
59,250000,daily_wage,other,obc,2.5,0,0,graduate,deen_dayal_disability,0.0,1,1,1,0
59,250000,daily_wage,other,obc,2.5,0,0,graduate,post_matric_sc,0.0,1,2,1,0
59,250000,daily_wage,other,obc,2.5,0,0,graduate,eklavya_model_school,0.0,0,3,1,0
59,250000,daily_wage,other,obc,2.5,0,0,graduate,indira_gandhi_old_age,0.0,0,3,1,0
57,150000,farmer,female,st,1,0,0,secondary,pm_kisan,100.0,4,0,0,1
57,150000,farmer,female,st,1,0,0,secondary,pm_fasal_bima,100.0,3,0,0,1
57,150000,farmer,female,st,1,0,0,secondary,kisan_credit_card,100.0,3,0,0,1
57,150000,farmer,female,st,1,0,0,secondary,pm_matru_vandana,100.0,3,0,0,1
57,150000,farmer,female,st,1,0,0,secondary,mahila_shakti_kendra,100.0,2,0,0,1
57,150000,farmer,female,st,1,0,0,secondary,pm_suraksha_bima,100.0,2,0,0,1
57,150000,farmer,female,st,1,0,0,secondary,mgnregs,100.0,3,0,0,1
57,150000,farmer,female,st,1,0,0,secondary,national_scholarship_portal,0.0,2,2,1,0
57,150000,farmer,female,st,1,0,0,secondary,pm_scholarship_scheme,0.0,1,2,1,0
57,150000,farmer,female,st,1,0,0,secondary,ayushman_bharat,0.0,0,2,1,0
57,150000,farmer,female,st,1,0,0,secondary,pm_jeevan_jyoti,0.0,1,1,1,0
57,150000,farmer,female,st,1,0,0,secondary,pm_awas_yojana_gramin,0.0,3,1,1,0
57,150000,farmer,female,st,1,0,0,secondary,pm_mudra_yojana,0.0,2,1,1,0
57,150000,farmer,female,st,1,0,0,secondary,startup_india_seed_fund,0.0,0,2,1,0
57,150000,farmer,female,st,1,0,0,secondary,deen_dayal_disability,0.0,1,1,1,0
57,150000,farmer,female,st,1,0,0,secondary,post_matric_sc,0.0,1,2,1,0
57,150000,farmer,female,st,1,0,0,secondary,eklavya_model_school,0.0,1,2,1,0
57,150000,farmer,female,st,1,0,0,secondary,indira_gandhi_old_age,0.0,0,3,1,0
44,150000,student,female,obc,5,0,0,postgraduate,pm_matru_vandana,100.0,3,0,0,1
44,150000,student,female,obc,5,0,0,postgraduate,mahila_shakti_kendra,100.0,2,0,0,1
44,150000,student,female,obc,5,0,0,postgraduate,pm_suraksha_bima,100.0,2,0,0,1
44,150000,student,female,obc,5,0,0,postgraduate,pm_jeevan_jyoti,100.0,2,0,0,1
44,150000,student,female,obc,5,0,0,postgraduate,national_scholarship_portal,87.5,3,1,0,1
44,150000,student,female,obc,5,0,0,postgraduate,pm_scholarship_scheme,83.3,2,1,0,1
44,150000,student,female,obc,5,0,0,postgraduate,mgnregs,66.7,2,1,0,0
44,150000,student,female,obc,5,0,0,postgraduate,pm_kisan,0.0,3,1,1,0
44,150000,student,female,obc,5,0,0,postgraduate,pm_fasal_bima,0.0,2,1,1,0
44,150000,student,female,obc,5,0,0,postgraduate,kisan_credit_card,0.0,2,1,1,0
44,150000,student,female,obc,5,0,0,postgraduate,ayushman_bharat,0.0,0,2,1,0
44,150000,student,female,obc,5,0,0,postgraduate,pm_awas_yojana_gramin,0.0,2,2,1,0
44,150000,student,female,obc,5,0,0,postgraduate,pm_mudra_yojana,0.0,2,1,1,0
44,150000,student,female,obc,5,0,0,postgraduate,startup_india_seed_fund,0.0,1,1,1,0
44,150000,student,female,obc,5,0,0,postgraduate,deen_dayal_disability,0.0,1,1,1,0
44,150000,student,female,obc,5,0,0,postgraduate,post_matric_sc,0.0,2,1,1,0
44,150000,student,female,obc,5,0,0,postgraduate,eklavya_model_school,0.0,1,2,1,0
44,150000,student,female,obc,5,0,0,postgraduate,indira_gandhi_old_age,0.0,0,3,1,0
41,90000,student,female,st,5,1,0,none,pm_matru_vandana,100.0,3,0,0,1
41,90000,student,female,st,5,1,0,none,mahila_shakti_kendra,100.0,2,0,0,1
41,90000,student,female,st,5,1,0,none,ayushman_bharat,100.0,2,0,0,1
41,90000,student,female,st,5,1,0,none,pm_suraksha_bima,100.0,2,0,0,1
41,90000,student,female,st,5,1,0,none,pm_jeevan_jyoti,100.0,2,0,0,1
41,90000,student,female,st,5,1,0,none,national_scholarship_portal,87.5,3,1,0,1
41,90000,student,female,st,5,1,0,none,pm_awas_yojana_gramin,85.7,3,1,0,1
41,90000,student,female,st,5,1,0,none,pm_scholarship_scheme,83.3,2,1,0,0
41,90000,student,female,st,5,1,0,none,eklavya_model_school,83.3,2,1,0,1
41,90000,student,female,st,5,1,0,none,mgnregs,66.7,2,1,0,1
41,90000,student,female,st,5,1,0,none,pm_kisan,0.0,3,1,1,0
41,90000,student,female,st,5,1,0,none,pm_fasal_bima,0.0,2,1,1,0
41,90000,student,female,st,5,1,0,none,kisan_credit_card,0.0,2,1,1,0
41,90000,student,female,st,5,1,0,none,pm_mudra_yojana,0.0,2,1,1,0
41,90000,student,female,st,5,1,0,none,startup_india_seed_fund,0.0,1,1,1,0
41,90000,student,female,st,5,1,0,none,deen_dayal_disability,0.0,1,1,1,0
41,90000,student,female,st,5,1,0,none,post_matric_sc,0.0,2,1,1,0
41,90000,student,female,st,5,1,0,none,indira_gandhi_old_age,0.0,2,1,1,0
68,90000,other,male,st,1,0,0,graduate,pm_suraksha_bima,100.0,2,0,0,0
68,90000,other,male,st,1,0,0,graduate,mgnregs,100.0,3,0,0,1
68,90000,other,male,st,1,0,0,graduate,pm_kisan,0.0,3,1,1,0
68,90000,other,male,st,1,0,0,graduate,pm_fasal_bima,0.0,2,1,1,0
68,90000,other,male,st,1,0,0,graduate,kisan_credit_card,0.0,2,1,1,0
68,90000,other,male,st,1,0,0,graduate,pm_matru_vandana,0.0,2,1,1,0
68,90000,other,male,st,1,0,0,graduate,mahila_shakti_kendra,0.0,1,1,1,0
68,90000,other,male,st,1,0,0,graduate,national_scholarship_portal,0.0,2,2,1,0
68,90000,other,male,st,1,0,0,graduate,pm_scholarship_scheme,0.0,1,2,1,0
68,90000,other,male,st,1,0,0,graduate,ayushman_bharat,0.0,1,1,1,0
68,90000,other,male,st,1,0,0,graduate,pm_jeevan_jyoti,0.0,1,1,1,0
68,90000,other,male,st,1,0,0,graduate,pm_awas_yojana_gramin,0.0,3,1,1,0
68,90000,other,male,st,1,0,0,graduate,pm_mudra_yojana,0.0,1,2,1,0
68,90000,other,male,st,1,0,0,graduate,startup_india_seed_fund,0.0,0,2,1,0
68,90000,other,male,st,1,0,0,graduate,deen_dayal_disability,0.0,1,1,1,0
68,90000,other,male,st,1,0,0,graduate,post_matric_sc,0.0,1,2,1,0
68,90000,other,male,st,1,0,0,graduate,eklavya_model_school,0.0,1,2,1,0
68,90000,other,male,st,1,0,0,graduate,indira_gandhi_old_age,0.0,2,1,1,0
60,40000,student,other,st,0,0,0,none,pm_suraksha_bima,100.0,2,0,0,1
60,40000,student,other,st,0,0,0,none,national_scholarship_portal,87.5,3,1,0,1
60,40000,student,other,st,0,0,0,none,pm_scholarship_scheme,83.3,2,1,0,1
60,40000,student,other,st,0,0,0,none,eklavya_model_school,83.3,2,1,0,1
60,40000,student,other,st,0,0,0,none,mgnregs,66.7,2,1,0,0
60,40000,student,other,st,0,0,0,none,pm_kisan,0.0,3,1,1,0
60,40000,student,other,st,0,0,0,none,pm_fasal_bima,0.0,1,2,1,0
60,40000,student,other,st,0,0,0,none,kisan_credit_card,0.0,1,2,1,0
60,40000,student,other,st,0,0,0,none,pm_matru_vandana,0.0,2,1,1,0
60,40000,student,other,st,0,0,0,none,mahila_shakti_kendra,0.0,1,1,1,0
60,40000,student,other,st,0,0,0,none,ayushman_bharat,0.0,1,1,1,0
60,40000,student,other,st,0,0,0,none,pm_jeevan_jyoti,0.0,1,1,1,0
60,40000,student,other,st,0,0,0,none,pm_awas_yojana_gramin,0.0,3,1,1,0
60,40000,student,other,st,0,0,0,none,pm_mudra_yojana,0.0,2,1,1,0
60,40000,student,other,st,0,0,0,none,startup_india_seed_fund,0.0,0,2,1,0
60,40000,student,other,st,0,0,0,none,deen_dayal_disability,0.0,1,1,1,0
60,40000,student,other,st,0,0,0,none,post_matric_sc,0.0,2,1,1,0
60,40000,student,other,st,0,0,0,none,indira_gandhi_old_age,0.0,2,1,1,0
30,0,other,other,st,8,0,0,primary,pm_suraksha_bima,100.0,2,0,0,1
30,0,other,other,st,8,0,0,primary,pm_jeevan_jyoti,100.0,2,0,0,1
30,0,other,other,st,8,0,0,primary,mgnregs,100.0,3,0,0,1
30,0,other,other,st,8,0,0,primary,pm_kisan,0.0,2,2,1,0
30,0,other,other,st,8,0,0,primary,pm_fasal_bima,0.0,2,1,1,0
30,0,other,other,st,8,0,0,primary,kisan_credit_card,0.0,2,1,1,0
30,0,other,other,st,8,0,0,primary,pm_matru_vandana,0.0,2,1,1,0
30,0,other,other,st,8,0,0,primary,mahila_shakti_kendra,0.0,1,1,1,0
30,0,other,other,st,8,0,0,primary,national_scholarship_portal,0.0,3,1,1,0
30,0,other,other,st,8,0,0,primary,pm_scholarship_scheme,0.0,1,2,1,0
30,0,other,other,st,8,0,0,primary,ayushman_bharat,0.0,1,1,1,0
30,0,other,other,st,8,0,0,primary,pm_awas_yojana_gramin,0.0,2,2,1,0
30,0,other,other,st,8,0,0,primary,pm_mudra_yojana,0.0,2,1,1,0
30,0,other,other,st,8,0,0,primary,startup_india_seed_fund,0.0,1,1,1,0
30,0,other,other,st,8,0,0,primary,deen_dayal_disability,0.0,1,1,1,0
30,0,other,other,st,8,0,0,primary,post_matric_sc,0.0,1,2,1,0
30,0,other,other,st,8,0,0,primary,eklavya_model_school,0.0,1,2,1,0
30,0,other,other,st,8,0,0,primary,indira_gandhi_old_age,0.0,1,2,1,0
21,800000,salaried,male,obc,0,0,0,postgraduate,pm_suraksha_bima,66.7,1,1,0,0
21,800000,salaried,male,obc,0,0,0,postgraduate,pm_jeevan_jyoti,66.7,1,1,0,1
21,800000,salaried,male,obc,0,0,0,postgraduate,mgnregs,33.3,1,2,0,0
21,800000,salaried,male,obc,0,0,0,postgraduate,pm_kisan,0.0,2,2,1,0
21,800000,salaried,male,obc,0,0,0,postgraduate,pm_fasal_bima,0.0,1,2,1,0
21,800000,salaried,male,obc,0,0,0,postgraduate,kisan_credit_card,0.0,1,2,1,0
21,800000,salaried,male,obc,0,0,0,postgraduate,pm_matru_vandana,0.0,2,1,1,0
21,800000,salaried,male,obc,0,0,0,postgraduate,mahila_shakti_kendra,0.0,0,2,1,0
21,800000,salaried,male,obc,0,0,0,postgraduate,national_scholarship_portal,0.0,2,2,1,0
21,800000,salaried,male,obc,0,0,0,postgraduate,pm_scholarship_scheme,0.0,1,2,1,0
21,800000,salaried,male,obc,0,0,0,postgraduate,ayushman_bharat,0.0,0,2,1,0
21,800000,salaried,male,obc,0,0,0,postgraduate,pm_awas_yojana_gramin,0.0,2,2,1,0
21,800000,salaried,male,obc,0,0,0,postgraduate,pm_mudra_yojana,0.0,2,1,1,0
21,800000,salaried,male,obc,0,0,0,postgraduate,startup_india_seed_fund,0.0,1,1,1,0
21,800000,salaried,male,obc,0,0,0,postgraduate,deen_dayal_disability,0.0,0,2,1,0
21,800000,salaried,male,obc,0,0,0,postgraduate,post_matric_sc,0.0,0,3,1,0
21,800000,salaried,male,obc,0,0,0,postgraduate,eklavya_model_school,0.0,0,3,1,0
21,800000,salaried,male,obc,0,0,0,postgraduate,indira_gandhi_old_age,0.0,0,3,1,0
44,800000,self_employed,female,general,2.5,0,0,graduate,pm_matru_vandana,100.0,3,0,0,1
44,800000,self_employed,female,general,2.5,0,0,graduate,pm_mudra_yojana,100.0,3,0,0,1
44,800000,self_employed,female,general,2.5,0,0,graduate,startup_india_seed_fund,100.0,2,0,0,1
44,800000,self_employed,female,general,2.5,0,0,graduate,pm_suraksha_bima,66.7,1,1,0,1
44,800000,self_employed,female,general,2.5,0,0,graduate,pm_jeevan_jyoti,66.7,1,1,0,1
44,800000,self_employed,female,general,2.5,0,0,graduate,mgnregs,66.7,2,1,0,1
44,800000,self_employed,female,general,2.5,0,0,graduate,mahila_shakti_kendra,60.0,1,1,0,1
44,800000,self_employed,female,general,2.5,0,0,graduate,pm_kisan,0.0,2,2,1,0
44,800000,self_employed,female,general,2.5,0,0,graduate,pm_fasal_bima,0.0,2,1,1,0
44,800000,self_employed,female,general,2.5,0,0,graduate,kisan_credit_card,0.0,2,1,1,0
44,800000,self_employed,female,general,2.5,0,0,graduate,national_scholarship_portal,0.0,0,4,1,0
44,800000,self_employed,female,general,2.5,0,0,graduate,pm_scholarship_scheme,0.0,0,3,1,0
44,800000,self_employed,female,general,2.5,0,0,graduate,ayushman_bharat,0.0,0,2,1,0
44,800000,self_employed,female,general,2.5,0,0,graduate,pm_awas_yojana_gramin,0.0,2,2,1,0
44,800000,self_employed,female,general,2.5,0,0,graduate,deen_dayal_disability,0.0,0,2,1,0
44,800000,self_employed,female,general,2.5,0,0,graduate,post_matric_sc,0.0,0,3,1,0
44,800000,self_employed,female,general,2.5,0,0,graduate,eklavya_model_school,0.0,0,3,1,0
44,800000,self_employed,female,general,2.5,0,0,graduate,indira_gandhi_old_age,0.0,0,3,1,0
75,0,daily_wage,female,st,2.5,1,0,primary,pm_matru_vandana,100.0,3,0,0,1
75,0,daily_wage,female,st,2.5,1,0,primary,mahila_shakti_kendra,100.0,2,0,0,1
75,0,daily_wage,female,st,2.5,1,0,primary,ayushman_bharat,100.0,2,0,0,1
75,0,daily_wage,female,st,2.5,1,0,primary,pm_awas_yojana_gramin,100.0,4,0,0,1
75,0,daily_wage,female,st,2.5,1,0,primary,mgnregs,100.0,3,0,0,1
75,0,daily_wage,female,st,2.5,1,0,primary,indira_gandhi_old_age,100.0,3,0,0,1
75,0,daily_wage,female,st,2.5,1,0,primary,pm_kisan,0.0,3,1,1,0
75,0,daily_wage,female,st,2.5,1,0,primary,pm_fasal_bima,0.0,2,1,1,0
75,0,daily_wage,female,st,2.5,1,0,primary,kisan_credit_card,0.0,2,1,1,0
75,0,daily_wage,female,st,2.5,1,0,primary,national_scholarship_portal,0.0,2,2,1,0
75,0,daily_wage,female,st,2.5,1,0,primary,pm_scholarship_scheme,0.0,1,2,1,0
75,0,daily_wage,female,st,2.5,1,0,primary,pm_suraksha_bima,0.0,1,1,1,0
75,0,daily_wage,female,st,2.5,1,0,primary,pm_jeevan_jyoti,0.0,1,1,1,0
75,0,daily_wage,female,st,2.5,1,0,primary,pm_mudra_yojana,0.0,1,2,1,0
75,0,daily_wage,female,st,2.5,1,0,primary,startup_india_seed_fund,0.0,0,2,1,0
75,0,daily_wage,female,st,2.5,1,0,primary,deen_dayal_disability,0.0,1,1,1,0
75,0,daily_wage,female,st,2.5,1,0,primary,post_matric_sc,0.0,1,2,1,0
75,0,daily_wage,female,st,2.5,1,0,primary,eklavya_model_school,0.0,1,2,1,0
43,1500000,student,female,sc,0,0,0,none,pm_matru_vandana,83.3,2,1,0,1
43,1500000,student,female,sc,0,0,0,none,post_matric_sc,71.4,2,1,0,1
43,1500000,student,female,sc,0,0,0,none,pm_suraksha_bima,66.7,1,1,0,1
43,1500000,student,female,sc,0,0,0,none,pm_jeevan_jyoti,66.7,1,1,0,1
43,1500000,student,female,sc,0,0,0,none,national_scholarship_portal,62.5,2,2,0,1
43,1500000,student,female,sc,0,0,0,none,mahila_shakti_kendra,60.0,1,1,0,0
43,1500000,student,female,sc,0,0,0,none,pm_scholarship_scheme,50.0,1,2,0,0
43,1500000,student,female,sc,0,0,0,none,mgnregs,33.3,1,2,0,0
43,1500000,student,female,sc,0,0,0,none,pm_kisan,0.0,2,2,1,0
43,1500000,student,female,sc,0,0,0,none,pm_fasal_bima,0.0,1,2,1,0
43,1500000,student,female,sc,0,0,0,none,kisan_credit_card,0.0,1,2,1,0
43,1500000,student,female,sc,0,0,0,none,ayushman_bharat,0.0,0,2,1,0
43,1500000,student,female,sc,0,0,0,none,pm_awas_yojana_gramin,0.0,2,2,1,0
43,1500000,student,female,sc,0,0,0,none,pm_mudra_yojana,0.0,1,2,1,0
43,1500000,student,female,sc,0,0,0,none,startup_india_seed_fund,0.0,1,1,1,0
43,1500000,student,female,sc,0,0,0,none,deen_dayal_disability,0.0,0,2,1,0
43,1500000,student,female,sc,0,0,0,none,eklavya_model_school,0.0,1,2,1,0
43,1500000,student,female,sc,0,0,0,none,indira_gandhi_old_age,0.0,0,3,1,0
56,150000,self_employed,female,st,2.5,0,0,none,pm_matru_vandana,100.0,3,0,0,1
56,150000,self_employed,female,st,2.5,0,0,none,mahila_shakti_kendra,100.0,2,0,0,1
56,150000,self_employed,female,st,2.5,0,0,none,pm_suraksha_bima,100.0,2,0,0,1
56,150000,self_employed,female,st,2.5,0,0,none,mgnregs,100.0,3,0,0,1
56,150000,self_employed,female,st,2.5,0,0,none,pm_mudra_yojana,100.0,3,0,0,1
56,150000,self_employed,female,st,2.5,0,0,none,startup_india_seed_fund,75.0,1,1,0,0
56,150000,self_employed,female,st,2.5,0,0,none,pm_kisan,0.0,3,1,1,0
56,150000,self_employed,female,st,2.5,0,0,none,pm_fasal_bima,0.0,2,1,1,0
56,150000,self_employed,female,st,2.5,0,0,none,kisan_credit_card,0.0,2,1,1,0
56,150000,self_employed,female,st,2.5,0,0,none,national_scholarship_portal,0.0,2,2,1,0
56,150000,self_employed,female,st,2.5,0,0,none,pm_scholarship_scheme,0.0,1,2,1,0
56,150000,self_employed,female,st,2.5,0,0,none,ayushman_bharat,0.0,0,2,1,0
56,150000,self_employed,female,st,2.5,0,0,none,pm_jeevan_jyoti,0.0,1,1,1,0
56,150000,self_employed,female,st,2.5,0,0,none,pm_awas_yojana_gramin,0.0,3,1,1,0
56,150000,self_employed,female,st,2.5,0,0,none,deen_dayal_disability,0.0,1,1,1,0
56,150000,self_employed,female,st,2.5,0,0,none,post_matric_sc,0.0,1,2,1,0
56,150000,self_employed,female,st,2.5,0,0,none,eklavya_model_school,0.0,1,2,1,0
56,150000,self_employed,female,st,2.5,0,0,none,indira_gandhi_old_age,0.0,0,3,1,0
78,1500000,salaried,male,sc,0,0,0,postgraduate,mgnregs,33.3,1,2,0,0
78,1500000,salaried,male,sc,0,0,0,postgraduate,pm_kisan,0.0,2,2,1,0
78,1500000,salaried,male,sc,0,0,0,postgraduate,pm_fasal_bima,0.0,1,2,1,0
78,1500000,salaried,male,sc,0,0,0,postgraduate,kisan_credit_card,0.0,0,3,1,0
78,1500000,salaried,male,sc,0,0,0,postgraduate,pm_matru_vandana,0.0,1,2,1,0
78,1500000,salaried,male,sc,0,0,0,postgraduate,mahila_shakti_kendra,0.0,0,2,1,0
78,1500000,salaried,male,sc,0,0,0,postgraduate,national_scholarship_portal,0.0,1,3,1,0
78,1500000,salaried,male,sc,0,0,0,postgraduate,pm_scholarship_scheme,0.0,0,3,1,0
78,1500000,salaried,male,sc,0,0,0,postgraduate,ayushman_bharat,0.0,0,2,1,0
78,1500000,salaried,male,sc,0,0,0,postgraduate,pm_suraksha_bima,0.0,0,2,1,0
78,1500000,salaried,male,sc,0,0,0,postgraduate,pm_jeevan_jyoti,0.0,0,2,1,0
78,1500000,salaried,male,sc,0,0,0,postgraduate,pm_awas_yojana_gramin,0.0,2,2,1,0
78,1500000,salaried,male,sc,0,0,0,postgraduate,pm_mudra_yojana,0.0,0,3,1,0
78,1500000,salaried,male,sc,0,0,0,postgraduate,startup_india_seed_fund,0.0,0,2,1,0
78,1500000,salaried,male,sc,0,0,0,postgraduate,deen_dayal_disability,0.0,0,2,1,0
78,1500000,salaried,male,sc,0,0,0,postgraduate,post_matric_sc,0.0,1,2,1,0
78,1500000,salaried,male,sc,0,0,0,postgraduate,eklavya_model_school,0.0,0,3,1,0
78,1500000,salaried,male,sc,0,0,0,postgraduate,indira_gandhi_old_age,0.0,1,2,1,0
25,0,other,male,st,8,0,1,primary,pm_suraksha_bima,100.0,2,0,0,1
25,0,other,male,st,8,0,1,primary,pm_jeevan_jyoti,100.0,2,0,0,1
25,0,other,male,st,8,0,1,primary,mgnregs,100.0,3,0,0,1
25,0,other,male,st,8,0,1,primary,deen_dayal_disability,100.0,2,0,0,1
25,0,other,male,st,8,0,1,primary,pm_kisan,0.0,2,2,1,0
25,0,other,male,st,8,0,1,primary,pm_fasal_bima,0.0,2,1,1,0
25,0,other,male,st,8,0,1,primary,kisan_credit_card,0.0,2,1,1,0
25,0,other,male,st,8,0,1,primary,pm_matru_vandana,0.0,2,1,1,0
25,0,other,male,st,8,0,1,primary,mahila_shakti_kendra,0.0,1,1,1,0
25,0,other,male,st,8,0,1,primary,national_scholarship_portal,0.0,3,1,1,0
25,0,other,male,st,8,0,1,primary,pm_scholarship_scheme,0.0,2,1,1,0
25,0,other,male,st,8,0,1,primary,ayushman_bharat,0.0,1,1,1,0
25,0,other,male,st,8,0,1,primary,pm_awas_yojana_gramin,0.0,2,2,1,0
25,0,other,male,st,8,0,1,primary,pm_mudra_yojana,0.0,2,1,1,0
25,0,other,male,st,8,0,1,primary,startup_india_seed_fund,0.0,1,1,1,0
25,0,other,male,st,8,0,1,primary,post_matric_sc,0.0,1,2,1,0
25,0,other,male,st,8,0,1,primary,eklavya_model_school,0.0,1,2,1,0
25,0,other,male,st,8,0,1,primary,indira_gandhi_old_age,0.0,1,2,1,0
68,0,farmer,other,sc,0.5,1,0,graduate,pm_kisan,100.0,4,0,0,1
68,0,farmer,other,sc,0.5,1,0,graduate,pm_fasal_bima,100.0,3,0,0,1
68,0,farmer,other,sc,0.5,1,0,graduate,kisan_credit_card,100.0,3,0,0,1
68,0,farmer,other,sc,0.5,1,0,graduate,ayushman_bharat,100.0,2,0,0,1
68,0,farmer,other,sc,0.5,1,0,graduate,pm_suraksha_bima,100.0,2,0,0,1
68,0,farmer,other,sc,0.5,1,0,graduate,pm_awas_yojana_gramin,100.0,4,0,0,0
68,0,farmer,other,sc,0.5,1,0,graduate,mgnregs,100.0,3,0,0,1
68,0,farmer,other,sc,0.5,1,0,graduate,indira_gandhi_old_age,100.0,3,0,0,1
68,0,farmer,other,sc,0.5,1,0,graduate,pm_matru_vandana,0.0,2,1,1,0
68,0,farmer,other,sc,0.5,1,0,graduate,mahila_shakti_kendra,0.0,1,1,1,0
68,0,farmer,other,sc,0.5,1,0,graduate,national_scholarship_portal,0.0,2,2,1,0
68,0,farmer,other,sc,0.5,1,0,graduate,pm_scholarship_scheme,0.0,1,2,1,0
68,0,farmer,other,sc,0.5,1,0,graduate,pm_jeevan_jyoti,0.0,1,1,1,0
68,0,farmer,other,sc,0.5,1,0,graduate,pm_mudra_yojana,0.0,1,2,1,0
68,0,farmer,other,sc,0.5,1,0,graduate,startup_india_seed_fund,0.0,0,2,1,0
68,0,farmer,other,sc,0.5,1,0,graduate,deen_dayal_disability,0.0,1,1,1,0
68,0,farmer,other,sc,0.5,1,0,graduate,post_matric_sc,0.0,2,1,1,0
68,0,farmer,other,sc,0.5,1,0,graduate,eklavya_model_school,0.0,0,3,1,0
20,40000,salaried,female,st,1,1,1,primary,pm_matru_vandana,100.0,3,0,0,1
20,40000,salaried,female,st,1,1,1,primary,mahila_shakti_kendra,100.0,2,0,0,1
20,40000,salaried,female,st,1,1,1,primary,ayushman_bharat,100.0,2,0,0,1
20,40000,salaried,female,st,1,1,1,primary,pm_suraksha_bima,100.0,2,0,0,1
20,40000,salaried,female,st,1,1,1,primary,pm_jeevan_jyoti,100.0,2,0,0,0
20,40000,salaried,female,st,1,1,1,primary,pm_awas_yojana_gramin,100.0,4,0,0,1
20,40000,salaried,female,st,1,1,1,primary,deen_dayal_disability,100.0,2,0,0,1
20,40000,salaried,female,st,1,1,1,primary,mgnregs,66.7,2,1,0,0
20,40000,salaried,female,st,1,1,1,primary,pm_kisan,0.0,3,1,1,0
20,40000,salaried,female,st,1,1,1,primary,pm_fasal_bima,0.0,2,1,1,0
20,40000,salaried,female,st,1,1,1,primary,kisan_credit_card,0.0,2,1,1,0
20,40000,salaried,female,st,1,1,1,primary,national_scholarship_portal,0.0,3,1,1,0
20,40000,salaried,female,st,1,1,1,primary,pm_scholarship_scheme,0.0,2,1,1,0
20,40000,salaried,female,st,1,1,1,primary,pm_mudra_yojana,0.0,2,1,1,0
20,40000,salaried,female,st,1,1,1,primary,startup_india_seed_fund,0.0,1,1,1,0
20,40000,salaried,female,st,1,1,1,primary,post_matric_sc,0.0,1,2,1,0
20,40000,salaried,female,st,1,1,1,primary,eklavya_model_school,0.0,1,2,1,0
20,40000,salaried,female,st,1,1,1,primary,indira_gandhi_old_age,0.0,2,1,1,0
20,90000,other,female,general,2.5,1,0,graduate,pm_matru_vandana,100.0,3,0,0,1
20,90000,other,female,general,2.5,1,0,graduate,mahila_shakti_kendra,100.0,2,0,0,1
20,90000,other,female,general,2.5,1,0,graduate,ayushman_bharat,100.0,2,0,0,1
20,90000,other,female,general,2.5,1,0,graduate,pm_suraksha_bima,100.0,2,0,0,1
20,90000,other,female,general,2.5,1,0,graduate,pm_jeevan_jyoti,100.0,2,0,0,1
20,90000,other,female,general,2.5,1,0,graduate,pm_awas_yojana_gramin,100.0,4,0,0,1
20,90000,other,female,general,2.5,1,0,graduate,mgnregs,100.0,3,0,0,1
20,90000,other,female,general,2.5,1,0,graduate,pm_kisan,0.0,3,1,1,0
20,90000,other,female,general,2.5,1,0,graduate,pm_fasal_bima,0.0,2,1,1,0
20,90000,other,female,general,2.5,1,0,graduate,kisan_credit_card,0.0,2,1,1,0
20,90000,other,female,general,2.5,1,0,graduate,national_scholarship_portal,0.0,2,2,1,0
20,90000,other,female,general,2.5,1,0,graduate,pm_scholarship_scheme,0.0,2,1,1,0
20,90000,other,female,general,2.5,1,0,graduate,pm_mudra_yojana,0.0,2,1,1,0
20,90000,other,female,general,2.5,1,0,graduate,startup_india_seed_fund,0.0,1,1,1,0
20,90000,other,female,general,2.5,1,0,graduate,deen_dayal_disability,0.0,1,1,1,0
20,90000,other,female,general,2.5,1,0,graduate,post_matric_sc,0.0,1,2,1,0
20,90000,other,female,general,2.5,1,0,graduate,eklavya_model_school,0.0,0,3,1,0
20,90000,other,female,general,2.5,1,0,graduate,indira_gandhi_old_age,0.0,2,1,1,0
45,40000,self_employed,other,st,0,0,0,graduate,pm_suraksha_bima,100.0,2,0,0,1
45,40000,self_employed,other,st,0,0,0,graduate,pm_jeevan_jyoti,100.0,2,0,0,1
45,40000,self_employed,other,st,0,0,0,graduate,mgnregs,100.0,3,0,0,1
45,40000,self_employed,other,st,0,0,0,graduate,pm_mudra_yojana,100.0,3,0,0,1
45,40000,self_employed,other,st,0,0,0,graduate,startup_india_seed_fund,100.0,2,0,0,1
45,40000,self_employed,other,st,0,0,0,graduate,pm_kisan,0.0,3,1,1,0
45,40000,self_employed,other,st,0,0,0,graduate,pm_fasal_bima,0.0,1,2,1,0
45,40000,self_employed,other,st,0,0,0,graduate,kisan_credit_card,0.0,1,2,1,0
45,40000,self_employed,other,st,0,0,0,graduate,pm_matru_vandana,0.0,2,1,1,0
45,40000,self_employed,other,st,0,0,0,graduate,mahila_shakti_kendra,0.0,1,1,1,0
45,40000,self_employed,other,st,0,0,0,graduate,national_scholarship_portal,0.0,2,2,1,0
45,40000,self_employed,other,st,0,0,0,graduate,pm_scholarship_scheme,0.0,1,2,1,0
45,40000,self_employed,other,st,0,0,0,graduate,ayushman_bharat,0.0,1,1,1,0
45,40000,self_employed,other,st,0,0,0,graduate,pm_awas_yojana_gramin,0.0,3,1,1,0
45,40000,self_employed,other,st,0,0,0,graduate,deen_dayal_disability,0.0,1,1,1,0
45,40000,self_employed,other,st,0,0,0,graduate,post_matric_sc,0.0,1,2,1,0
45,40000,self_employed,other,st,0,0,0,graduate,eklavya_model_school,0.0,1,2,1,0
45,40000,self_employed,other,st,0,0,0,graduate,indira_gandhi_old_age,0.0,1,2,1,0
50,90000,salaried,other,obc,1,0,0,none,pm_suraksha_bima,100.0,2,0,0,1
50,90000,salaried,other,obc,1,0,0,none,pm_jeevan_jyoti,100.0,2,0,0,1
50,90000,salaried,other,obc,1,0,0,none,mgnregs,66.7,2,1,0,1
50,90000,salaried,other,obc,1,0,0,none,pm_kisan,0.0,3,1,1,0
50,90000,salaried,other,obc,1,0,0,none,pm_fasal_bima,0.0,2,1,1,0
50,90000,salaried,other,obc,1,0,0,none,kisan_credit_card,0.0,2,1,1,0
50,90000,salaried,other,obc,1,0,0,none,pm_matru_vandana,0.0,2,1,1,0
50,90000,salaried,other,obc,1,0,0,none,mahila_shakti_kendra,0.0,1,1,1,0
50,90000,salaried,other,obc,1,0,0,none,national_scholarship_portal,0.0,2,2,1,0
50,90000,salaried,other,obc,1,0,0,none,pm_scholarship_scheme,0.0,1,2,1,0
50,90000,salaried,other,obc,1,0,0,none,ayushman_bharat,0.0,1,1,1,0
50,90000,salaried,other,obc,1,0,0,none,pm_awas_yojana_gramin,0.0,3,1,1,0
50,90000,salaried,other,obc,1,0,0,none,pm_mudra_yojana,0.0,2,1,1,0
50,90000,salaried,other,obc,1,0,0,none,startup_india_seed_fund,0.0,1,1,1,0
50,90000,salaried,other,obc,1,0,0,none,deen_dayal_disability,0.0,1,1,1,0
50,90000,salaried,other,obc,1,0,0,none,post_matric_sc,0.0,1,2,1,0
50,90000,salaried,other,obc,1,0,0,none,eklavya_model_school,0.0,0,3,1,0
50,90000,salaried,other,obc,1,0,0,none,indira_gandhi_old_age,0.0,1,2,1,0
68,40000,farmer,male,sc,0,0,0,graduate,pm_kisan,100.0,4,0,0,1
68,40000,farmer,male,sc,0,0,0,graduate,pm_suraksha_bima,100.0,2,0,0,0
68,40000,farmer,male,sc,0,0,0,graduate,mgnregs,100.0,3,0,0,0
68,40000,farmer,male,sc,0,0,0,graduate,pm_fasal_bima,66.7,2,1,0,1
68,40000,farmer,male,sc,0,0,0,graduate,kisan_credit_card,66.7,2,1,0,1
68,40000,farmer,male,sc,0,0,0,graduate,pm_matru_vandana,0.0,2,1,1,0
68,40000,farmer,male,sc,0,0,0,graduate,mahila_shakti_kendra,0.0,1,1,1,0
68,40000,farmer,male,sc,0,0,0,graduate,national_scholarship_portal,0.0,2,2,1,0
68,40000,farmer,male,sc,0,0,0,graduate,pm_scholarship_scheme,0.0,1,2,1,0
68,40000,farmer,male,sc,0,0,0,graduate,ayushman_bharat,0.0,1,1,1,0
68,40000,farmer,male,sc,0,0,0,graduate,pm_jeevan_jyoti,0.0,1,1,1,0
68,40000,farmer,male,sc,0,0,0,graduate,pm_awas_yojana_gramin,0.0,3,1,1,0
68,40000,farmer,male,sc,0,0,0,graduate,pm_mudra_yojana,0.0,1,2,1,0
68,40000,farmer,male,sc,0,0,0,graduate,startup_india_seed_fund,0.0,0,2,1,0
68,40000,farmer,male,sc,0,0,0,graduate,deen_dayal_disability,0.0,1,1,1,0
68,40000,farmer,male,sc,0,0,0,graduate,post_matric_sc,0.0,2,1,1,0
68,40000,farmer,male,sc,0,0,0,graduate,eklavya_model_school,0.0,0,3,1,0
68,40000,farmer,male,sc,0,0,0,graduate,indira_gandhi_old_age,0.0,2,1,1,0
54,250000,salaried,male,general,1,1,0,none,pm_suraksha_bima,100.0,2,0,0,1
54,250000,salaried,male,general,1,1,0,none,pm_awas_yojana_gramin,100.0,4,0,0,1
54,250000,salaried,male,general,1,1,0,none,ayushman_bharat,60.0,1,1,0,1
54,250000,salaried,male,general,1,1,0,none,mgnregs,33.3,1,2,0,0
54,250000,salaried,male,general,1,1,0,none,pm_kisan,0.0,2,2,1,0
54,250000,salaried,male,general,1,1,0,none,pm_fasal_bima,0.0,2,1,1,0
54,250000,salaried,male,general,1,1,0,none,kisan_credit_card,0.0,2,1,1,0
54,250000,salaried,male,general,1,1,0,none,pm_matru_vandana,0.0,2,1,1,0
54,250000,salaried,male,general,1,1,0,none,mahila_shakti_kendra,0.0,1,1,1,0
54,250000,salaried,male,general,1,1,0,none,national_scholarship_portal,0.0,1,3,1,0
54,250000,salaried,male,general,1,1,0,none,pm_scholarship_scheme,0.0,1,2,1,0
54,250000,salaried,male,general,1,1,0,none,pm_jeevan_jyoti,0.0,1,1,1,0
54,250000,salaried,male,general,1,1,0,none,pm_mudra_yojana,0.0,2,1,1,0
54,250000,salaried,male,general,1,1,0,none,startup_india_seed_fund,0.0,0,2,1,0
54,250000,salaried,male,general,1,1,0,none,deen_dayal_disability,0.0,1,1,1,0
54,250000,salaried,male,general,1,1,0,none,post_matric_sc,0.0,1,2,1,0
54,250000,salaried,male,general,1,1,0,none,eklavya_model_school,0.0,0,3,1,0
54,250000,salaried,male,general,1,1,0,none,indira_gandhi_old_age,0.0,1,2,1,0
58,800000,other,female,st,1,0,0,postgraduate,pm_matru_vandana,100.0,3,0,0,1
58,800000,other,female,st,1,0,0,postgraduate,pm_suraksha_bima,66.7,1,1,0,1
58,800000,other,female,st,1,0,0,postgraduate,mgnregs,66.7,2,1,0,1
58,800000,other,female,st,1,0,0,postgraduate,mahila_shakti_kendra,60.0,1,1,0,0
58,800000,other,female,st,1,0,0,postgraduate,pm_kisan,0.0,2,2,1,0
58,800000,other,female,st,1,0,0,postgraduate,pm_fasal_bima,0.0,2,1,1,0
58,800000,other,female,st,1,0,0,postgraduate,kisan_credit_card,0.0,2,1,1,0
58,800000,other,female,st,1,0,0,postgraduate,national_scholarship_portal,0.0,1,3,1,0
58,800000,other,female,st,1,0,0,postgraduate,pm_scholarship_scheme,0.0,0,3,1,0
58,800000,other,female,st,1,0,0,postgraduate,ayushman_bharat,0.0,0,2,1,0
58,800000,other,female,st,1,0,0,postgraduate,pm_jeevan_jyoti,0.0,0,2,1,0
58,800000,other,female,st,1,0,0,postgraduate,pm_awas_yojana_gramin,0.0,2,2,1,0
58,800000,other,female,st,1,0,0,postgraduate,pm_mudra_yojana,0.0,2,1,1,0
58,800000,other,female,st,1,0,0,postgraduate,startup_india_seed_fund,0.0,0,2,1,0
58,800000,other,female,st,1,0,0,postgraduate,deen_dayal_disability,0.0,0,2,1,0
58,800000,other,female,st,1,0,0,postgraduate,post_matric_sc,0.0,0,3,1,0
58,800000,other,female,st,1,0,0,postgraduate,eklavya_model_school,0.0,1,2,1,0
58,800000,other,female,st,1,0,0,postgraduate,indira_gandhi_old_age,0.0,0,3,1,0
78,150000,self_employed,female,sc,0.5,1,0,postgraduate,pm_matru_vandana,100.0,3,0,0,1
78,150000,self_employed,female,sc,0.5,1,0,postgraduate,mahila_shakti_kendra,100.0,2,0,0,1
78,150000,self_employed,female,sc,0.5,1,0,postgraduate,pm_awas_yojana_gramin,100.0,4,0,0,1
78,150000,self_employed,female,sc,0.5,1,0,postgraduate,mgnregs,100.0,3,0,0,1
78,150000,self_employed,female,sc,0.5,1,0,postgraduate,startup_india_seed_fund,75.0,1,1,0,1
78,150000,self_employed,female,sc,0.5,1,0,postgraduate,indira_gandhi_old_age,75.0,2,1,0,1
78,150000,self_employed,female,sc,0.5,1,0,postgraduate,ayushman_bharat,60.0,1,1,0,1
78,150000,self_employed,female,sc,0.5,1,0,postgraduate,pm_kisan,0.0,3,1,1,0
78,150000,self_employed,female,sc,0.5,1,0,postgraduate,pm_fasal_bima,0.0,2,1,1,0
78,150000,self_employed,female,sc,0.5,1,0,postgraduate,kisan_credit_card,0.0,1,2,1,0
78,150000,self_employed,female,sc,0.5,1,0,postgraduate,national_scholarship_portal,0.0,2,2,1,0
78,150000,self_employed,female,sc,0.5,1,0,postgraduate,pm_scholarship_scheme,0.0,1,2,1,0
78,150000,self_employed,female,sc,0.5,1,0,postgraduate,pm_suraksha_bima,0.0,1,1,1,0
78,150000,self_employed,female,sc,0.5,1,0,postgraduate,pm_jeevan_jyoti,0.0,1,1,1,0
78,150000,self_employed,female,sc,0.5,1,0,postgraduate,pm_mudra_yojana,0.0,2,1,1,0
78,150000,self_employed,female,sc,0.5,1,0,postgraduate,deen_dayal_disability,0.0,1,1,1,0
78,150000,self_employed,female,sc,0.5,1,0,postgraduate,post_matric_sc,0.0,2,1,1,0
78,150000,self_employed,female,sc,0.5,1,0,postgraduate,eklavya_model_school,0.0,0,3,1,0
35,800000,other,female,general,2.5,0,0,postgraduate,pm_matru_vandana,100.0,3,0,0,1
35,800000,other,female,general,2.5,0,0,postgraduate,pm_suraksha_bima,66.7,1,1,0,0
35,800000,other,female,general,2.5,0,0,postgraduate,pm_jeevan_jyoti,66.7,1,1,0,1
35,800000,other,female,general,2.5,0,0,postgraduate,mgnregs,66.7,2,1,0,0
35,800000,other,female,general,2.5,0,0,postgraduate,mahila_shakti_kendra,60.0,1,1,0,1
35,800000,other,female,general,2.5,0,0,postgraduate,pm_kisan,0.0,2,2,1,0
35,800000,other,female,general,2.5,0,0,postgraduate,pm_fasal_bima,0.0,2,1,1,0
35,800000,other,female,general,2.5,0,0,postgraduate,kisan_credit_card,0.0,2,1,1,0
35,800000,other,female,general,2.5,0,0,postgraduate,national_scholarship_portal,0.0,0,4,1,0
35,800000,other,female,general,2.5,0,0,postgraduate,pm_scholarship_scheme,0.0,0,3,1,0
35,800000,other,female,general,2.5,0,0,postgraduate,ayushman_bharat,0.0,0,2,1,0
35,800000,other,female,general,2.5,0,0,postgraduate,pm_awas_yojana_gramin,0.0,2,2,1,0
35,800000,other,female,general,2.5,0,0,postgraduate,pm_mudra_yojana,0.0,2,1,1,0
35,800000,other,female,general,2.5,0,0,postgraduate,startup_india_seed_fund,0.0,1,1,1,0
35,800000,other,female,general,2.5,0,0,postgraduate,deen_dayal_disability,0.0,0,2,1,0
35,800000,other,female,general,2.5,0,0,postgraduate,post_matric_sc,0.0,0,3,1,0
35,800000,other,female,general,2.5,0,0,postgraduate,eklavya_model_school,0.0,0,3,1,0
35,800000,other,female,general,2.5,0,0,postgraduate,indira_gandhi_old_age,0.0,0,3,1,0
21,800000,other,female,st,0,1,0,postgraduate,pm_matru_vandana,100.0,3,0,0,1
21,800000,other,female,st,0,1,0,postgraduate,pm_awas_yojana_gramin,71.4,3,1,0,1
21,800000,other,female,st,0,1,0,postgraduate,pm_suraksha_bima,66.7,1,1,0,1
21,800000,other,female,st,0,1,0,postgraduate,pm_jeevan_jyoti,66.7,1,1,0,1
21,800000,other,female,st,0,1,0,postgraduate,mgnregs,66.7,2,1,0,0
21,800000,other,female,st,0,1,0,postgraduate,mahila_shakti_kendra,60.0,1,1,0,0
21,800000,other,female,st,0,1,0,postgraduate,ayushman_bharat,60.0,1,1,0,1
21,800000,other,female,st,0,1,0,postgraduate,pm_kisan,0.0,2,2,1,0
21,800000,other,female,st,0,1,0,postgraduate,pm_fasal_bima,0.0,1,2,1,0
21,800000,other,female,st,0,1,0,postgraduate,kisan_credit_card,0.0,1,2,1,0
21,800000,other,female,st,0,1,0,postgraduate,national_scholarship_portal,0.0,2,2,1,0
21,800000,other,female,st,0,1,0,postgraduate,pm_scholarship_scheme,0.0,1,2,1,0
21,800000,other,female,st,0,1,0,postgraduate,pm_mudra_yojana,0.0,2,1,1,0
21,800000,other,female,st,0,1,0,postgraduate,startup_india_seed_fund,0.0,1,1,1,0
21,800000,other,female,st,0,1,0,postgraduate,deen_dayal_disability,0.0,0,2,1,0
21,800000,other,female,st,0,1,0,postgraduate,post_matric_sc,0.0,0,3,1,0
21,800000,other,female,st,0,1,0,postgraduate,eklavya_model_school,0.0,1,2,1,0
21,800000,other,female,st,0,1,0,postgraduate,indira_gandhi_old_age,0.0,1,2,1,0
74,150000,daily_wage,female,sc,0,0,0,secondary,pm_matru_vandana,100.0,3,0,0,1
74,150000,daily_wage,female,sc,0,0,0,secondary,mahila_shakti_kendra,100.0,2,0,0,0
74,150000,daily_wage,female,sc,0,0,0,secondary,mgnregs,100.0,3,0,0,1
74,150000,daily_wage,female,sc,0,0,0,secondary,pm_kisan,0.0,3,1,1,0
74,150000,daily_wage,female,sc,0,0,0,secondary,pm_fasal_bima,0.0,1,2,1,0
74,150000,daily_wage,female,sc,0,0,0,secondary,kisan_credit_card,0.0,1,2,1,0
74,150000,daily_wage,female,sc,0,0,0,secondary,national_scholarship_portal,0.0,2,2,1,0
74,150000,daily_wage,female,sc,0,0,0,secondary,pm_scholarship_scheme,0.0,1,2,1,0
74,150000,daily_wage,female,sc,0,0,0,secondary,ayushman_bharat,0.0,0,2,1,0
74,150000,daily_wage,female,sc,0,0,0,secondary,pm_suraksha_bima,0.0,1,1,1,0
74,150000,daily_wage,female,sc,0,0,0,secondary,pm_jeevan_jyoti,0.0,1,1,1,0
74,150000,daily_wage,female,sc,0,0,0,secondary,pm_awas_yojana_gramin,0.0,3,1,1,0
74,150000,daily_wage,female,sc,0,0,0,secondary,pm_mudra_yojana,0.0,1,2,1,0
74,150000,daily_wage,female,sc,0,0,0,secondary,startup_india_seed_fund,0.0,0,2,1,0
74,150000,daily_wage,female,sc,0,0,0,secondary,deen_dayal_disability,0.0,1,1,1,0
74,150000,daily_wage,female,sc,0,0,0,secondary,post_matric_sc,0.0,2,1,1,0
74,150000,daily_wage,female,sc,0,0,0,secondary,eklavya_model_school,0.0,0,3,1,0
74,150000,daily_wage,female,sc,0,0,0,secondary,indira_gandhi_old_age,0.0,1,2,1,0
37,150000,daily_wage,male,obc,2.5,0,0,graduate,pm_suraksha_bima,100.0,2,0,0,1
37,150000,daily_wage,male,obc,2.5,0,0,graduate,pm_jeevan_jyoti,100.0,2,0,0,1
37,150000,daily_wage,male,obc,2.5,0,0,graduate,mgnregs,100.0,3,0,0,1
37,150000,daily_wage,male,obc,2.5,0,0,graduate,pm_kisan,0.0,3,1,1,0
37,150000,daily_wage,male,obc,2.5,0,0,graduate,pm_fasal_bima,0.0,2,1,1,0
37,150000,daily_wage,male,obc,2.5,0,0,graduate,kisan_credit_card,0.0,2,1,1,0
37,150000,daily_wage,male,obc,2.5,0,0,graduate,pm_matru_vandana,0.0,2,1,1,0
37,150000,daily_wage,male,obc,2.5,0,0,graduate,mahila_shakti_kendra,0.0,1,1,1,0
37,150000,daily_wage,male,obc,2.5,0,0,graduate,national_scholarship_portal,0.0,2,2,1,0
37,150000,daily_wage,male,obc,2.5,0,0,graduate,pm_scholarship_scheme,0.0,1,2,1,0
37,150000,daily_wage,male,obc,2.5,0,0,graduate,ayushman_bharat,0.0,0,2,1,0
37,150000,daily_wage,male,obc,2.5,0,0,graduate,pm_awas_yojana_gramin,0.0,3,1,1,0
37,150000,daily_wage,male,obc,2.5,0,0,graduate,pm_mudra_yojana,0.0,2,1,1,0
37,150000,daily_wage,male,obc,2.5,0,0,graduate,startup_india_seed_fund,0.0,1,1,1,0
37,150000,daily_wage,male,obc,2.5,0,0,graduate,deen_dayal_disability,0.0,1,1,1,0
37,150000,daily_wage,male,obc,2.5,0,0,graduate,post_matric_sc,0.0,1,2,1,0
37,150000,daily_wage,male,obc,2.5,0,0,graduate,eklavya_model_school,0.0,0,3,1,0
37,150000,daily_wage,male,obc,2.5,0,0,graduate,indira_gandhi_old_age,0.0,0,3,1,0
70,800000,farmer,other,obc,0.5,0,0,none,pm_fasal_bima,100.0,3,0,0,1
70,800000,farmer,other,obc,0.5,0,0,none,kisan_credit_card,100.0,3,0,0,1
70,800000,farmer,other,obc,0.5,0,0,none,pm_kisan,75.0,3,1,0,0
70,800000,farmer,other,obc,0.5,0,0,none,pm_suraksha_bima,66.7,1,1,0,0
70,800000,farmer,other,obc,0.5,0,0,none,mgnregs,66.7,2,1,0,1
70,800000,farmer,other,obc,0.5,0,0,none,pm_matru_vandana,0.0,2,1,1,0
70,800000,farmer,other,obc,0.5,0,0,none,mahila_shakti_kendra,0.0,0,2,1,0
70,800000,farmer,other,obc,0.5,0,0,none,national_scholarship_portal,0.0,1,3,1,0
70,800000,farmer,other,obc,0.5,0,0,none,pm_scholarship_scheme,0.0,0,3,1,0
70,800000,farmer,other,obc,0.5,0,0,none,ayushman_bharat,0.0,0,2,1,0
70,800000,farmer,other,obc,0.5,0,0,none,pm_jeevan_jyoti,0.0,0,2,1,0
70,800000,farmer,other,obc,0.5,0,0,none,pm_awas_yojana_gramin,0.0,2,2,1,0
70,800000,farmer,other,obc,0.5,0,0,none,pm_mudra_yojana,0.0,1,2,1,0
70,800000,farmer,other,obc,0.5,0,0,none,startup_india_seed_fund,0.0,0,2,1,0
70,800000,farmer,other,obc,0.5,0,0,none,deen_dayal_disability,0.0,0,2,1,0
70,800000,farmer,other,obc,0.5,0,0,none,post_matric_sc,0.0,0,3,1,0
70,800000,farmer,other,obc,0.5,0,0,none,eklavya_model_school,0.0,0,3,1,0
70,800000,farmer,other,obc,0.5,0,0,none,indira_gandhi_old_age,0.0,1,2,1,0
66,40000,self_employed,female,st,0,0,0,secondary,pm_matru_vandana,100.0,3,0,0,1
66,40000,self_employed,female,st,0,0,0,secondary,mahila_shakti_kendra,100.0,2,0,0,1
66,40000,self_employed,female,st,0,0,0,secondary,pm_suraksha_bima,100.0,2,0,0,1
66,40000,self_employed,female,st,0,0,0,secondary,mgnregs,100.0,3,0,0,1
66,40000,self_employed,female,st,0,0,0,secondary,startup_india_seed_fund,75.0,1,1,0,1
66,40000,self_employed,female,st,0,0,0,secondary,pm_kisan,0.0,3,1,1,0
66,40000,self_employed,female,st,0,0,0,secondary,pm_fasal_bima,0.0,1,2,1,0
66,40000,self_employed,female,st,0,0,0,secondary,kisan_credit_card,0.0,1,2,1,0
66,40000,self_employed,female,st,0,0,0,secondary,national_scholarship_portal,0.0,2,2,1,0
66,40000,self_employed,female,st,0,0,0,secondary,pm_scholarship_scheme,0.0,1,2,1,0
66,40000,self_employed,female,st,0,0,0,secondary,ayushman_bharat,0.0,1,1,1,0
66,40000,self_employed,female,st,0,0,0,secondary,pm_jeevan_jyoti,0.0,1,1,1,0
66,40000,self_employed,female,st,0,0,0,secondary,pm_awas_yojana_gramin,0.0,3,1,1,0
66,40000,self_employed,female,st,0,0,0,secondary,pm_mudra_yojana,0.0,2,1,1,0
66,40000,self_employed,female,st,0,0,0,secondary,deen_dayal_disability,0.0,1,1,1,0
66,40000,self_employed,female,st,0,0,0,secondary,post_matric_sc,0.0,1,2,1,0
66,40000,self_employed,female,st,0,0,0,secondary,eklavya_model_school,0.0,1,2,1,0
66,40000,self_employed,female,st,0,0,0,secondary,indira_gandhi_old_age,0.0,2,1,1,0
78,90000,daily_wage,male,st,0,1,0,postgraduate,ayushman_bharat,100.0,2,0,0,1
78,90000,daily_wage,male,st,0,1,0,postgraduate,pm_awas_yojana_gramin,100.0,4,0,0,1
78,90000,daily_wage,male,st,0,1,0,postgraduate,mgnregs,100.0,3,0,0,1
78,90000,daily_wage,male,st,0,1,0,postgraduate,indira_gandhi_old_age,100.0,3,0,0,1
78,90000,daily_wage,male,st,0,1,0,postgraduate,pm_kisan,0.0,3,1,1,0
78,90000,daily_wage,male,st,0,1,0,postgraduate,pm_fasal_bima,0.0,1,2,1,0
78,90000,daily_wage,male,st,0,1,0,postgraduate,kisan_credit_card,0.0,0,3,1,0
78,90000,daily_wage,male,st,0,1,0,postgraduate,pm_matru_vandana,0.0,2,1,1,0
78,90000,daily_wage,male,st,0,1,0,postgraduate,mahila_shakti_kendra,0.0,1,1,1,0
78,90000,daily_wage,male,st,0,1,0,postgraduate,national_scholarship_portal,0.0,2,2,1,0
78,90000,daily_wage,male,st,0,1,0,postgraduate,pm_scholarship_scheme,0.0,1,2,1,0
78,90000,daily_wage,male,st,0,1,0,postgraduate,pm_suraksha_bima,0.0,1,1,1,0
78,90000,daily_wage,male,st,0,1,0,postgraduate,pm_jeevan_jyoti,0.0,1,1,1,0
78,90000,daily_wage,male,st,0,1,0,postgraduate,pm_mudra_yojana,0.0,1,2,1,0
78,90000,daily_wage,male,st,0,1,0,postgraduate,startup_india_seed_fund,0.0,0,2,1,0
78,90000,daily_wage,male,st,0,1,0,postgraduate,deen_dayal_disability,0.0,1,1,1,0
78,90000,daily_wage,male,st,0,1,0,postgraduate,post_matric_sc,0.0,1,2,1,0
78,90000,daily_wage,male,st,0,1,0,postgraduate,eklavya_model_school,0.0,1,2,1,0
78,800000,unemployed,female,st,0,0,0,primary,pm_matru_vandana,100.0,3,0,0,1
78,800000,unemployed,female,st,0,0,0,primary,mgnregs,66.7,2,1,0,0
78,800000,unemployed,female,st,0,0,0,primary,mahila_shakti_kendra,60.0,1,1,0,0
78,800000,unemployed,female,st,0,0,0,primary,pm_kisan,0.0,2,2,1,0
78,800000,unemployed,female,st,0,0,0,primary,pm_fasal_bima,0.0,1,2,1,0
78,800000,unemployed,female,st,0,0,0,primary,kisan_credit_card,0.0,0,3,1,0
78,800000,unemployed,female,st,0,0,0,primary,national_scholarship_portal,0.0,1,3,1,0
78,800000,unemployed,female,st,0,0,0,primary,pm_scholarship_scheme,0.0,0,3,1,0
78,800000,unemployed,female,st,0,0,0,primary,ayushman_bharat,0.0,0,2,1,0
78,800000,unemployed,female,st,0,0,0,primary,pm_suraksha_bima,0.0,0,2,1,0
78,800000,unemployed,female,st,0,0,0,primary,pm_jeevan_jyoti,0.0,0,2,1,0
78,800000,unemployed,female,st,0,0,0,primary,pm_awas_yojana_gramin,0.0,2,2,1,0
78,800000,unemployed,female,st,0,0,0,primary,pm_mudra_yojana,0.0,1,2,1,0
78,800000,unemployed,female,st,0,0,0,primary,startup_india_seed_fund,0.0,0,2,1,0
78,800000,unemployed,female,st,0,0,0,primary,deen_dayal_disability,0.0,0,2,1,0
78,800000,unemployed,female,st,0,0,0,primary,post_matric_sc,0.0,0,3,1,0
78,800000,unemployed,female,st,0,0,0,primary,eklavya_model_school,0.0,1,2,1,0
78,800000,unemployed,female,st,0,0,0,primary,indira_gandhi_old_age,0.0,1,2,1,0
79,40000,daily_wage,male,sc,8,0,0,none,mgnregs,100.0,3,0,0,0
79,40000,daily_wage,male,sc,8,0,0,none,pm_kisan,0.0,2,2,1,0
79,40000,daily_wage,male,sc,8,0,0,none,pm_fasal_bima,0.0,2,1,1,0
79,40000,daily_wage,male,sc,8,0,0,none,kisan_credit_card,0.0,1,2,1,0
79,40000,daily_wage,male,sc,8,0,0,none,pm_matru_vandana,0.0,2,1,1,0
79,40000,daily_wage,male,sc,8,0,0,none,mahila_shakti_kendra,0.0,1,1,1,0
79,40000,daily_wage,male,sc,8,0,0,none,national_scholarship_portal,0.0,2,2,1,0
79,40000,daily_wage,male,sc,8,0,0,none,pm_scholarship_scheme,0.0,1,2,1,0
79,40000,daily_wage,male,sc,8,0,0,none,ayushman_bharat,0.0,1,1,1,0
79,40000,daily_wage,male,sc,8,0,0,none,pm_suraksha_bima,0.0,1,1,1,0
79,40000,daily_wage,male,sc,8,0,0,none,pm_jeevan_jyoti,0.0,1,1,1,0
79,40000,daily_wage,male,sc,8,0,0,none,pm_awas_yojana_gramin,0.0,2,2,1,0
79,40000,daily_wage,male,sc,8,0,0,none,pm_mudra_yojana,0.0,1,2,1,0
79,40000,daily_wage,male,sc,8,0,0,none,startup_india_seed_fund,0.0,0,2,1,0
79,40000,daily_wage,male,sc,8,0,0,none,deen_dayal_disability,0.0,1,1,1,0
79,40000,daily_wage,male,sc,8,0,0,none,post_matric_sc,0.0,2,1,1,0
79,40000,daily_wage,male,sc,8,0,0,none,eklavya_model_school,0.0,0,3,1,0
79,40000,daily_wage,male,sc,8,0,0,none,indira_gandhi_old_age,0.0,2,1,1,0
29,150000,self_employed,male,st,0.5,0,1,none,pm_suraksha_bima,100.0,2,0,0,1
29,150000,self_employed,male,st,0.5,0,1,none,pm_jeevan_jyoti,100.0,2,0,0,1
29,150000,self_employed,male,st,0.5,0,1,none,mgnregs,100.0,3,0,0,1
29,150000,self_employed,male,st,0.5,0,1,none,pm_mudra_yojana,100.0,3,0,0,1
29,150000,self_employed,male,st,0.5,0,1,none,startup_india_seed_fund,100.0,2,0,0,1
29,150000,self_employed,male,st,0.5,0,1,none,deen_dayal_disability,100.0,2,0,0,1
29,150000,self_employed,male,st,0.5,0,1,none,pm_kisan,0.0,3,1,1,0
29,150000,self_employed,male,st,0.5,0,1,none,pm_fasal_bima,0.0,2,1,1,0
29,150000,self_employed,male,st,0.5,0,1,none,kisan_credit_card,0.0,2,1,1,0
29,150000,self_employed,male,st,0.5,0,1,none,pm_matru_vandana,0.0,2,1,1,0
29,150000,self_employed,male,st,0.5,0,1,none,mahila_shakti_kendra,0.0,1,1,1,0
29,150000,self_employed,male,st,0.5,0,1,none,national_scholarship_portal,0.0,3,1,1,0
29,150000,self_employed,male,st,0.5,0,1,none,pm_scholarship_scheme,0.0,1,2,1,0
29,150000,self_employed,male,st,0.5,0,1,none,ayushman_bharat,0.0,0,2,1,0
29,150000,self_employed,male,st,0.5,0,1,none,pm_awas_yojana_gramin,0.0,3,1,1,0
29,150000,self_employed,male,st,0.5,0,1,none,post_matric_sc,0.0,1,2,1,0
29,150000,self_employed,male,st,0.5,0,1,none,eklavya_model_school,0.0,1,2,1,0
29,150000,self_employed,male,st,0.5,0,1,none,indira_gandhi_old_age,0.0,0,3,1,0
37,400000,unemployed,female,sc,0.5,0,0,none,pm_matru_vandana,100.0,3,0,0,1
37,400000,unemployed,female,sc,0.5,0,0,none,pm_suraksha_bima,100.0,2,0,0,0
37,400000,unemployed,female,sc,0.5,0,0,none,pm_jeevan_jyoti,100.0,2,0,0,1
37,400000,unemployed,female,sc,0.5,0,0,none,mgnregs,66.7,2,1,0,1
37,400000,unemployed,female,sc,0.5,0,0,none,mahila_shakti_kendra,60.0,1,1,0,0
37,400000,unemployed,female,sc,0.5,0,0,none,pm_kisan,0.0,2,2,1,0
37,400000,unemployed,female,sc,0.5,0,0,none,pm_fasal_bima,0.0,2,1,1,0
37,400000,unemployed,female,sc,0.5,0,0,none,kisan_credit_card,0.0,2,1,1,0
37,400000,unemployed,female,sc,0.5,0,0,none,national_scholarship_portal,0.0,1,3,1,0
37,400000,unemployed,female,sc,0.5,0,0,none,pm_scholarship_scheme,0.0,1,2,1,0
37,400000,unemployed,female,sc,0.5,0,0,none,ayushman_bharat,0.0,0,2,1,0
37,400000,unemployed,female,sc,0.5,0,0,none,pm_awas_yojana_gramin,0.0,2,2,1,0
37,400000,unemployed,female,sc,0.5,0,0,none,pm_mudra_yojana,0.0,2,1,1,0
37,400000,unemployed,female,sc,0.5,0,0,none,startup_india_seed_fund,0.0,1,1,1,0
37,400000,unemployed,female,sc,0.5,0,0,none,deen_dayal_disability,0.0,0,2,1,0
37,400000,unemployed,female,sc,0.5,0,0,none,post_matric_sc,0.0,1,2,1,0
37,400000,unemployed,female,sc,0.5,0,0,none,eklavya_model_school,0.0,0,3,1,0
37,400000,unemployed,female,sc,0.5,0,0,none,indira_gandhi_old_age,0.0,0,3,1,0
66,1500000,student,other,sc,1,0,1,none,post_matric_sc,71.4,2,1,0,1
66,1500000,student,other,sc,1,0,1,none,pm_suraksha_bima,66.7,1,1,0,1
66,1500000,student,other,sc,1,0,1,none,national_scholarship_portal,62.5,2,2,0,1
66,1500000,student,other,sc,1,0,1,none,deen_dayal_disability,60.0,1,1,0,0
66,1500000,student,other,sc,1,0,1,none,pm_scholarship_scheme,50.0,1,2,0,0
66,1500000,student,other,sc,1,0,1,none,mgnregs,33.3,1,2,0,0
66,1500000,student,other,sc,1,0,1,none,pm_kisan,0.0,2,2,1,0
66,1500000,student,other,sc,1,0,1,none,pm_fasal_bima,0.0,2,1,1,0
66,1500000,student,other,sc,1,0,1,none,kisan_credit_card,0.0,2,1,1,0
66,1500000,student,other,sc,1,0,1,none,pm_matru_vandana,0.0,1,2,1,0
66,1500000,student,other,sc,1,0,1,none,mahila_shakti_kendra,0.0,0,2,1,0
66,1500000,student,other,sc,1,0,1,none,ayushman_bharat,0.0,0,2,1,0
66,1500000,student,other,sc,1,0,1,none,pm_jeevan_jyoti,0.0,0,2,1,0
66,1500000,student,other,sc,1,0,1,none,pm_awas_yojana_gramin,0.0,2,2,1,0
66,1500000,student,other,sc,1,0,1,none,pm_mudra_yojana,0.0,0,3,1,0
66,1500000,student,other,sc,1,0,1,none,startup_india_seed_fund,0.0,0,2,1,0
66,1500000,student,other,sc,1,0,1,none,eklavya_model_school,0.0,1,2,1,0
66,1500000,student,other,sc,1,0,1,none,indira_gandhi_old_age,0.0,1,2,1,0
61,40000,other,other,st,1,0,0,secondary,pm_suraksha_bima,100.0,2,0,0,1
61,40000,other,other,st,1,0,0,secondary,mgnregs,100.0,3,0,0,1
61,40000,other,other,st,1,0,0,secondary,pm_kisan,0.0,3,1,1,0
61,40000,other,other,st,1,0,0,secondary,pm_fasal_bima,0.0,2,1,1,0
61,40000,other,other,st,1,0,0,secondary,kisan_credit_card,0.0,2,1,1,0
61,40000,other,other,st,1,0,0,secondary,pm_matru_vandana,0.0,2,1,1,0
61,40000,other,other,st,1,0,0,secondary,mahila_shakti_kendra,0.0,1,1,1,0
61,40000,other,other,st,1,0,0,secondary,national_scholarship_portal,0.0,2,2,1,0
61,40000,other,other,st,1,0,0,secondary,pm_scholarship_scheme,0.0,1,2,1,0
61,40000,other,other,st,1,0,0,secondary,ayushman_bharat,0.0,1,1,1,0
61,40000,other,other,st,1,0,0,secondary,pm_jeevan_jyoti,0.0,1,1,1,0
61,40000,other,other,st,1,0,0,secondary,pm_awas_yojana_gramin,0.0,3,1,1,0
61,40000,other,other,st,1,0,0,secondary,pm_mudra_yojana,0.0,2,1,1,0
61,40000,other,other,st,1,0,0,secondary,startup_india_seed_fund,0.0,0,2,1,0
61,40000,other,other,st,1,0,0,secondary,deen_dayal_disability,0.0,1,1,1,0
61,40000,other,other,st,1,0,0,secondary,post_matric_sc,0.0,1,2,1,0
61,40000,other,other,st,1,0,0,secondary,eklavya_model_school,0.0,1,2,1,0
61,40000,other,other,st,1,0,0,secondary,indira_gandhi_old_age,0.0,2,1,1,0
59,0,farmer,male,st,0,0,0,graduate,pm_kisan,100.0,4,0,0,1
59,0,farmer,male,st,0,0,0,graduate,pm_suraksha_bima,100.0,2,0,0,1
59,0,farmer,male,st,0,0,0,graduate,mgnregs,100.0,3,0,0,1
59,0,farmer,male,st,0,0,0,graduate,pm_fasal_bima,66.7,2,1,0,0
59,0,farmer,male,st,0,0,0,graduate,kisan_credit_card,66.7,2,1,0,1
59,0,farmer,male,st,0,0,0,graduate,pm_matru_vandana,0.0,2,1,1,0
59,0,farmer,male,st,0,0,0,graduate,mahila_shakti_kendra,0.0,1,1,1,0
59,0,farmer,male,st,0,0,0,graduate,national_scholarship_portal,0.0,2,2,1,0
59,0,farmer,male,st,0,0,0,graduate,pm_scholarship_scheme,0.0,1,2,1,0
59,0,farmer,male,st,0,0,0,graduate,ayushman_bharat,0.0,1,1,1,0
59,0,farmer,male,st,0,0,0,graduate,pm_jeevan_jyoti,0.0,1,1,1,0
59,0,farmer,male,st,0,0,0,graduate,pm_awas_yojana_gramin,0.0,3,1,1,0
59,0,farmer,male,st,0,0,0,graduate,pm_mudra_yojana,0.0,2,1,1,0
59,0,farmer,male,st,0,0,0,graduate,startup_india_seed_fund,0.0,0,2,1,0
59,0,farmer,male,st,0,0,0,graduate,deen_dayal_disability,0.0,1,1,1,0
59,0,farmer,male,st,0,0,0,graduate,post_matric_sc,0.0,1,2,1,0
59,0,farmer,male,st,0,0,0,graduate,eklavya_model_school,0.0,1,2,1,0
59,0,farmer,male,st,0,0,0,graduate,indira_gandhi_old_age,0.0,1,2,1,0
26,400000,unemployed,other,obc,1,0,0,primary,pm_suraksha_bima,100.0,2,0,0,1
26,400000,unemployed,other,obc,1,0,0,primary,pm_jeevan_jyoti,100.0,2,0,0,1
26,400000,unemployed,other,obc,1,0,0,primary,mgnregs,66.7,2,1,0,1
26,400000,unemployed,other,obc,1,0,0,primary,pm_kisan,0.0,2,2,1,0
26,400000,unemployed,other,obc,1,0,0,primary,pm_fasal_bima,0.0,2,1,1,0
26,400000,unemployed,other,obc,1,0,0,primary,kisan_credit_card,0.0,2,1,1,0
26,400000,unemployed,other,obc,1,0,0,primary,pm_matru_vandana,0.0,2,1,1,0
26,400000,unemployed,other,obc,1,0,0,primary,mahila_shakti_kendra,0.0,0,2,1,0
26,400000,unemployed,other,obc,1,0,0,primary,national_scholarship_portal,0.0,2,2,1,0
26,400000,unemployed,other,obc,1,0,0,primary,pm_scholarship_scheme,0.0,1,2,1,0
26,400000,unemployed,other,obc,1,0,0,primary,ayushman_bharat,0.0,0,2,1,0
26,400000,unemployed,other,obc,1,0,0,primary,pm_awas_yojana_gramin,0.0,2,2,1,0
26,400000,unemployed,other,obc,1,0,0,primary,pm_mudra_yojana,0.0,2,1,1,0
26,400000,unemployed,other,obc,1,0,0,primary,startup_india_seed_fund,0.0,1,1,1,0
26,400000,unemployed,other,obc,1,0,0,primary,deen_dayal_disability,0.0,0,2,1,0
26,400000,unemployed,other,obc,1,0,0,primary,post_matric_sc,0.0,0,3,1,0
26,400000,unemployed,other,obc,1,0,0,primary,eklavya_model_school,0.0,0,3,1,0
26,400000,unemployed,other,obc,1,0,0,primary,indira_gandhi_old_age,0.0,0,3,1,0
72,0,farmer,other,sc,8,0,0,none,pm_fasal_bima,100.0,3,0,0,1
72,0,farmer,other,sc,8,0,0,none,kisan_credit_card,100.0,3,0,0,1
72,0,farmer,other,sc,8,0,0,none,mgnregs,100.0,3,0,0,1
72,0,farmer,other,sc,8,0,0,none,pm_kisan,75.0,3,1,0,1
72,0,farmer,other,sc,8,0,0,none,pm_matru_vandana,0.0,2,1,1,0
72,0,farmer,other,sc,8,0,0,none,mahila_shakti_kendra,0.0,1,1,1,0
72,0,farmer,other,sc,8,0,0,none,national_scholarship_portal,0.0,2,2,1,0
72,0,farmer,other,sc,8,0,0,none,pm_scholarship_scheme,0.0,1,2,1,0
72,0,farmer,other,sc,8,0,0,none,ayushman_bharat,0.0,1,1,1,0
72,0,farmer,other,sc,8,0,0,none,pm_suraksha_bima,0.0,1,1,1,0
72,0,farmer,other,sc,8,0,0,none,pm_jeevan_jyoti,0.0,1,1,1,0
72,0,farmer,other,sc,8,0,0,none,pm_awas_yojana_gramin,0.0,2,2,1,0
72,0,farmer,other,sc,8,0,0,none,pm_mudra_yojana,0.0,1,2,1,0
72,0,farmer,other,sc,8,0,0,none,startup_india_seed_fund,0.0,0,2,1,0
72,0,farmer,other,sc,8,0,0,none,deen_dayal_disability,0.0,1,1,1,0
72,0,farmer,other,sc,8,0,0,none,post_matric_sc,0.0,2,1,1,0
72,0,farmer,other,sc,8,0,0,none,eklavya_model_school,0.0,0,3,1,0
72,0,farmer,other,sc,8,0,0,none,indira_gandhi_old_age,0.0,2,1,1,0
33,90000,farmer,other,general,5,1,0,primary,pm_kisan,100.0,4,0,0,1
33,90000,farmer,other,general,5,1,0,primary,pm_fasal_bima,100.0,3,0,0,1
33,90000,farmer,other,general,5,1,0,primary,kisan_credit_card,100.0,3,0,0,1
33,90000,farmer,other,general,5,1,0,primary,ayushman_bharat,100.0,2,0,0,1
33,90000,farmer,other,general,5,1,0,primary,pm_suraksha_bima,100.0,2,0,0,1
33,90000,farmer,other,general,5,1,0,primary,pm_jeevan_jyoti,100.0,2,0,0,1
33,90000,farmer,other,general,5,1,0,primary,mgnregs,100.0,3,0,0,1
33,90000,farmer,other,general,5,1,0,primary,pm_awas_yojana_gramin,85.7,3,1,0,1
33,90000,farmer,other,general,5,1,0,primary,pm_matru_vandana,0.0,2,1,1,0
33,90000,farmer,other,general,5,1,0,primary,mahila_shakti_kendra,0.0,1,1,1,0
33,90000,farmer,other,general,5,1,0,primary,national_scholarship_portal,0.0,1,3,1,0
33,90000,farmer,other,general,5,1,0,primary,pm_scholarship_scheme,0.0,1,2,1,0
33,90000,farmer,other,general,5,1,0,primary,pm_mudra_yojana,0.0,2,1,1,0
33,90000,farmer,other,general,5,1,0,primary,startup_india_seed_fund,0.0,1,1,1,0
33,90000,farmer,other,general,5,1,0,primary,deen_dayal_disability,0.0,1,1,1,0
33,90000,farmer,other,general,5,1,0,primary,post_matric_sc,0.0,1,2,1,0
33,90000,farmer,other,general,5,1,0,primary,eklavya_model_school,0.0,0,3,1,0
33,90000,farmer,other,general,5,1,0,primary,indira_gandhi_old_age,0.0,2,1,1,0
52,0,other,other,sc,2.5,0,0,graduate,pm_suraksha_bima,100.0,2,0,0,1
52,0,other,other,sc,2.5,0,0,graduate,mgnregs,100.0,3,0,0,1
52,0,other,other,sc,2.5,0,0,graduate,pm_kisan,0.0,3,1,1,0
52,0,other,other,sc,2.5,0,0,graduate,pm_fasal_bima,0.0,2,1,1,0
52,0,other,other,sc,2.5,0,0,graduate,kisan_credit_card,0.0,2,1,1,0
52,0,other,other,sc,2.5,0,0,graduate,pm_matru_vandana,0.0,2,1,1,0
52,0,other,other,sc,2.5,0,0,graduate,mahila_shakti_kendra,0.0,1,1,1,0
52,0,other,other,sc,2.5,0,0,graduate,national_scholarship_portal,0.0,2,2,1,0
52,0,other,other,sc,2.5,0,0,graduate,pm_scholarship_scheme,0.0,1,2,1,0
52,0,other,other,sc,2.5,0,0,graduate,ayushman_bharat,0.0,1,1,1,0
52,0,other,other,sc,2.5,0,0,graduate,pm_jeevan_jyoti,0.0,1,1,1,0
52,0,other,other,sc,2.5,0,0,graduate,pm_awas_yojana_gramin,0.0,3,1,1,0
52,0,other,other,sc,2.5,0,0,graduate,pm_mudra_yojana,0.0,2,1,1,0
52,0,other,other,sc,2.5,0,0,graduate,startup_india_seed_fund,0.0,0,2,1,0
52,0,other,other,sc,2.5,0,0,graduate,deen_dayal_disability,0.0,1,1,1,0
52,0,other,other,sc,2.5,0,0,graduate,post_matric_sc,0.0,2,1,1,0
52,0,other,other,sc,2.5,0,0,graduate,eklavya_model_school,0.0,0,3,1,0
52,0,other,other,sc,2.5,0,0,graduate,indira_gandhi_old_age,0.0,1,2,1,0
65,40000,student,female,general,0,0,0,primary,pm_matru_vandana,100.0,3,0,0,1
65,40000,student,female,general,0,0,0,primary,mahila_shakti_kendra,100.0,2,0,0,1
65,40000,student,female,general,0,0,0,primary,pm_suraksha_bima,100.0,2,0,0,1
65,40000,student,female,general,0,0,0,primary,pm_scholarship_scheme,83.3,2,1,0,1
65,40000,student,female,general,0,0,0,primary,mgnregs,66.7,2,1,0,1
65,40000,student,female,general,0,0,0,primary,national_scholarship_portal,62.5,2,2,0,1
65,40000,student,female,general,0,0,0,primary,pm_kisan,0.0,3,1,1,0
65,40000,student,female,general,0,0,0,primary,pm_fasal_bima,0.0,1,2,1,0
65,40000,student,female,general,0,0,0,primary,kisan_credit_card,0.0,1,2,1,0
65,40000,student,female,general,0,0,0,primary,ayushman_bharat,0.0,1,1,1,0
65,40000,student,female,general,0,0,0,primary,pm_jeevan_jyoti,0.0,1,1,1,0
65,40000,student,female,general,0,0,0,primary,pm_awas_yojana_gramin,0.0,3,1,1,0
65,40000,student,female,general,0,0,0,primary,pm_mudra_yojana,0.0,2,1,1,0
65,40000,student,female,general,0,0,0,primary,startup_india_seed_fund,0.0,0,2,1,0
65,40000,student,female,general,0,0,0,primary,deen_dayal_disability,0.0,1,1,1,0
65,40000,student,female,general,0,0,0,primary,post_matric_sc,0.0,2,1,1,0
65,40000,student,female,general,0,0,0,primary,eklavya_model_school,0.0,1,2,1,0
65,40000,student,female,general,0,0,0,primary,indira_gandhi_old_age,0.0,2,1,1,0
66,250000,unemployed,other,st,5,0,0,postgraduate,pm_suraksha_bima,100.0,2,0,0,1
66,250000,unemployed,other,st,5,0,0,postgraduate,mgnregs,66.7,2,1,0,1
66,250000,unemployed,other,st,5,0,0,postgraduate,pm_kisan,0.0,2,2,1,0
66,250000,unemployed,other,st,5,0,0,postgraduate,pm_fasal_bima,0.0,2,1,1,0
66,250000,unemployed,other,st,5,0,0,postgraduate,kisan_credit_card,0.0,2,1,1,0
66,250000,unemployed,other,st,5,0,0,postgraduate,pm_matru_vandana,0.0,2,1,1,0
66,250000,unemployed,other,st,5,0,0,postgraduate,mahila_shakti_kendra,0.0,1,1,1,0
66,250000,unemployed,other,st,5,0,0,postgraduate,national_scholarship_portal,0.0,2,2,1,0
66,250000,unemployed,other,st,5,0,0,postgraduate,pm_scholarship_scheme,0.0,1,2,1,0
66,250000,unemployed,other,st,5,0,0,postgraduate,ayushman_bharat,0.0,0,2,1,0
66,250000,unemployed,other,st,5,0,0,postgraduate,pm_jeevan_jyoti,0.0,1,1,1,0
66,250000,unemployed,other,st,5,0,0,postgraduate,pm_awas_yojana_gramin,0.0,2,2,1,0
66,250000,unemployed,other,st,5,0,0,postgraduate,pm_mudra_yojana,0.0,1,2,1,0
66,250000,unemployed,other,st,5,0,0,postgraduate,startup_india_seed_fund,0.0,0,2,1,0
66,250000,unemployed,other,st,5,0,0,postgraduate,deen_dayal_disability,0.0,1,1,1,0
66,250000,unemployed,other,st,5,0,0,postgraduate,post_matric_sc,0.0,1,2,1,0
66,250000,unemployed,other,st,5,0,0,postgraduate,eklavya_model_school,0.0,1,2,1,0
66,250000,unemployed,other,st,5,0,0,postgraduate,indira_gandhi_old_age,0.0,1,2,1,0
35,400000,salaried,other,general,5,0,0,primary,pm_suraksha_bima,100.0,2,0,0,0
35,400000,salaried,other,general,5,0,0,primary,pm_jeevan_jyoti,100.0,2,0,0,1
35,400000,salaried,other,general,5,0,0,primary,mgnregs,33.3,1,2,0,0
35,400000,salaried,other,general,5,0,0,primary,pm_kisan,0.0,2,2,1,0
35,400000,salaried,other,general,5,0,0,primary,pm_fasal_bima,0.0,2,1,1,0
35,400000,salaried,other,general,5,0,0,primary,kisan_credit_card,0.0,2,1,1,0
35,400000,salaried,other,general,5,0,0,primary,pm_matru_vandana,0.0,2,1,1,0
35,400000,salaried,other,general,5,0,0,primary,mahila_shakti_kendra,0.0,0,2,1,0
35,400000,salaried,other,general,5,0,0,primary,national_scholarship_portal,0.0,0,4,1,0
35,400000,salaried,other,general,5,0,0,primary,pm_scholarship_scheme,0.0,1,2,1,0
35,400000,salaried,other,general,5,0,0,primary,ayushman_bharat,0.0,0,2,1,0
35,400000,salaried,other,general,5,0,0,primary,pm_awas_yojana_gramin,0.0,1,3,1,0
35,400000,salaried,other,general,5,0,0,primary,pm_mudra_yojana,0.0,2,1,1,0
35,400000,salaried,other,general,5,0,0,primary,startup_india_seed_fund,0.0,1,1,1,0
35,400000,salaried,other,general,5,0,0,primary,deen_dayal_disability,0.0,0,2,1,0
35,400000,salaried,other,general,5,0,0,primary,post_matric_sc,0.0,0,3,1,0
35,400000,salaried,other,general,5,0,0,primary,eklavya_model_school,0.0,0,3,1,0
35,400000,salaried,other,general,5,0,0,primary,indira_gandhi_old_age,0.0,0,3,1,0
38,40000,farmer,other,obc,0,1,0,postgraduate,pm_kisan,100.0,4,0,0,1
38,40000,farmer,other,obc,0,1,0,postgraduate,ayushman_bharat,100.0,2,0,0,1
38,40000,farmer,other,obc,0,1,0,postgraduate,pm_suraksha_bima,100.0,2,0,0,1
38,40000,farmer,other,obc,0,1,0,postgraduate,pm_jeevan_jyoti,100.0,2,0,0,1
38,40000,farmer,other,obc,0,1,0,postgraduate,pm_awas_yojana_gramin,100.0,4,0,0,1
38,40000,farmer,other,obc,0,1,0,postgraduate,mgnregs,100.0,3,0,0,1
38,40000,farmer,other,obc,0,1,0,postgraduate,pm_fasal_bima,66.7,2,1,0,1
38,40000,farmer,other,obc,0,1,0,postgraduate,kisan_credit_card,66.7,2,1,0,1
38,40000,farmer,other,obc,0,1,0,postgraduate,pm_matru_vandana,0.0,2,1,1,0
38,40000,farmer,other,obc,0,1,0,postgraduate,mahila_shakti_kendra,0.0,1,1,1,0
38,40000,farmer,other,obc,0,1,0,postgraduate,national_scholarship_portal,0.0,2,2,1,0
38,40000,farmer,other,obc,0,1,0,postgraduate,pm_scholarship_scheme,0.0,1,2,1,0
38,40000,farmer,other,obc,0,1,0,postgraduate,pm_mudra_yojana,0.0,2,1,1,0
38,40000,farmer,other,obc,0,1,0,postgraduate,startup_india_seed_fund,0.0,1,1,1,0
38,40000,farmer,other,obc,0,1,0,postgraduate,deen_dayal_disability,0.0,1,1,1,0
38,40000,farmer,other,obc,0,1,0,postgraduate,post_matric_sc,0.0,1,2,1,0
38,40000,farmer,other,obc,0,1,0,postgraduate,eklavya_model_school,0.0,0,3,1,0
38,40000,farmer,other,obc,0,1,0,postgraduate,indira_gandhi_old_age,0.0,2,1,1,0
37,400000,student,female,general,5,0,0,postgraduate,pm_matru_vandana,100.0,3,0,0,0
37,400000,student,female,general,5,0,0,postgraduate,pm_suraksha_bima,100.0,2,0,0,1
37,400000,student,female,general,5,0,0,postgraduate,pm_jeevan_jyoti,100.0,2,0,0,1
37,400000,student,female,general,5,0,0,postgraduate,pm_scholarship_scheme,83.3,2,1,0,1
37,400000,student,female,general,5,0,0,postgraduate,mahila_shakti_kendra,60.0,1,1,0,0
37,400000,student,female,general,5,0,0,postgraduate,national_scholarship_portal,37.5,1,3,0,1
37,400000,student,female,general,5,0,0,postgraduate,mgnregs,33.3,1,2,0,0
37,400000,student,female,general,5,0,0,postgraduate,pm_kisan,0.0,2,2,1,0
37,400000,student,female,general,5,0,0,postgraduate,pm_fasal_bima,0.0,2,1,1,0
37,400000,student,female,general,5,0,0,postgraduate,kisan_credit_card,0.0,2,1,1,0
37,400000,student,female,general,5,0,0,postgraduate,ayushman_bharat,0.0,0,2,1,0
37,400000,student,female,general,5,0,0,postgraduate,pm_awas_yojana_gramin,0.0,1,3,1,0
37,400000,student,female,general,5,0,0,postgraduate,pm_mudra_yojana,0.0,2,1,1,0
37,400000,student,female,general,5,0,0,postgraduate,startup_india_seed_fund,0.0,1,1,1,0
37,400000,student,female,general,5,0,0,postgraduate,deen_dayal_disability,0.0,0,2,1,0
37,400000,student,female,general,5,0,0,postgraduate,post_matric_sc,0.0,1,2,1,0
37,400000,student,female,general,5,0,0,postgraduate,eklavya_model_school,0.0,1,2,1,0
37,400000,student,female,general,5,0,0,postgraduate,indira_gandhi_old_age,0.0,0,3,1,0
56,250000,other,male,sc,2.5,0,1,primary,pm_suraksha_bima,100.0,2,0,0,1
56,250000,other,male,sc,2.5,0,1,primary,deen_dayal_disability,100.0,2,0,0,1
56,250000,other,male,sc,2.5,0,1,primary,mgnregs,66.7,2,1,0,1
56,250000,other,male,sc,2.5,0,1,primary,pm_kisan,0.0,2,2,1,0
56,250000,other,male,sc,2.5,0,1,primary,pm_fasal_bima,0.0,2,1,1,0
56,250000,other,male,sc,2.5,0,1,primary,kisan_credit_card,0.0,2,1,1,0
56,250000,other,male,sc,2.5,0,1,primary,pm_matru_vandana,0.0,2,1,1,0
56,250000,other,male,sc,2.5,0,1,primary,mahila_shakti_kendra,0.0,1,1,1,0
56,250000,other,male,sc,2.5,0,1,primary,national_scholarship_portal,0.0,2,2,1,0
56,250000,other,male,sc,2.5,0,1,primary,pm_scholarship_scheme,0.0,1,2,1,0
56,250000,other,male,sc,2.5,0,1,primary,ayushman_bharat,0.0,0,2,1,0
56,250000,other,male,sc,2.5,0,1,primary,pm_jeevan_jyoti,0.0,1,1,1,0
56,250000,other,male,sc,2.5,0,1,primary,pm_awas_yojana_gramin,0.0,3,1,1,0
56,250000,other,male,sc,2.5,0,1,primary,pm_mudra_yojana,0.0,2,1,1,0
56,250000,other,male,sc,2.5,0,1,primary,startup_india_seed_fund,0.0,0,2,1,0
56,250000,other,male,sc,2.5,0,1,primary,post_matric_sc,0.0,2,1,1,0
56,250000,other,male,sc,2.5,0,1,primary,eklavya_model_school,0.0,0,3,1,0
56,250000,other,male,sc,2.5,0,1,primary,indira_gandhi_old_age,0.0,0,3,1,0
74,0,self_employed,male,sc,8,0,0,graduate,mgnregs,100.0,3,0,0,1
74,0,self_employed,male,sc,8,0,0,graduate,startup_india_seed_fund,75.0,1,1,0,1
74,0,self_employed,male,sc,8,0,0,graduate,pm_kisan,0.0,2,2,1,0
74,0,self_employed,male,sc,8,0,0,graduate,pm_fasal_bima,0.0,2,1,1,0
74,0,self_employed,male,sc,8,0,0,graduate,kisan_credit_card,0.0,2,1,1,0
74,0,self_employed,male,sc,8,0,0,graduate,pm_matru_vandana,0.0,2,1,1,0
74,0,self_employed,male,sc,8,0,0,graduate,mahila_shakti_kendra,0.0,1,1,1,0
74,0,self_employed,male,sc,8,0,0,graduate,national_scholarship_portal,0.0,2,2,1,0
74,0,self_employed,male,sc,8,0,0,graduate,pm_scholarship_scheme,0.0,1,2,1,0
74,0,self_employed,male,sc,8,0,0,graduate,ayushman_bharat,0.0,1,1,1,0
74,0,self_employed,male,sc,8,0,0,graduate,pm_suraksha_bima,0.0,1,1,1,0
74,0,self_employed,male,sc,8,0,0,graduate,pm_jeevan_jyoti,0.0,1,1,1,0
74,0,self_employed,male,sc,8,0,0,graduate,pm_awas_yojana_gramin,0.0,2,2,1,0
74,0,self_employed,male,sc,8,0,0,graduate,pm_mudra_yojana,0.0,2,1,1,0
74,0,self_employed,male,sc,8,0,0,graduate,deen_dayal_disability,0.0,1,1,1,0
74,0,self_employed,male,sc,8,0,0,graduate,post_matric_sc,0.0,2,1,1,0
74,0,self_employed,male,sc,8,0,0,graduate,eklavya_model_school,0.0,0,3,1,0
74,0,self_employed,male,sc,8,0,0,graduate,indira_gandhi_old_age,0.0,2,1,1,0
47,90000,farmer,female,general,2.5,0,0,none,pm_kisan,100.0,4,0,0,1
47,90000,farmer,female,general,2.5,0,0,none,pm_fasal_bima,100.0,3,0,0,1
47,90000,farmer,female,general,2.5,0,0,none,kisan_credit_card,100.0,3,0,0,1
47,90000,farmer,female,general,2.5,0,0,none,pm_matru_vandana,100.0,3,0,0,1
47,90000,farmer,female,general,2.5,0,0,none,mahila_shakti_kendra,100.0,2,0,0,0
47,90000,farmer,female,general,2.5,0,0,none,pm_suraksha_bima,100.0,2,0,0,1
47,90000,farmer,female,general,2.5,0,0,none,pm_jeevan_jyoti,100.0,2,0,0,1
47,90000,farmer,female,general,2.5,0,0,none,mgnregs,100.0,3,0,0,1
47,90000,farmer,female,general,2.5,0,0,none,national_scholarship_portal,0.0,1,3,1,0
47,90000,farmer,female,general,2.5,0,0,none,pm_scholarship_scheme,0.0,1,2,1,0
47,90000,farmer,female,general,2.5,0,0,none,ayushman_bharat,0.0,1,1,1,0
47,90000,farmer,female,general,2.5,0,0,none,pm_awas_yojana_gramin,0.0,3,1,1,0
47,90000,farmer,female,general,2.5,0,0,none,pm_mudra_yojana,0.0,2,1,1,0
47,90000,farmer,female,general,2.5,0,0,none,startup_india_seed_fund,0.0,1,1,1,0
47,90000,farmer,female,general,2.5,0,0,none,deen_dayal_disability,0.0,1,1,1,0
47,90000,farmer,female,general,2.5,0,0,none,post_matric_sc,0.0,1,2,1,0
47,90000,farmer,female,general,2.5,0,0,none,eklavya_model_school,0.0,0,3,1,0
47,90000,farmer,female,general,2.5,0,0,none,indira_gandhi_old_age,0.0,1,2,1,0
63,1500000,unemployed,male,general,0,0,0,postgraduate,pm_suraksha_bima,66.7,1,1,0,0
63,1500000,unemployed,male,general,0,0,0,postgraduate,mgnregs,66.7,2,1,0,1
63,1500000,unemployed,male,general,0,0,0,postgraduate,pm_kisan,0.0,2,2,1,0
63,1500000,unemployed,male,general,0,0,0,postgraduate,pm_fasal_bima,0.0,1,2,1,0
63,1500000,unemployed,male,general,0,0,0,postgraduate,kisan_credit_card,0.0,1,2,1,0
63,1500000,unemployed,male,general,0,0,0,postgraduate,pm_matru_vandana,0.0,1,2,1,0
63,1500000,unemployed,male,general,0,0,0,postgraduate,mahila_shakti_kendra,0.0,0,2,1,0
63,1500000,unemployed,male,general,0,0,0,postgraduate,national_scholarship_portal,0.0,0,4,1,0
63,1500000,unemployed,male,general,0,0,0,postgraduate,pm_scholarship_scheme,0.0,0,3,1,0
63,1500000,unemployed,male,general,0,0,0,postgraduate,ayushman_bharat,0.0,0,2,1,0
63,1500000,unemployed,male,general,0,0,0,postgraduate,pm_jeevan_jyoti,0.0,0,2,1,0
63,1500000,unemployed,male,general,0,0,0,postgraduate,pm_awas_yojana_gramin,0.0,2,2,1,0
63,1500000,unemployed,male,general,0,0,0,postgraduate,pm_mudra_yojana,0.0,1,2,1,0
63,1500000,unemployed,male,general,0,0,0,postgraduate,startup_india_seed_fund,0.0,0,2,1,0
63,1500000,unemployed,male,general,0,0,0,postgraduate,deen_dayal_disability,0.0,0,2,1,0
63,1500000,unemployed,male,general,0,0,0,postgraduate,post_matric_sc,0.0,0,3,1,0
63,1500000,unemployed,male,general,0,0,0,postgraduate,eklavya_model_school,0.0,0,3,1,0
63,1500000,unemployed,male,general,0,0,0,postgraduate,indira_gandhi_old_age,0.0,1,2,1,0
56,800000,unemployed,other,sc,1,1,1,primary,pm_awas_yojana_gramin,71.4,3,1,0,1
56,800000,unemployed,other,sc,1,1,1,primary,pm_suraksha_bima,66.7,1,1,0,1
56,800000,unemployed,other,sc,1,1,1,primary,mgnregs,66.7,2,1,0,1
56,800000,unemployed,other,sc,1,1,1,primary,ayushman_bharat,60.0,1,1,0,0
56,800000,unemployed,other,sc,1,1,1,primary,deen_dayal_disability,60.0,1,1,0,1
56,800000,unemployed,other,sc,1,1,1,primary,pm_kisan,0.0,2,2,1,0
56,800000,unemployed,other,sc,1,1,1,primary,pm_fasal_bima,0.0,2,1,1,0
56,800000,unemployed,other,sc,1,1,1,primary,kisan_credit_card,0.0,2,1,1,0
56,800000,unemployed,other,sc,1,1,1,primary,pm_matru_vandana,0.0,2,1,1,0
56,800000,unemployed,other,sc,1,1,1,primary,mahila_shakti_kendra,0.0,0,2,1,0
56,800000,unemployed,other,sc,1,1,1,primary,national_scholarship_portal,0.0,1,3,1,0
56,800000,unemployed,other,sc,1,1,1,primary,pm_scholarship_scheme,0.0,0,3,1,0
56,800000,unemployed,other,sc,1,1,1,primary,pm_jeevan_jyoti,0.0,0,2,1,0
56,800000,unemployed,other,sc,1,1,1,primary,pm_mudra_yojana,0.0,2,1,1,0
56,800000,unemployed,other,sc,1,1,1,primary,startup_india_seed_fund,0.0,0,2,1,0
56,800000,unemployed,other,sc,1,1,1,primary,post_matric_sc,0.0,1,2,1,0
56,800000,unemployed,other,sc,1,1,1,primary,eklavya_model_school,0.0,0,3,1,0
56,800000,unemployed,other,sc,1,1,1,primary,indira_gandhi_old_age,0.0,1,2,1,0
49,40000,farmer,male,sc,5,0,0,secondary,pm_kisan,100.0,4,0,0,1
49,40000,farmer,male,sc,5,0,0,secondary,pm_fasal_bima,100.0,3,0,0,1
49,40000,farmer,male,sc,5,0,0,secondary,kisan_credit_card,100.0,3,0,0,1
49,40000,farmer,male,sc,5,0,0,secondary,pm_suraksha_bima,100.0,2,0,0,1
49,40000,farmer,male,sc,5,0,0,secondary,pm_jeevan_jyoti,100.0,2,0,0,1
49,40000,farmer,male,sc,5,0,0,secondary,mgnregs,100.0,3,0,0,1
49,40000,farmer,male,sc,5,0,0,secondary,pm_matru_vandana,0.0,2,1,1,0
49,40000,farmer,male,sc,5,0,0,secondary,mahila_shakti_kendra,0.0,1,1,1,0
49,40000,farmer,male,sc,5,0,0,secondary,national_scholarship_portal,0.0,2,2,1,0
49,40000,farmer,male,sc,5,0,0,secondary,pm_scholarship_scheme,0.0,1,2,1,0
49,40000,farmer,male,sc,5,0,0,secondary,ayushman_bharat,0.0,1,1,1,0
49,40000,farmer,male,sc,5,0,0,secondary,pm_awas_yojana_gramin,0.0,2,2,1,0
49,40000,farmer,male,sc,5,0,0,secondary,pm_mudra_yojana,0.0,2,1,1,0
49,40000,farmer,male,sc,5,0,0,secondary,startup_india_seed_fund,0.0,1,1,1,0
49,40000,farmer,male,sc,5,0,0,secondary,deen_dayal_disability,0.0,1,1,1,0
49,40000,farmer,male,sc,5,0,0,secondary,post_matric_sc,0.0,2,1,1,0
49,40000,farmer,male,sc,5,0,0,secondary,eklavya_model_school,0.0,0,3,1,0
49,40000,farmer,male,sc,5,0,0,secondary,indira_gandhi_old_age,0.0,1,2,1,0
75,40000,other,male,general,0,0,0,primary,mgnregs,100.0,3,0,0,1
75,40000,other,male,general,0,0,0,primary,pm_kisan,0.0,3,1,1,0
75,40000,other,male,general,0,0,0,primary,pm_fasal_bima,0.0,1,2,1,0
75,40000,other,male,general,0,0,0,primary,kisan_credit_card,0.0,1,2,1,0
75,40000,other,male,general,0,0,0,primary,pm_matru_vandana,0.0,2,1,1,0
75,40000,other,male,general,0,0,0,primary,mahila_shakti_kendra,0.0,1,1,1,0
75,40000,other,male,general,0,0,0,primary,national_scholarship_portal,0.0,1,3,1,0
75,40000,other,male,general,0,0,0,primary,pm_scholarship_scheme,0.0,1,2,1,0
75,40000,other,male,general,0,0,0,primary,ayushman_bharat,0.0,1,1,1,0
75,40000,other,male,general,0,0,0,primary,pm_suraksha_bima,0.0,1,1,1,0
75,40000,other,male,general,0,0,0,primary,pm_jeevan_jyoti,0.0,1,1,1,0
75,40000,other,male,general,0,0,0,primary,pm_awas_yojana_gramin,0.0,3,1,1,0
75,40000,other,male,general,0,0,0,primary,pm_mudra_yojana,0.0,1,2,1,0
75,40000,other,male,general,0,0,0,primary,startup_india_seed_fund,0.0,0,2,1,0
75,40000,other,male,general,0,0,0,primary,deen_dayal_disability,0.0,1,1,1,0
75,40000,other,male,general,0,0,0,primary,post_matric_sc,0.0,1,2,1,0
75,40000,other,male,general,0,0,0,primary,eklavya_model_school,0.0,0,3,1,0
75,40000,other,male,general,0,0,0,primary,indira_gandhi_old_age,0.0,2,1,1,0
26,250000,other,male,general,0,0,0,primary,pm_suraksha_bima,100.0,2,0,0,1
26,250000,other,male,general,0,0,0,primary,pm_jeevan_jyoti,100.0,2,0,0,1
26,250000,other,male,general,0,0,0,primary,mgnregs,66.7,2,1,0,1
26,250000,other,male,general,0,0,0,primary,pm_kisan,0.0,2,2,1,0
26,250000,other,male,general,0,0,0,primary,pm_fasal_bima,0.0,1,2,1,0
26,250000,other,male,general,0,0,0,primary,kisan_credit_card,0.0,1,2,1,0
26,250000,other,male,general,0,0,0,primary,pm_matru_vandana,0.0,2,1,1,0
26,250000,other,male,general,0,0,0,primary,mahila_shakti_kendra,0.0,1,1,1,0
26,250000,other,male,general,0,0,0,primary,national_scholarship_portal,0.0,2,2,1,0
26,250000,other,male,general,0,0,0,primary,pm_scholarship_scheme,0.0,1,2,1,0
26,250000,other,male,general,0,0,0,primary,ayushman_bharat,0.0,0,2,1,0
26,250000,other,male,general,0,0,0,primary,pm_awas_yojana_gramin,0.0,3,1,1,0
26,250000,other,male,general,0,0,0,primary,pm_mudra_yojana,0.0,2,1,1,0
26,250000,other,male,general,0,0,0,primary,startup_india_seed_fund,0.0,1,1,1,0
26,250000,other,male,general,0,0,0,primary,deen_dayal_disability,0.0,1,1,1,0
26,250000,other,male,general,0,0,0,primary,post_matric_sc,0.0,1,2,1,0
26,250000,other,male,general,0,0,0,primary,eklavya_model_school,0.0,0,3,1,0
26,250000,other,male,general,0,0,0,primary,indira_gandhi_old_age,0.0,0,3,1,0
71,800000,salaried,male,st,1,1,0,primary,indira_gandhi_old_age,75.0,2,1,0,0
71,800000,salaried,male,st,1,1,0,primary,pm_awas_yojana_gramin,71.4,3,1,0,0
71,800000,salaried,male,st,1,1,0,primary,ayushman_bharat,60.0,1,1,0,1
71,800000,salaried,male,st,1,1,0,primary,mgnregs,33.3,1,2,0,0
71,800000,salaried,male,st,1,1,0,primary,pm_kisan,0.0,2,2,1,0
71,800000,salaried,male,st,1,1,0,primary,pm_fasal_bima,0.0,2,1,1,0
71,800000,salaried,male,st,1,1,0,primary,kisan_credit_card,0.0,2,1,1,0
71,800000,salaried,male,st,1,1,0,primary,pm_matru_vandana,0.0,2,1,1,0
71,800000,salaried,male,st,1,1,0,primary,mahila_shakti_kendra,0.0,0,2,1,0
71,800000,salaried,male,st,1,1,0,primary,national_scholarship_portal,0.0,1,3,1,0
71,800000,salaried,male,st,1,1,0,primary,pm_scholarship_scheme,0.0,0,3,1,0
71,800000,salaried,male,st,1,1,0,primary,pm_suraksha_bima,0.0,0,2,1,0
71,800000,salaried,male,st,1,1,0,primary,pm_jeevan_jyoti,0.0,0,2,1,0
71,800000,salaried,male,st,1,1,0,primary,pm_mudra_yojana,0.0,1,2,1,0
71,800000,salaried,male,st,1,1,0,primary,startup_india_seed_fund,0.0,0,2,1,0
71,800000,salaried,male,st,1,1,0,primary,deen_dayal_disability,0.0,0,2,1,0
71,800000,salaried,male,st,1,1,0,primary,post_matric_sc,0.0,0,3,1,0
71,800000,salaried,male,st,1,1,0,primary,eklavya_model_school,0.0,1,2,1,0
23,40000,self_employed,female,obc,0,0,0,primary,pm_matru_vandana,100.0,3,0,0,1
23,40000,self_employed,female,obc,0,0,0,primary,mahila_shakti_kendra,100.0,2,0,0,1
23,40000,self_employed,female,obc,0,0,0,primary,pm_suraksha_bima,100.0,2,0,0,1
23,40000,self_employed,female,obc,0,0,0,primary,pm_jeevan_jyoti,100.0,2,0,0,1
23,40000,self_employed,female,obc,0,0,0,primary,mgnregs,100.0,3,0,0,1
23,40000,self_employed,female,obc,0,0,0,primary,pm_mudra_yojana,100.0,3,0,0,0
23,40000,self_employed,female,obc,0,0,0,primary,startup_india_seed_fund,100.0,2,0,0,1
23,40000,self_employed,female,obc,0,0,0,primary,pm_kisan,0.0,3,1,1,0
23,40000,self_employed,female,obc,0,0,0,primary,pm_fasal_bima,0.0,1,2,1,0
23,40000,self_employed,female,obc,0,0,0,primary,kisan_credit_card,0.0,1,2,1,0
23,40000,self_employed,female,obc,0,0,0,primary,national_scholarship_portal,0.0,3,1,1,0
23,40000,self_employed,female,obc,0,0,0,primary,pm_scholarship_scheme,0.0,2,1,1,0
23,40000,self_employed,female,obc,0,0,0,primary,ayushman_bharat,0.0,1,1,1,0
23,40000,self_employed,female,obc,0,0,0,primary,pm_awas_yojana_gramin,0.0,3,1,1,0
23,40000,self_employed,female,obc,0,0,0,primary,deen_dayal_disability,0.0,1,1,1,0
23,40000,self_employed,female,obc,0,0,0,primary,post_matric_sc,0.0,1,2,1,0
23,40000,self_employed,female,obc,0,0,0,primary,eklavya_model_school,0.0,0,3,1,0
23,40000,self_employed,female,obc,0,0,0,primary,indira_gandhi_old_age,0.0,1,2,1,0
76,400000,other,other,obc,0,1,0,postgraduate,indira_gandhi_old_age,75.0,2,1,0,0
76,400000,other,other,obc,0,1,0,postgraduate,pm_awas_yojana_gramin,71.4,3,1,0,0
76,400000,other,other,obc,0,1,0,postgraduate,mgnregs,66.7,2,1,0,0
76,400000,other,other,obc,0,1,0,postgraduate,ayushman_bharat,60.0,1,1,0,1
76,400000,other,other,obc,0,1,0,postgraduate,pm_kisan,0.0,2,2,1,0
76,400000,other,other,obc,0,1,0,postgraduate,pm_fasal_bima,0.0,1,2,1,0
76,400000,other,other,obc,0,1,0,postgraduate,kisan_credit_card,0.0,0,3,1,0
76,400000,other,other,obc,0,1,0,postgraduate,pm_matru_vandana,0.0,2,1,1,0
76,400000,other,other,obc,0,1,0,postgraduate,mahila_shakti_kendra,0.0,0,2,1,0
76,400000,other,other,obc,0,1,0,postgraduate,national_scholarship_portal,0.0,1,3,1,0
76,400000,other,other,obc,0,1,0,postgraduate,pm_scholarship_scheme,0.0,1,2,1,0
76,400000,other,other,obc,0,1,0,postgraduate,pm_suraksha_bima,0.0,1,1,1,0
76,400000,other,other,obc,0,1,0,postgraduate,pm_jeevan_jyoti,0.0,1,1,1,0
76,400000,other,other,obc,0,1,0,postgraduate,pm_mudra_yojana,0.0,1,2,1,0
76,400000,other,other,obc,0,1,0,postgraduate,startup_india_seed_fund,0.0,0,2,1,0
76,400000,other,other,obc,0,1,0,postgraduate,deen_dayal_disability,0.0,0,2,1,0
76,400000,other,other,obc,0,1,0,postgraduate,post_matric_sc,0.0,0,3,1,0
76,400000,other,other,obc,0,1,0,postgraduate,eklavya_model_school,0.0,0,3,1,0
46,400000,other,other,sc,0,0,0,postgraduate,pm_suraksha_bima,100.0,2,0,0,1
46,400000,other,other,sc,0,0,0,postgraduate,pm_jeevan_jyoti,100.0,2,0,0,1
46,400000,other,other,sc,0,0,0,postgraduate,mgnregs,66.7,2,1,0,1
46,400000,other,other,sc,0,0,0,postgraduate,pm_kisan,0.0,2,2,1,0
46,400000,other,other,sc,0,0,0,postgraduate,pm_fasal_bima,0.0,1,2,1,0
46,400000,other,other,sc,0,0,0,postgraduate,kisan_credit_card,0.0,1,2,1,0
46,400000,other,other,sc,0,0,0,postgraduate,pm_matru_vandana,0.0,2,1,1,0
46,400000,other,other,sc,0,0,0,postgraduate,mahila_shakti_kendra,0.0,0,2,1,0
46,400000,other,other,sc,0,0,0,postgraduate,national_scholarship_portal,0.0,1,3,1,0
46,400000,other,other,sc,0,0,0,postgraduate,pm_scholarship_scheme,0.0,1,2,1,0
46,400000,other,other,sc,0,0,0,postgraduate,ayushman_bharat,0.0,0,2,1,0
46,400000,other,other,sc,0,0,0,postgraduate,pm_awas_yojana_gramin,0.0,2,2,1,0
46,400000,other,other,sc,0,0,0,postgraduate,pm_mudra_yojana,0.0,2,1,1,0
46,400000,other,other,sc,0,0,0,postgraduate,startup_india_seed_fund,0.0,1,1,1,0
46,400000,other,other,sc,0,0,0,postgraduate,deen_dayal_disability,0.0,0,2,1,0
46,400000,other,other,sc,0,0,0,postgraduate,post_matric_sc,0.0,1,2,1,0
46,400000,other,other,sc,0,0,0,postgraduate,eklavya_model_school,0.0,0,3,1,0
46,400000,other,other,sc,0,0,0,postgraduate,indira_gandhi_old_age,0.0,0,3,1,0
78,0,farmer,male,obc,0,1,0,secondary,pm_kisan,100.0,4,0,0,1
78,0,farmer,male,obc,0,1,0,secondary,ayushman_bharat,100.0,2,0,0,1
78,0,farmer,male,obc,0,1,0,secondary,pm_awas_yojana_gramin,100.0,4,0,0,1
78,0,farmer,male,obc,0,1,0,secondary,mgnregs,100.0,3,0,0,1
78,0,farmer,male,obc,0,1,0,secondary,indira_gandhi_old_age,100.0,3,0,0,1
78,0,farmer,male,obc,0,1,0,secondary,pm_fasal_bima,66.7,2,1,0,1
78,0,farmer,male,obc,0,1,0,secondary,kisan_credit_card,0.0,1,2,1,0
78,0,farmer,male,obc,0,1,0,secondary,pm_matru_vandana,0.0,2,1,1,0
78,0,farmer,male,obc,0,1,0,secondary,mahila_shakti_kendra,0.0,1,1,1,0
78,0,farmer,male,obc,0,1,0,secondary,national_scholarship_portal,0.0,2,2,1,0
78,0,farmer,male,obc,0,1,0,secondary,pm_scholarship_scheme,0.0,1,2,1,0
78,0,farmer,male,obc,0,1,0,secondary,pm_suraksha_bima,0.0,1,1,1,0
78,0,farmer,male,obc,0,1,0,secondary,pm_jeevan_jyoti,0.0,1,1,1,0
78,0,farmer,male,obc,0,1,0,secondary,pm_mudra_yojana,0.0,1,2,1,0
78,0,farmer,male,obc,0,1,0,secondary,startup_india_seed_fund,0.0,0,2,1,0
78,0,farmer,male,obc,0,1,0,secondary,deen_dayal_disability,0.0,1,1,1,0
78,0,farmer,male,obc,0,1,0,secondary,post_matric_sc,0.0,1,2,1,0
78,0,farmer,male,obc,0,1,0,secondary,eklavya_model_school,0.0,0,3,1,0
25,400000,unemployed,other,st,0,0,0,primary,pm_suraksha_bima,100.0,2,0,0,1
25,400000,unemployed,other,st,0,0,0,primary,pm_jeevan_jyoti,100.0,2,0,0,1
25,400000,unemployed,other,st,0,0,0,primary,mgnregs,66.7,2,1,0,1
25,400000,unemployed,other,st,0,0,0,primary,pm_kisan,0.0,2,2,1,0
25,400000,unemployed,other,st,0,0,0,primary,pm_fasal_bima,0.0,1,2,1,0
25,400000,unemployed,other,st,0,0,0,primary,kisan_credit_card,0.0,1,2,1,0
25,400000,unemployed,other,st,0,0,0,primary,pm_matru_vandana,0.0,2,1,1,0
25,400000,unemployed,other,st,0,0,0,primary,mahila_shakti_kendra,0.0,0,2,1,0
25,400000,unemployed,other,st,0,0,0,primary,national_scholarship_portal,0.0,2,2,1,0
25,400000,unemployed,other,st,0,0,0,primary,pm_scholarship_scheme,0.0,2,1,1,0
25,400000,unemployed,other,st,0,0,0,primary,ayushman_bharat,0.0,0,2,1,0
25,400000,unemployed,other,st,0,0,0,primary,pm_awas_yojana_gramin,0.0,2,2,1,0
25,400000,unemployed,other,st,0,0,0,primary,pm_mudra_yojana,0.0,2,1,1,0
25,400000,unemployed,other,st,0,0,0,primary,startup_india_seed_fund,0.0,1,1,1,0
25,400000,unemployed,other,st,0,0,0,primary,deen_dayal_disability,0.0,0,2,1,0
25,400000,unemployed,other,st,0,0,0,primary,post_matric_sc,0.0,0,3,1,0
25,400000,unemployed,other,st,0,0,0,primary,eklavya_model_school,0.0,1,2,1,0
25,400000,unemployed,other,st,0,0,0,primary,indira_gandhi_old_age,0.0,0,3,1,0
61,150000,unemployed,other,obc,0.5,0,0,primary,pm_suraksha_bima,100.0,2,0,0,1
61,150000,unemployed,other,obc,0.5,0,0,primary,mgnregs,100.0,3,0,0,0
61,150000,unemployed,other,obc,0.5,0,0,primary,pm_kisan,0.0,3,1,1,0
61,150000,unemployed,other,obc,0.5,0,0,primary,pm_fasal_bima,0.0,2,1,1,0
61,150000,unemployed,other,obc,0.5,0,0,primary,kisan_credit_card,0.0,2,1,1,0
61,150000,unemployed,other,obc,0.5,0,0,primary,pm_matru_vandana,0.0,2,1,1,0
61,150000,unemployed,other,obc,0.5,0,0,primary,mahila_shakti_kendra,0.0,1,1,1,0
61,150000,unemployed,other,obc,0.5,0,0,primary,national_scholarship_portal,0.0,2,2,1,0
61,150000,unemployed,other,obc,0.5,0,0,primary,pm_scholarship_scheme,0.0,1,2,1,0
61,150000,unemployed,other,obc,0.5,0,0,primary,ayushman_bharat,0.0,0,2,1,0
61,150000,unemployed,other,obc,0.5,0,0,primary,pm_jeevan_jyoti,0.0,1,1,1,0
61,150000,unemployed,other,obc,0.5,0,0,primary,pm_awas_yojana_gramin,0.0,3,1,1,0
61,150000,unemployed,other,obc,0.5,0,0,primary,pm_mudra_yojana,0.0,2,1,1,0
61,150000,unemployed,other,obc,0.5,0,0,primary,startup_india_seed_fund,0.0,0,2,1,0
61,150000,unemployed,other,obc,0.5,0,0,primary,deen_dayal_disability,0.0,1,1,1,0
61,150000,unemployed,other,obc,0.5,0,0,primary,post_matric_sc,0.0,1,2,1,0
61,150000,unemployed,other,obc,0.5,0,0,primary,eklavya_model_school,0.0,0,3,1,0
61,150000,unemployed,other,obc,0.5,0,0,primary,indira_gandhi_old_age,0.0,1,2,1,0
20,90000,daily_wage,female,obc,2.5,1,0,secondary,pm_matru_vandana,100.0,3,0,0,0
20,90000,daily_wage,female,obc,2.5,1,0,secondary,mahila_shakti_kendra,100.0,2,0,0,0
20,90000,daily_wage,female,obc,2.5,1,0,secondary,ayushman_bharat,100.0,2,0,0,1
20,90000,daily_wage,female,obc,2.5,1,0,secondary,pm_suraksha_bima,100.0,2,0,0,1
20,90000,daily_wage,female,obc,2.5,1,0,secondary,pm_jeevan_jyoti,100.0,2,0,0,1
20,90000,daily_wage,female,obc,2.5,1,0,secondary,pm_awas_yojana_gramin,100.0,4,0,0,1
20,90000,daily_wage,female,obc,2.5,1,0,secondary,mgnregs,100.0,3,0,0,1
20,90000,daily_wage,female,obc,2.5,1,0,secondary,pm_kisan,0.0,3,1,1,0
20,90000,daily_wage,female,obc,2.5,1,0,secondary,pm_fasal_bima,0.0,2,1,1,0
20,90000,daily_wage,female,obc,2.5,1,0,secondary,kisan_credit_card,0.0,2,1,1,0
20,90000,daily_wage,female,obc,2.5,1,0,secondary,national_scholarship_portal,0.0,3,1,1,0
20,90000,daily_wage,female,obc,2.5,1,0,secondary,pm_scholarship_scheme,0.0,2,1,1,0
20,90000,daily_wage,female,obc,2.5,1,0,secondary,pm_mudra_yojana,0.0,2,1,1,0
20,90000,daily_wage,female,obc,2.5,1,0,secondary,startup_india_seed_fund,0.0,1,1,1,0
20,90000,daily_wage,female,obc,2.5,1,0,secondary,deen_dayal_disability,0.0,1,1,1,0
20,90000,daily_wage,female,obc,2.5,1,0,secondary,post_matric_sc,0.0,1,2,1,0
20,90000,daily_wage,female,obc,2.5,1,0,secondary,eklavya_model_school,0.0,0,3,1,0
20,90000,daily_wage,female,obc,2.5,1,0,secondary,indira_gandhi_old_age,0.0,2,1,1,0
16,0,salaried,female,st,1,0,0,postgraduate,mahila_shakti_kendra,100.0,2,0,0,1
16,0,salaried,female,st,1,0,0,postgraduate,pm_kisan,0.0,2,2,1,0
16,0,salaried,female,st,1,0,0,postgraduate,pm_fasal_bima,0.0,1,2,1,0
16,0,salaried,female,st,1,0,0,postgraduate,kisan_credit_card,0.0,1,2,1,0
16,0,salaried,female,st,1,0,0,postgraduate,pm_matru_vandana,0.0,2,1,1,0
16,0,salaried,female,st,1,0,0,postgraduate,national_scholarship_portal,0.0,3,1,1,0
16,0,salaried,female,st,1,0,0,postgraduate,pm_scholarship_scheme,0.0,1,2,1,0
16,0,salaried,female,st,1,0,0,postgraduate,ayushman_bharat,0.0,1,1,1,0
16,0,salaried,female,st,1,0,0,postgraduate,pm_suraksha_bima,0.0,1,1,1,0
16,0,salaried,female,st,1,0,0,postgraduate,pm_jeevan_jyoti,0.0,1,1,1,0
16,0,salaried,female,st,1,0,0,postgraduate,pm_awas_yojana_gramin,0.0,2,2,1,0
16,0,salaried,female,st,1,0,0,postgraduate,mgnregs,0.0,1,2,1,0
16,0,salaried,female,st,1,0,0,postgraduate,pm_mudra_yojana,0.0,1,2,1,0
16,0,salaried,female,st,1,0,0,postgraduate,startup_india_seed_fund,0.0,0,2,1,0
16,0,salaried,female,st,1,0,0,postgraduate,deen_dayal_disability,0.0,1,1,1,0
16,0,salaried,female,st,1,0,0,postgraduate,post_matric_sc,0.0,1,2,1,0
16,0,salaried,female,st,1,0,0,postgraduate,eklavya_model_school,0.0,2,1,1,0
16,0,salaried,female,st,1,0,0,postgraduate,indira_gandhi_old_age,0.0,1,2,1,0
44,90000,salaried,male,general,0,0,0,none,pm_suraksha_bima,100.0,2,0,0,1
44,90000,salaried,male,general,0,0,0,none,pm_jeevan_jyoti,100.0,2,0,0,1
44,90000,salaried,male,general,0,0,0,none,mgnregs,66.7,2,1,0,1
44,90000,salaried,male,general,0,0,0,none,pm_kisan,0.0,3,1,1,0
44,90000,salaried,male,general,0,0,0,none,pm_fasal_bima,0.0,1,2,1,0
44,90000,salaried,male,general,0,0,0,none,kisan_credit_card,0.0,1,2,1,0
44,90000,salaried,male,general,0,0,0,none,pm_matru_vandana,0.0,2,1,1,0
44,90000,salaried,male,general,0,0,0,none,mahila_shakti_kendra,0.0,1,1,1,0
44,90000,salaried,male,general,0,0,0,none,national_scholarship_portal,0.0,1,3,1,0
44,90000,salaried,male,general,0,0,0,none,pm_scholarship_scheme,0.0,1,2,1,0
44,90000,salaried,male,general,0,0,0,none,ayushman_bharat,0.0,1,1,1,0
44,90000,salaried,male,general,0,0,0,none,pm_awas_yojana_gramin,0.0,3,1,1,0
44,90000,salaried,male,general,0,0,0,none,pm_mudra_yojana,0.0,2,1,1,0
44,90000,salaried,male,general,0,0,0,none,startup_india_seed_fund,0.0,1,1,1,0
44,90000,salaried,male,general,0,0,0,none,deen_dayal_disability,0.0,1,1,1,0
44,90000,salaried,male,general,0,0,0,none,post_matric_sc,0.0,1,2,1,0
44,90000,salaried,male,general,0,0,0,none,eklavya_model_school,0.0,0,3,1,0
44,90000,salaried,male,general,0,0,0,none,indira_gandhi_old_age,0.0,1,2,1,0
77,0,salaried,other,obc,1,1,0,primary,ayushman_bharat,100.0,2,0,0,1
77,0,salaried,other,obc,1,1,0,primary,pm_awas_yojana_gramin,100.0,4,0,0,1
77,0,salaried,other,obc,1,1,0,primary,indira_gandhi_old_age,100.0,3,0,0,1
77,0,salaried,other,obc,1,1,0,primary,mgnregs,66.7,2,1,0,1
77,0,salaried,other,obc,1,1,0,primary,pm_kisan,0.0,3,1,1,0
77,0,salaried,other,obc,1,1,0,primary,pm_fasal_bima,0.0,2,1,1,0
77,0,salaried,other,obc,1,1,0,primary,kisan_credit_card,0.0,1,2,1,0
77,0,salaried,other,obc,1,1,0,primary,pm_matru_vandana,0.0,2,1,1,0
77,0,salaried,other,obc,1,1,0,primary,mahila_shakti_kendra,0.0,1,1,1,0
77,0,salaried,other,obc,1,1,0,primary,national_scholarship_portal,0.0,2,2,1,0
77,0,salaried,other,obc,1,1,0,primary,pm_scholarship_scheme,0.0,1,2,1,0
77,0,salaried,other,obc,1,1,0,primary,pm_suraksha_bima,0.0,1,1,1,0
77,0,salaried,other,obc,1,1,0,primary,pm_jeevan_jyoti,0.0,1,1,1,0
77,0,salaried,other,obc,1,1,0,primary,pm_mudra_yojana,0.0,1,2,1,0
77,0,salaried,other,obc,1,1,0,primary,startup_india_seed_fund,0.0,0,2,1,0
77,0,salaried,other,obc,1,1,0,primary,deen_dayal_disability,0.0,1,1,1,0
77,0,salaried,other,obc,1,1,0,primary,post_matric_sc,0.0,1,2,1,0
77,0,salaried,other,obc,1,1,0,primary,eklavya_model_school,0.0,0,3,1,0
78,90000,farmer,female,general,0,1,0,postgraduate,pm_kisan,100.0,4,0,0,1
78,90000,farmer,female,general,0,1,0,postgraduate,pm_matru_vandana,100.0,3,0,0,1
78,90000,farmer,female,general,0,1,0,postgraduate,mahila_shakti_kendra,100.0,2,0,0,0
78,90000,farmer,female,general,0,1,0,postgraduate,ayushman_bharat,100.0,2,0,0,1
78,90000,farmer,female,general,0,1,0,postgraduate,pm_awas_yojana_gramin,100.0,4,0,0,1
78,90000,farmer,female,general,0,1,0,postgraduate,mgnregs,100.0,3,0,0,1
78,90000,farmer,female,general,0,1,0,postgraduate,indira_gandhi_old_age,100.0,3,0,0,0
78,90000,farmer,female,general,0,1,0,postgraduate,pm_fasal_bima,66.7,2,1,0,1
78,90000,farmer,female,general,0,1,0,postgraduate,kisan_credit_card,0.0,1,2,1,0
78,90000,farmer,female,general,0,1,0,postgraduate,national_scholarship_portal,0.0,1,3,1,0
78,90000,farmer,female,general,0,1,0,postgraduate,pm_scholarship_scheme,0.0,1,2,1,0
78,90000,farmer,female,general,0,1,0,postgraduate,pm_suraksha_bima,0.0,1,1,1,0
78,90000,farmer,female,general,0,1,0,postgraduate,pm_jeevan_jyoti,0.0,1,1,1,0
78,90000,farmer,female,general,0,1,0,postgraduate,pm_mudra_yojana,0.0,1,2,1,0
78,90000,farmer,female,general,0,1,0,postgraduate,startup_india_seed_fund,0.0,0,2,1,0
78,90000,farmer,female,general,0,1,0,postgraduate,deen_dayal_disability,0.0,1,1,1,0
78,90000,farmer,female,general,0,1,0,postgraduate,post_matric_sc,0.0,1,2,1,0
78,90000,farmer,female,general,0,1,0,postgraduate,eklavya_model_school,0.0,0,3,1,0
49,1500000,salaried,female,obc,2.5,1,0,none,pm_matru_vandana,83.3,2,1,0,1
49,1500000,salaried,female,obc,2.5,1,0,none,pm_awas_yojana_gramin,71.4,3,1,0,0
49,1500000,salaried,female,obc,2.5,1,0,none,pm_suraksha_bima,66.7,1,1,0,1
49,1500000,salaried,female,obc,2.5,1,0,none,pm_jeevan_jyoti,66.7,1,1,0,1
49,1500000,salaried,female,obc,2.5,1,0,none,mahila_shakti_kendra,60.0,1,1,0,1
49,1500000,salaried,female,obc,2.5,1,0,none,ayushman_bharat,60.0,1,1,0,1
49,1500000,salaried,female,obc,2.5,1,0,none,mgnregs,33.3,1,2,0,0
49,1500000,salaried,female,obc,2.5,1,0,none,pm_kisan,0.0,2,2,1,0
49,1500000,salaried,female,obc,2.5,1,0,none,pm_fasal_bima,0.0,2,1,1,0
49,1500000,salaried,female,obc,2.5,1,0,none,kisan_credit_card,0.0,2,1,1,0
49,1500000,salaried,female,obc,2.5,1,0,none,national_scholarship_portal,0.0,1,3,1,0
49,1500000,salaried,female,obc,2.5,1,0,none,pm_scholarship_scheme,0.0,0,3,1,0
49,1500000,salaried,female,obc,2.5,1,0,none,pm_mudra_yojana,0.0,1,2,1,0
49,1500000,salaried,female,obc,2.5,1,0,none,startup_india_seed_fund,0.0,1,1,1,0
49,1500000,salaried,female,obc,2.5,1,0,none,deen_dayal_disability,0.0,0,2,1,0
49,1500000,salaried,female,obc,2.5,1,0,none,post_matric_sc,0.0,0,3,1,0
49,1500000,salaried,female,obc,2.5,1,0,none,eklavya_model_school,0.0,0,3,1,0
49,1500000,salaried,female,obc,2.5,1,0,none,indira_gandhi_old_age,0.0,1,2,1,0
66,0,daily_wage,other,obc,8,0,0,primary,pm_suraksha_bima,100.0,2,0,0,1
66,0,daily_wage,other,obc,8,0,0,primary,mgnregs,100.0,3,0,0,0
66,0,daily_wage,other,obc,8,0,0,primary,pm_kisan,0.0,2,2,1,0
66,0,daily_wage,other,obc,8,0,0,primary,pm_fasal_bima,0.0,2,1,1,0
66,0,daily_wage,other,obc,8,0,0,primary,kisan_credit_card,0.0,2,1,1,0
66,0,daily_wage,other,obc,8,0,0,primary,pm_matru_vandana,0.0,2,1,1,0
66,0,daily_wage,other,obc,8,0,0,primary,mahila_shakti_kendra,0.0,1,1,1,0
66,0,daily_wage,other,obc,8,0,0,primary,national_scholarship_portal,0.0,2,2,1,0
66,0,daily_wage,other,obc,8,0,0,primary,pm_scholarship_scheme,0.0,1,2,1,0
66,0,daily_wage,other,obc,8,0,0,primary,ayushman_bharat,0.0,1,1,1,0
66,0,daily_wage,other,obc,8,0,0,primary,pm_jeevan_jyoti,0.0,1,1,1,0
66,0,daily_wage,other,obc,8,0,0,primary,pm_awas_yojana_gramin,0.0,2,2,1,0
66,0,daily_wage,other,obc,8,0,0,primary,pm_mudra_yojana,0.0,1,2,1,0
66,0,daily_wage,other,obc,8,0,0,primary,startup_india_seed_fund,0.0,0,2,1,0
66,0,daily_wage,other,obc,8,0,0,primary,deen_dayal_disability,0.0,1,1,1,0
66,0,daily_wage,other,obc,8,0,0,primary,post_matric_sc,0.0,1,2,1,0
66,0,daily_wage,other,obc,8,0,0,primary,eklavya_model_school,0.0,0,3,1,0
66,0,daily_wage,other,obc,8,0,0,primary,indira_gandhi_old_age,0.0,2,1,1,0
71,150000,other,other,obc,0.5,0,0,none,mgnregs,100.0,3,0,0,1
71,150000,other,other,obc,0.5,0,0,none,pm_kisan,0.0,3,1,1,0
71,150000,other,other,obc,0.5,0,0,none,pm_fasal_bima,0.0,2,1,1,0
71,150000,other,other,obc,0.5,0,0,none,kisan_credit_card,0.0,2,1,1,0
71,150000,other,other,obc,0.5,0,0,none,pm_matru_vandana,0.0,2,1,1,0
71,150000,other,other,obc,0.5,0,0,none,mahila_shakti_kendra,0.0,1,1,1,0
71,150000,other,other,obc,0.5,0,0,none,national_scholarship_portal,0.0,2,2,1,0
71,150000,other,other,obc,0.5,0,0,none,pm_scholarship_scheme,0.0,1,2,1,0
71,150000,other,other,obc,0.5,0,0,none,ayushman_bharat,0.0,0,2,1,0
71,150000,other,other,obc,0.5,0,0,none,pm_suraksha_bima,0.0,1,1,1,0
71,150000,other,other,obc,0.5,0,0,none,pm_jeevan_jyoti,0.0,1,1,1,0
71,150000,other,other,obc,0.5,0,0,none,pm_awas_yojana_gramin,0.0,3,1,1,0
71,150000,other,other,obc,0.5,0,0,none,pm_mudra_yojana,0.0,1,2,1,0
71,150000,other,other,obc,0.5,0,0,none,startup_india_seed_fund,0.0,0,2,1,0
71,150000,other,other,obc,0.5,0,0,none,deen_dayal_disability,0.0,1,1,1,0
71,150000,other,other,obc,0.5,0,0,none,post_matric_sc,0.0,1,2,1,0
71,150000,other,other,obc,0.5,0,0,none,eklavya_model_school,0.0,0,3,1,0
71,150000,other,other,obc,0.5,0,0,none,indira_gandhi_old_age,0.0,1,2,1,0
57,250000,daily_wage,female,general,2.5,0,0,none,pm_matru_vandana,100.0,3,0,0,1
57,250000,daily_wage,female,general,2.5,0,0,none,mahila_shakti_kendra,100.0,2,0,0,1
57,250000,daily_wage,female,general,2.5,0,0,none,pm_suraksha_bima,100.0,2,0,0,1
57,250000,daily_wage,female,general,2.5,0,0,none,mgnregs,66.7,2,1,0,0
57,250000,daily_wage,female,general,2.5,0,0,none,pm_kisan,0.0,2,2,1,0
57,250000,daily_wage,female,general,2.5,0,0,none,pm_fasal_bima,0.0,2,1,1,0
57,250000,daily_wage,female,general,2.5,0,0,none,kisan_credit_card,0.0,2,1,1,0
57,250000,daily_wage,female,general,2.5,0,0,none,national_scholarship_portal,0.0,1,3,1,0
57,250000,daily_wage,female,general,2.5,0,0,none,pm_scholarship_scheme,0.0,1,2,1,0
57,250000,daily_wage,female,general,2.5,0,0,none,ayushman_bharat,0.0,0,2,1,0
57,250000,daily_wage,female,general,2.5,0,0,none,pm_jeevan_jyoti,0.0,1,1,1,0
57,250000,daily_wage,female,general,2.5,0,0,none,pm_awas_yojana_gramin,0.0,3,1,1,0
57,250000,daily_wage,female,general,2.5,0,0,none,pm_mudra_yojana,0.0,2,1,1,0
57,250000,daily_wage,female,general,2.5,0,0,none,startup_india_seed_fund,0.0,0,2,1,0
57,250000,daily_wage,female,general,2.5,0,0,none,deen_dayal_disability,0.0,1,1,1,0
57,250000,daily_wage,female,general,2.5,0,0,none,post_matric_sc,0.0,1,2,1,0
57,250000,daily_wage,female,general,2.5,0,0,none,eklavya_model_school,0.0,0,3,1,0
57,250000,daily_wage,female,general,2.5,0,0,none,indira_gandhi_old_age,0.0,0,3,1,0
60,800000,self_employed,female,st,2.5,0,0,graduate,pm_matru_vandana,100.0,3,0,0,1
60,800000,self_employed,female,st,2.5,0,0,graduate,pm_mudra_yojana,100.0,3,0,0,1
60,800000,self_employed,female,st,2.5,0,0,graduate,startup_india_seed_fund,75.0,1,1,0,1
60,800000,self_employed,female,st,2.5,0,0,graduate,pm_suraksha_bima,66.7,1,1,0,1
60,800000,self_employed,female,st,2.5,0,0,graduate,mgnregs,66.7,2,1,0,1
60,800000,self_employed,female,st,2.5,0,0,graduate,mahila_shakti_kendra,60.0,1,1,0,0
60,800000,self_employed,female,st,2.5,0,0,graduate,pm_kisan,0.0,2,2,1,0
60,800000,self_employed,female,st,2.5,0,0,graduate,pm_fasal_bima,0.0,2,1,1,0
60,800000,self_employed,female,st,2.5,0,0,graduate,kisan_credit_card,0.0,2,1,1,0
60,800000,self_employed,female,st,2.5,0,0,graduate,national_scholarship_portal,0.0,1,3,1,0
60,800000,self_employed,female,st,2.5,0,0,graduate,pm_scholarship_scheme,0.0,0,3,1,0
60,800000,self_employed,female,st,2.5,0,0,graduate,ayushman_bharat,0.0,0,2,1,0
60,800000,self_employed,female,st,2.5,0,0,graduate,pm_jeevan_jyoti,0.0,0,2,1,0
60,800000,self_employed,female,st,2.5,0,0,graduate,pm_awas_yojana_gramin,0.0,2,2,1,0
60,800000,self_employed,female,st,2.5,0,0,graduate,deen_dayal_disability,0.0,0,2,1,0
60,800000,self_employed,female,st,2.5,0,0,graduate,post_matric_sc,0.0,0,3,1,0
60,800000,self_employed,female,st,2.5,0,0,graduate,eklavya_model_school,0.0,1,2,1,0
60,800000,self_employed,female,st,2.5,0,0,graduate,indira_gandhi_old_age,0.0,1,2,1,0
55,250000,other,female,general,0,0,0,secondary,pm_matru_vandana,100.0,3,0,0,1
55,250000,other,female,general,0,0,0,secondary,mahila_shakti_kendra,100.0,2,0,0,1
55,250000,other,female,general,0,0,0,secondary,pm_suraksha_bima,100.0,2,0,0,1
55,250000,other,female,general,0,0,0,secondary,mgnregs,66.7,2,1,0,1
55,250000,other,female,general,0,0,0,secondary,pm_kisan,0.0,2,2,1,0
55,250000,other,female,general,0,0,0,secondary,pm_fasal_bima,0.0,1,2,1,0
55,250000,other,female,general,0,0,0,secondary,kisan_credit_card,0.0,1,2,1,0
55,250000,other,female,general,0,0,0,secondary,national_scholarship_portal,0.0,1,3,1,0
55,250000,other,female,general,0,0,0,secondary,pm_scholarship_scheme,0.0,1,2,1,0
55,250000,other,female,general,0,0,0,secondary,ayushman_bharat,0.0,0,2,1,0
55,250000,other,female,general,0,0,0,secondary,pm_jeevan_jyoti,0.0,1,1,1,0
55,250000,other,female,general,0,0,0,secondary,pm_awas_yojana_gramin,0.0,3,1,1,0
55,250000,other,female,general,0,0,0,secondary,pm_mudra_yojana,0.0,2,1,1,0
55,250000,other,female,general,0,0,0,secondary,startup_india_seed_fund,0.0,0,2,1,0
55,250000,other,female,general,0,0,0,secondary,deen_dayal_disability,0.0,1,1,1,0
55,250000,other,female,general,0,0,0,secondary,post_matric_sc,0.0,1,2,1,0
55,250000,other,female,general,0,0,0,secondary,eklavya_model_school,0.0,0,3,1,0
55,250000,other,female,general,0,0,0,secondary,indira_gandhi_old_age,0.0,0,3,1,0
63,0,daily_wage,male,general,5,0,0,postgraduate,pm_suraksha_bima,100.0,2,0,0,0
63,0,daily_wage,male,general,5,0,0,postgraduate,mgnregs,100.0,3,0,0,1
63,0,daily_wage,male,general,5,0,0,postgraduate,pm_kisan,0.0,3,1,1,0
63,0,daily_wage,male,general,5,0,0,postgraduate,pm_fasal_bima,0.0,2,1,1,0
63,0,daily_wage,male,general,5,0,0,postgraduate,kisan_credit_card,0.0,2,1,1,0
63,0,daily_wage,male,general,5,0,0,postgraduate,pm_matru_vandana,0.0,2,1,1,0
63,0,daily_wage,male,general,5,0,0,postgraduate,mahila_shakti_kendra,0.0,1,1,1,0
63,0,daily_wage,male,general,5,0,0,postgraduate,national_scholarship_portal,0.0,1,3,1,0
63,0,daily_wage,male,general,5,0,0,postgraduate,pm_scholarship_scheme,0.0,1,2,1,0
63,0,daily_wage,male,general,5,0,0,postgraduate,ayushman_bharat,0.0,1,1,1,0
63,0,daily_wage,male,general,5,0,0,postgraduate,pm_jeevan_jyoti,0.0,1,1,1,0
63,0,daily_wage,male,general,5,0,0,postgraduate,pm_awas_yojana_gramin,0.0,2,2,1,0
63,0,daily_wage,male,general,5,0,0,postgraduate,pm_mudra_yojana,0.0,2,1,1,0
63,0,daily_wage,male,general,5,0,0,postgraduate,startup_india_seed_fund,0.0,0,2,1,0
63,0,daily_wage,male,general,5,0,0,postgraduate,deen_dayal_disability,0.0,1,1,1,0
63,0,daily_wage,male,general,5,0,0,postgraduate,post_matric_sc,0.0,1,2,1,0
63,0,daily_wage,male,general,5,0,0,postgraduate,eklavya_model_school,0.0,0,3,1,0
63,0,daily_wage,male,general,5,0,0,postgraduate,indira_gandhi_old_age,0.0,2,1,1,0
20,1500000,farmer,female,obc,0.5,0,0,none,pm_fasal_bima,100.0,3,0,0,1
20,1500000,farmer,female,obc,0.5,0,0,none,kisan_credit_card,100.0,3,0,0,0
20,1500000,farmer,female,obc,0.5,0,0,none,pm_matru_vandana,83.3,2,1,0,1
20,1500000,farmer,female,obc,0.5,0,0,none,pm_kisan,75.0,3,1,0,0
20,1500000,farmer,female,obc,0.5,0,0,none,pm_suraksha_bima,66.7,1,1,0,0
20,1500000,farmer,female,obc,0.5,0,0,none,pm_jeevan_jyoti,66.7,1,1,0,1
20,1500000,farmer,female,obc,0.5,0,0,none,mgnregs,66.7,2,1,0,0
20,1500000,farmer,female,obc,0.5,0,0,none,mahila_shakti_kendra,60.0,1,1,0,1
20,1500000,farmer,female,obc,0.5,0,0,none,national_scholarship_portal,0.0,2,2,1,0
20,1500000,farmer,female,obc,0.5,0,0,none,pm_scholarship_scheme,0.0,1,2,1,0
20,1500000,farmer,female,obc,0.5,0,0,none,ayushman_bharat,0.0,0,2,1,0
20,1500000,farmer,female,obc,0.5,0,0,none,pm_awas_yojana_gramin,0.0,2,2,1,0
20,1500000,farmer,female,obc,0.5,0,0,none,pm_mudra_yojana,0.0,1,2,1,0
20,1500000,farmer,female,obc,0.5,0,0,none,startup_india_seed_fund,0.0,1,1,1,0
20,1500000,farmer,female,obc,0.5,0,0,none,deen_dayal_disability,0.0,0,2,1,0
20,1500000,farmer,female,obc,0.5,0,0,none,post_matric_sc,0.0,0,3,1,0
20,1500000,farmer,female,obc,0.5,0,0,none,eklavya_model_school,0.0,0,3,1,0
20,1500000,farmer,female,obc,0.5,0,0,none,indira_gandhi_old_age,0.0,0,3,1,0
44,150000,unemployed,male,sc,1,0,0,none,pm_suraksha_bima,100.0,2,0,0,1
44,150000,unemployed,male,sc,1,0,0,none,pm_jeevan_jyoti,100.0,2,0,0,1
44,150000,unemployed,male,sc,1,0,0,none,mgnregs,100.0,3,0,0,1
44,150000,unemployed,male,sc,1,0,0,none,pm_kisan,0.0,3,1,1,0
44,150000,unemployed,male,sc,1,0,0,none,pm_fasal_bima,0.0,2,1,1,0
44,150000,unemployed,male,sc,1,0,0,none,kisan_credit_card,0.0,2,1,1,0
44,150000,unemployed,male,sc,1,0,0,none,pm_matru_vandana,0.0,2,1,1,0
44,150000,unemployed,male,sc,1,0,0,none,mahila_shakti_kendra,0.0,1,1,1,0
44,150000,unemployed,male,sc,1,0,0,none,national_scholarship_portal,0.0,2,2,1,0
44,150000,unemployed,male,sc,1,0,0,none,pm_scholarship_scheme,0.0,1,2,1,0
44,150000,unemployed,male,sc,1,0,0,none,ayushman_bharat,0.0,0,2,1,0
44,150000,unemployed,male,sc,1,0,0,none,pm_awas_yojana_gramin,0.0,3,1,1,0
44,150000,unemployed,male,sc,1,0,0,none,pm_mudra_yojana,0.0,2,1,1,0
44,150000,unemployed,male,sc,1,0,0,none,startup_india_seed_fund,0.0,1,1,1,0
44,150000,unemployed,male,sc,1,0,0,none,deen_dayal_disability,0.0,1,1,1,0
44,150000,unemployed,male,sc,1,0,0,none,post_matric_sc,0.0,2,1,1,0
44,150000,unemployed,male,sc,1,0,0,none,eklavya_model_school,0.0,0,3,1,0
44,150000,unemployed,male,sc,1,0,0,none,indira_gandhi_old_age,0.0,0,3,1,0
55,250000,salaried,female,sc,0.5,1,0,postgraduate,pm_matru_vandana,100.0,3,0,0,1
55,250000,salaried,female,sc,0.5,1,0,postgraduate,mahila_shakti_kendra,100.0,2,0,0,1
55,250000,salaried,female,sc,0.5,1,0,postgraduate,pm_suraksha_bima,100.0,2,0,0,1
55,250000,salaried,female,sc,0.5,1,0,postgraduate,pm_awas_yojana_gramin,100.0,4,0,0,1
55,250000,salaried,female,sc,0.5,1,0,postgraduate,ayushman_bharat,60.0,1,1,0,1
55,250000,salaried,female,sc,0.5,1,0,postgraduate,mgnregs,33.3,1,2,0,1
55,250000,salaried,female,sc,0.5,1,0,postgraduate,pm_kisan,0.0,2,2,1,0
55,250000,salaried,female,sc,0.5,1,0,postgraduate,pm_fasal_bima,0.0,2,1,1,0
55,250000,salaried,female,sc,0.5,1,0,postgraduate,kisan_credit_card,0.0,2,1,1,0
55,250000,salaried,female,sc,0.5,1,0,postgraduate,national_scholarship_portal,0.0,2,2,1,0
55,250000,salaried,female,sc,0.5,1,0,postgraduate,pm_scholarship_scheme,0.0,1,2,1,0
55,250000,salaried,female,sc,0.5,1,0,postgraduate,pm_jeevan_jyoti,0.0,1,1,1,0
55,250000,salaried,female,sc,0.5,1,0,postgraduate,pm_mudra_yojana,0.0,2,1,1,0
55,250000,salaried,female,sc,0.5,1,0,postgraduate,startup_india_seed_fund,0.0,0,2,1,0
55,250000,salaried,female,sc,0.5,1,0,postgraduate,deen_dayal_disability,0.0,1,1,1,0
55,250000,salaried,female,sc,0.5,1,0,postgraduate,post_matric_sc,0.0,2,1,1,0
55,250000,salaried,female,sc,0.5,1,0,postgraduate,eklavya_model_school,0.0,0,3,1,0
55,250000,salaried,female,sc,0.5,1,0,postgraduate,indira_gandhi_old_age,0.0,1,2,1,0
57,250000,self_employed,other,sc,0,0,0,none,pm_suraksha_bima,100.0,2,0,0,1
57,250000,self_employed,other,sc,0,0,0,none,pm_mudra_yojana,100.0,3,0,0,1
57,250000,self_employed,other,sc,0,0,0,none,startup_india_seed_fund,75.0,1,1,0,1
57,250000,self_employed,other,sc,0,0,0,none,mgnregs,66.7,2,1,0,1
57,250000,self_employed,other,sc,0,0,0,none,pm_kisan,0.0,2,2,1,0
57,250000,self_employed,other,sc,0,0,0,none,pm_fasal_bima,0.0,1,2,1,0
57,250000,self_employed,other,sc,0,0,0,none,kisan_credit_card,0.0,1,2,1,0
57,250000,self_employed,other,sc,0,0,0,none,pm_matru_vandana,0.0,2,1,1,0
57,250000,self_employed,other,sc,0,0,0,none,mahila_shakti_kendra,0.0,1,1,1,0
57,250000,self_employed,other,sc,0,0,0,none,national_scholarship_portal,0.0,2,2,1,0
57,250000,self_employed,other,sc,0,0,0,none,pm_scholarship_scheme,0.0,1,2,1,0
57,250000,self_employed,other,sc,0,0,0,none,ayushman_bharat,0.0,0,2,1,0
57,250000,self_employed,other,sc,0,0,0,none,pm_jeevan_jyoti,0.0,1,1,1,0
57,250000,self_employed,other,sc,0,0,0,none,pm_awas_yojana_gramin,0.0,3,1,1,0
57,250000,self_employed,other,sc,0,0,0,none,deen_dayal_disability,0.0,1,1,1,0
57,250000,self_employed,other,sc,0,0,0,none,post_matric_sc,0.0,2,1,1,0
57,250000,self_employed,other,sc,0,0,0,none,eklavya_model_school,0.0,0,3,1,0
57,250000,self_employed,other,sc,0,0,0,none,indira_gandhi_old_age,0.0,0,3,1,0
20,150000,self_employed,other,obc,2.5,0,0,secondary,pm_suraksha_bima,100.0,2,0,0,1
20,150000,self_employed,other,obc,2.5,0,0,secondary,pm_jeevan_jyoti,100.0,2,0,0,1
20,150000,self_employed,other,obc,2.5,0,0,secondary,mgnregs,100.0,3,0,0,1
20,150000,self_employed,other,obc,2.5,0,0,secondary,pm_mudra_yojana,100.0,3,0,0,1
20,150000,self_employed,other,obc,2.5,0,0,secondary,startup_india_seed_fund,100.0,2,0,0,1
20,150000,self_employed,other,obc,2.5,0,0,secondary,pm_kisan,0.0,3,1,1,0
20,150000,self_employed,other,obc,2.5,0,0,secondary,pm_fasal_bima,0.0,2,1,1,0
20,150000,self_employed,other,obc,2.5,0,0,secondary,kisan_credit_card,0.0,2,1,1,0
20,150000,self_employed,other,obc,2.5,0,0,secondary,pm_matru_vandana,0.0,2,1,1,0
20,150000,self_employed,other,obc,2.5,0,0,secondary,mahila_shakti_kendra,0.0,1,1,1,0
20,150000,self_employed,other,obc,2.5,0,0,secondary,national_scholarship_portal,0.0,3,1,1,0
20,150000,self_employed,other,obc,2.5,0,0,secondary,pm_scholarship_scheme,0.0,2,1,1,0
20,150000,self_employed,other,obc,2.5,0,0,secondary,ayushman_bharat,0.0,0,2,1,0
20,150000,self_employed,other,obc,2.5,0,0,secondary,pm_awas_yojana_gramin,0.0,3,1,1,0
20,150000,self_employed,other,obc,2.5,0,0,secondary,deen_dayal_disability,0.0,1,1,1,0
20,150000,self_employed,other,obc,2.5,0,0,secondary,post_matric_sc,0.0,1,2,1,0
20,150000,self_employed,other,obc,2.5,0,0,secondary,eklavya_model_school,0.0,0,3,1,0
20,150000,self_employed,other,obc,2.5,0,0,secondary,indira_gandhi_old_age,0.0,0,3,1,0
58,40000,student,female,obc,8,0,0,secondary,pm_matru_vandana,100.0,3,0,0,1
58,40000,student,female,obc,8,0,0,secondary,mahila_shakti_kendra,100.0,2,0,0,1
58,40000,student,female,obc,8,0,0,secondary,pm_suraksha_bima,100.0,2,0,0,1
58,40000,student,female,obc,8,0,0,secondary,national_scholarship_portal,87.5,3,1,0,1
58,40000,student,female,obc,8,0,0,secondary,pm_scholarship_scheme,83.3,2,1,0,1
58,40000,student,female,obc,8,0,0,secondary,mgnregs,66.7,2,1,0,1
58,40000,student,female,obc,8,0,0,secondary,pm_kisan,0.0,2,2,1,0
58,40000,student,female,obc,8,0,0,secondary,pm_fasal_bima,0.0,2,1,1,0
58,40000,student,female,obc,8,0,0,secondary,kisan_credit_card,0.0,2,1,1,0
58,40000,student,female,obc,8,0,0,secondary,ayushman_bharat,0.0,1,1,1,0
58,40000,student,female,obc,8,0,0,secondary,pm_jeevan_jyoti,0.0,1,1,1,0
58,40000,student,female,obc,8,0,0,secondary,pm_awas_yojana_gramin,0.0,2,2,1,0
58,40000,student,female,obc,8,0,0,secondary,pm_mudra_yojana,0.0,2,1,1,0
58,40000,student,female,obc,8,0,0,secondary,startup_india_seed_fund,0.0,0,2,1,0
58,40000,student,female,obc,8,0,0,secondary,deen_dayal_disability,0.0,1,1,1,0
58,40000,student,female,obc,8,0,0,secondary,post_matric_sc,0.0,2,1,1,0
58,40000,student,female,obc,8,0,0,secondary,eklavya_model_school,0.0,1,2,1,0
58,40000,student,female,obc,8,0,0,secondary,indira_gandhi_old_age,0.0,1,2,1,0
54,800000,farmer,male,obc,0.5,0,0,graduate,pm_fasal_bima,100.0,3,0,0,1
54,800000,farmer,male,obc,0.5,0,0,graduate,kisan_credit_card,100.0,3,0,0,1
54,800000,farmer,male,obc,0.5,0,0,graduate,pm_kisan,75.0,3,1,0,1
54,800000,farmer,male,obc,0.5,0,0,graduate,pm_suraksha_bima,66.7,1,1,0,1
54,800000,farmer,male,obc,0.5,0,0,graduate,mgnregs,66.7,2,1,0,0
54,800000,farmer,male,obc,0.5,0,0,graduate,pm_matru_vandana,0.0,2,1,1,0
54,800000,farmer,male,obc,0.5,0,0,graduate,mahila_shakti_kendra,0.0,0,2,1,0
54,800000,farmer,male,obc,0.5,0,0,graduate,national_scholarship_portal,0.0,1,3,1,0
54,800000,farmer,male,obc,0.5,0,0,graduate,pm_scholarship_scheme,0.0,0,3,1,0
54,800000,farmer,male,obc,0.5,0,0,graduate,ayushman_bharat,0.0,0,2,1,0
54,800000,farmer,male,obc,0.5,0,0,graduate,pm_jeevan_jyoti,0.0,0,2,1,0
54,800000,farmer,male,obc,0.5,0,0,graduate,pm_awas_yojana_gramin,0.0,2,2,1,0
54,800000,farmer,male,obc,0.5,0,0,graduate,pm_mudra_yojana,0.0,2,1,1,0
54,800000,farmer,male,obc,0.5,0,0,graduate,startup_india_seed_fund,0.0,0,2,1,0
54,800000,farmer,male,obc,0.5,0,0,graduate,deen_dayal_disability,0.0,0,2,1,0
54,800000,farmer,male,obc,0.5,0,0,graduate,post_matric_sc,0.0,0,3,1,0
54,800000,farmer,male,obc,0.5,0,0,graduate,eklavya_model_school,0.0,0,3,1,0
54,800000,farmer,male,obc,0.5,0,0,graduate,indira_gandhi_old_age,0.0,0,3,1,0
37,90000,salaried,male,obc,1,0,0,graduate,pm_suraksha_bima,100.0,2,0,0,1
37,90000,salaried,male,obc,1,0,0,graduate,pm_jeevan_jyoti,100.0,2,0,0,1
37,90000,salaried,male,obc,1,0,0,graduate,mgnregs,66.7,2,1,0,1
37,90000,salaried,male,obc,1,0,0,graduate,pm_kisan,0.0,3,1,1,0
37,90000,salaried,male,obc,1,0,0,graduate,pm_fasal_bima,0.0,2,1,1,0
37,90000,salaried,male,obc,1,0,0,graduate,kisan_credit_card,0.0,2,1,1,0
37,90000,salaried,male,obc,1,0,0,graduate,pm_matru_vandana,0.0,2,1,1,0
37,90000,salaried,male,obc,1,0,0,graduate,mahila_shakti_kendra,0.0,1,1,1,0
37,90000,salaried,male,obc,1,0,0,graduate,national_scholarship_portal,0.0,2,2,1,0
37,90000,salaried,male,obc,1,0,0,graduate,pm_scholarship_scheme,0.0,1,2,1,0
37,90000,salaried,male,obc,1,0,0,graduate,ayushman_bharat,0.0,1,1,1,0
37,90000,salaried,male,obc,1,0,0,graduate,pm_awas_yojana_gramin,0.0,3,1,1,0
37,90000,salaried,male,obc,1,0,0,graduate,pm_mudra_yojana,0.0,2,1,1,0
37,90000,salaried,male,obc,1,0,0,graduate,startup_india_seed_fund,0.0,1,1,1,0
37,90000,salaried,male,obc,1,0,0,graduate,deen_dayal_disability,0.0,1,1,1,0
37,90000,salaried,male,obc,1,0,0,graduate,post_matric_sc,0.0,1,2,1,0
37,90000,salaried,male,obc,1,0,0,graduate,eklavya_model_school,0.0,0,3,1,0
37,90000,salaried,male,obc,1,0,0,graduate,indira_gandhi_old_age,0.0,1,2,1,0
40,0,unemployed,male,obc,5,0,0,none,pm_suraksha_bima,100.0,2,0,0,1
40,0,unemployed,male,obc,5,0,0,none,pm_jeevan_jyoti,100.0,2,0,0,1
40,0,unemployed,male,obc,5,0,0,none,mgnregs,100.0,3,0,0,1
40,0,unemployed,male,obc,5,0,0,none,pm_kisan,0.0,3,1,1,0
40,0,unemployed,male,obc,5,0,0,none,pm_fasal_bima,0.0,2,1,1,0
40,0,unemployed,male,obc,5,0,0,none,kisan_credit_card,0.0,2,1,1,0
40,0,unemployed,male,obc,5,0,0,none,pm_matru_vandana,0.0,2,1,1,0
40,0,unemployed,male,obc,5,0,0,none,mahila_shakti_kendra,0.0,1,1,1,0
40,0,unemployed,male,obc,5,0,0,none,national_scholarship_portal,0.0,2,2,1,0
40,0,unemployed,male,obc,5,0,0,none,pm_scholarship_scheme,0.0,1,2,1,0
40,0,unemployed,male,obc,5,0,0,none,ayushman_bharat,0.0,1,1,1,0
40,0,unemployed,male,obc,5,0,0,none,pm_awas_yojana_gramin,0.0,2,2,1,0
40,0,unemployed,male,obc,5,0,0,none,pm_mudra_yojana,0.0,2,1,1,0
40,0,unemployed,male,obc,5,0,0,none,startup_india_seed_fund,0.0,1,1,1,0
40,0,unemployed,male,obc,5,0,0,none,deen_dayal_disability,0.0,1,1,1,0
40,0,unemployed,male,obc,5,0,0,none,post_matric_sc,0.0,1,2,1,0
40,0,unemployed,male,obc,5,0,0,none,eklavya_model_school,0.0,0,3,1,0
40,0,unemployed,male,obc,5,0,0,none,indira_gandhi_old_age,0.0,1,2,1,0
59,800000,unemployed,male,sc,0.5,0,0,graduate,pm_suraksha_bima,66.7,1,1,0,0
59,800000,unemployed,male,sc,0.5,0,0,graduate,mgnregs,66.7,2,1,0,0
59,800000,unemployed,male,sc,0.5,0,0,graduate,pm_kisan,0.0,2,2,1,0
59,800000,unemployed,male,sc,0.5,0,0,graduate,pm_fasal_bima,0.0,2,1,1,0
59,800000,unemployed,male,sc,0.5,0,0,graduate,kisan_credit_card,0.0,2,1,1,0
59,800000,unemployed,male,sc,0.5,0,0,graduate,pm_matru_vandana,0.0,2,1,1,0
59,800000,unemployed,male,sc,0.5,0,0,graduate,mahila_shakti_kendra,0.0,0,2,1,0
59,800000,unemployed,male,sc,0.5,0,0,graduate,national_scholarship_portal,0.0,1,3,1,0
59,800000,unemployed,male,sc,0.5,0,0,graduate,pm_scholarship_scheme,0.0,0,3,1,0
59,800000,unemployed,male,sc,0.5,0,0,graduate,ayushman_bharat,0.0,0,2,1,0
59,800000,unemployed,male,sc,0.5,0,0,graduate,pm_jeevan_jyoti,0.0,0,2,1,0
59,800000,unemployed,male,sc,0.5,0,0,graduate,pm_awas_yojana_gramin,0.0,2,2,1,0
59,800000,unemployed,male,sc,0.5,0,0,graduate,pm_mudra_yojana,0.0,2,1,1,0
59,800000,unemployed,male,sc,0.5,0,0,graduate,startup_india_seed_fund,0.0,0,2,1,0
59,800000,unemployed,male,sc,0.5,0,0,graduate,deen_dayal_disability,0.0,0,2,1,0
59,800000,unemployed,male,sc,0.5,0,0,graduate,post_matric_sc,0.0,1,2,1,0
59,800000,unemployed,male,sc,0.5,0,0,graduate,eklavya_model_school,0.0,0,3,1,0
59,800000,unemployed,male,sc,0.5,0,0,graduate,indira_gandhi_old_age,0.0,0,3,1,0
80,90000,farmer,female,general,5,1,0,none,pm_kisan,100.0,4,0,0,1
80,90000,farmer,female,general,5,1,0,none,pm_fasal_bima,100.0,3,0,0,1
80,90000,farmer,female,general,5,1,0,none,pm_matru_vandana,100.0,3,0,0,1
80,90000,farmer,female,general,5,1,0,none,mahila_shakti_kendra,100.0,2,0,0,1
80,90000,farmer,female,general,5,1,0,none,ayushman_bharat,100.0,2,0,0,1
80,90000,farmer,female,general,5,1,0,none,mgnregs,100.0,3,0,0,1
80,90000,farmer,female,general,5,1,0,none,indira_gandhi_old_age,100.0,3,0,0,1
80,90000,farmer,female,general,5,1,0,none,pm_awas_yojana_gramin,85.7,3,1,0,1
80,90000,farmer,female,general,5,1,0,none,kisan_credit_card,0.0,2,1,1,0
80,90000,farmer,female,general,5,1,0,none,national_scholarship_portal,0.0,1,3,1,0
80,90000,farmer,female,general,5,1,0,none,pm_scholarship_scheme,0.0,1,2,1,0
80,90000,farmer,female,general,5,1,0,none,pm_suraksha_bima,0.0,1,1,1,0
80,90000,farmer,female,general,5,1,0,none,pm_jeevan_jyoti,0.0,1,1,1,0
80,90000,farmer,female,general,5,1,0,none,pm_mudra_yojana,0.0,1,2,1,0
80,90000,farmer,female,general,5,1,0,none,startup_india_seed_fund,0.0,0,2,1,0
80,90000,farmer,female,general,5,1,0,none,deen_dayal_disability,0.0,1,1,1,0
80,90000,farmer,female,general,5,1,0,none,post_matric_sc,0.0,1,2,1,0
80,90000,farmer,female,general,5,1,0,none,eklavya_model_school,0.0,0,3,1,0
33,800000,other,male,general,0,0,0,postgraduate,pm_suraksha_bima,66.7,1,1,0,0
33,800000,other,male,general,0,0,0,postgraduate,pm_jeevan_jyoti,66.7,1,1,0,1
33,800000,other,male,general,0,0,0,postgraduate,mgnregs,66.7,2,1,0,1
33,800000,other,male,general,0,0,0,postgraduate,pm_kisan,0.0,2,2,1,0
33,800000,other,male,general,0,0,0,postgraduate,pm_fasal_bima,0.0,1,2,1,0
33,800000,other,male,general,0,0,0,postgraduate,kisan_credit_card,0.0,1,2,1,0
33,800000,other,male,general,0,0,0,postgraduate,pm_matru_vandana,0.0,2,1,1,0
33,800000,other,male,general,0,0,0,postgraduate,mahila_shakti_kendra,0.0,0,2,1,0
33,800000,other,male,general,0,0,0,postgraduate,national_scholarship_portal,0.0,0,4,1,0
33,800000,other,male,general,0,0,0,postgraduate,pm_scholarship_scheme,0.0,0,3,1,0
33,800000,other,male,general,0,0,0,postgraduate,ayushman_bharat,0.0,0,2,1,0
33,800000,other,male,general,0,0,0,postgraduate,pm_awas_yojana_gramin,0.0,2,2,1,0
33,800000,other,male,general,0,0,0,postgraduate,pm_mudra_yojana,0.0,2,1,1,0
33,800000,other,male,general,0,0,0,postgraduate,startup_india_seed_fund,0.0,1,1,1,0
33,800000,other,male,general,0,0,0,postgraduate,deen_dayal_disability,0.0,0,2,1,0
33,800000,other,male,general,0,0,0,postgraduate,post_matric_sc,0.0,0,3,1,0
33,800000,other,male,general,0,0,0,postgraduate,eklavya_model_school,0.0,0,3,1,0
33,800000,other,male,general,0,0,0,postgraduate,indira_gandhi_old_age,0.0,0,3,1,0
79,150000,unemployed,female,sc,0,1,1,none,pm_matru_vandana,100.0,3,0,0,1
79,150000,unemployed,female,sc,0,1,1,none,mahila_shakti_kendra,100.0,2,0,0,1
79,150000,unemployed,female,sc,0,1,1,none,pm_awas_yojana_gramin,100.0,4,0,0,1
79,150000,unemployed,female,sc,0,1,1,none,mgnregs,100.0,3,0,0,0
79,150000,unemployed,female,sc,0,1,1,none,deen_dayal_disability,100.0,2,0,0,1
79,150000,unemployed,female,sc,0,1,1,none,indira_gandhi_old_age,75.0,2,1,0,1
79,150000,unemployed,female,sc,0,1,1,none,ayushman_bharat,60.0,1,1,0,1
79,150000,unemployed,female,sc,0,1,1,none,pm_kisan,0.0,3,1,1,0
79,150000,unemployed,female,sc,0,1,1,none,pm_fasal_bima,0.0,1,2,1,0
79,150000,unemployed,female,sc,0,1,1,none,kisan_credit_card,0.0,0,3,1,0
79,150000,unemployed,female,sc,0,1,1,none,national_scholarship_portal,0.0,2,2,1,0
79,150000,unemployed,female,sc,0,1,1,none,pm_scholarship_scheme,0.0,1,2,1,0
79,150000,unemployed,female,sc,0,1,1,none,pm_suraksha_bima,0.0,1,1,1,0
79,150000,unemployed,female,sc,0,1,1,none,pm_jeevan_jyoti,0.0,1,1,1,0
79,150000,unemployed,female,sc,0,1,1,none,pm_mudra_yojana,0.0,1,2,1,0
79,150000,unemployed,female,sc,0,1,1,none,startup_india_seed_fund,0.0,0,2,1,0
79,150000,unemployed,female,sc,0,1,1,none,post_matric_sc,0.0,2,1,1,0
79,150000,unemployed,female,sc,0,1,1,none,eklavya_model_school,0.0,0,3,1,0
56,800000,unemployed,male,general,0,0,0,primary,pm_suraksha_bima,66.7,1,1,0,1
56,800000,unemployed,male,general,0,0,0,primary,mgnregs,66.7,2,1,0,0
56,800000,unemployed,male,general,0,0,0,primary,pm_kisan,0.0,2,2,1,0
56,800000,unemployed,male,general,0,0,0,primary,pm_fasal_bima,0.0,1,2,1,0
56,800000,unemployed,male,general,0,0,0,primary,kisan_credit_card,0.0,1,2,1,0
56,800000,unemployed,male,general,0,0,0,primary,pm_matru_vandana,0.0,2,1,1,0
56,800000,unemployed,male,general,0,0,0,primary,mahila_shakti_kendra,0.0,0,2,1,0
56,800000,unemployed,male,general,0,0,0,primary,national_scholarship_portal,0.0,0,4,1,0
56,800000,unemployed,male,general,0,0,0,primary,pm_scholarship_scheme,0.0,0,3,1,0
56,800000,unemployed,male,general,0,0,0,primary,ayushman_bharat,0.0,0,2,1,0
56,800000,unemployed,male,general,0,0,0,primary,pm_jeevan_jyoti,0.0,0,2,1,0
56,800000,unemployed,male,general,0,0,0,primary,pm_awas_yojana_gramin,0.0,2,2,1,0
56,800000,unemployed,male,general,0,0,0,primary,pm_mudra_yojana,0.0,2,1,1,0
56,800000,unemployed,male,general,0,0,0,primary,startup_india_seed_fund,0.0,0,2,1,0
56,800000,unemployed,male,general,0,0,0,primary,deen_dayal_disability,0.0,0,2,1,0
56,800000,unemployed,male,general,0,0,0,primary,post_matric_sc,0.0,0,3,1,0
56,800000,unemployed,male,general,0,0,0,primary,eklavya_model_school,0.0,0,3,1,0
56,800000,unemployed,male,general,0,0,0,primary,indira_gandhi_old_age,0.0,0,3,1,0
27,400000,other,female,obc,1,0,0,graduate,pm_matru_vandana,100.0,3,0,0,1
27,400000,other,female,obc,1,0,0,graduate,pm_suraksha_bima,100.0,2,0,0,1
27,400000,other,female,obc,1,0,0,graduate,pm_jeevan_jyoti,100.0,2,0,0,1
27,400000,other,female,obc,1,0,0,graduate,mgnregs,66.7,2,1,0,1
27,400000,other,female,obc,1,0,0,graduate,mahila_shakti_kendra,60.0,1,1,0,0
27,400000,other,female,obc,1,0,0,graduate,pm_kisan,0.0,2,2,1,0
27,400000,other,female,obc,1,0,0,graduate,pm_fasal_bima,0.0,2,1,1,0
27,400000,other,female,obc,1,0,0,graduate,kisan_credit_card,0.0,2,1,1,0
27,400000,other,female,obc,1,0,0,graduate,national_scholarship_portal,0.0,2,2,1,0
27,400000,other,female,obc,1,0,0,graduate,pm_scholarship_scheme,0.0,1,2,1,0
27,400000,other,female,obc,1,0,0,graduate,ayushman_bharat,0.0,0,2,1,0
27,400000,other,female,obc,1,0,0,graduate,pm_awas_yojana_gramin,0.0,2,2,1,0
27,400000,other,female,obc,1,0,0,graduate,pm_mudra_yojana,0.0,2,1,1,0
27,400000,other,female,obc,1,0,0,graduate,startup_india_seed_fund,0.0,1,1,1,0
27,400000,other,female,obc,1,0,0,graduate,deen_dayal_disability,0.0,0,2,1,0
27,400000,other,female,obc,1,0,0,graduate,post_matric_sc,0.0,0,3,1,0
27,400000,other,female,obc,1,0,0,graduate,eklavya_model_school,0.0,0,3,1,0
27,400000,other,female,obc,1,0,0,graduate,indira_gandhi_old_age,0.0,0,3,1,0
72,90000,daily_wage,female,sc,0,0,0,primary,pm_matru_vandana,100.0,3,0,0,1
72,90000,daily_wage,female,sc,0,0,0,primary,mahila_shakti_kendra,100.0,2,0,0,1
72,90000,daily_wage,female,sc,0,0,0,primary,mgnregs,100.0,3,0,0,1
72,90000,daily_wage,female,sc,0,0,0,primary,pm_kisan,0.0,3,1,1,0
72,90000,daily_wage,female,sc,0,0,0,primary,pm_fasal_bima,0.0,1,2,1,0
72,90000,daily_wage,female,sc,0,0,0,primary,kisan_credit_card,0.0,1,2,1,0
72,90000,daily_wage,female,sc,0,0,0,primary,national_scholarship_portal,0.0,2,2,1,0
72,90000,daily_wage,female,sc,0,0,0,primary,pm_scholarship_scheme,0.0,1,2,1,0
72,90000,daily_wage,female,sc,0,0,0,primary,ayushman_bharat,0.0,1,1,1,0
72,90000,daily_wage,female,sc,0,0,0,primary,pm_suraksha_bima,0.0,1,1,1,0
72,90000,daily_wage,female,sc,0,0,0,primary,pm_jeevan_jyoti,0.0,1,1,1,0
72,90000,daily_wage,female,sc,0,0,0,primary,pm_awas_yojana_gramin,0.0,3,1,1,0
72,90000,daily_wage,female,sc,0,0,0,primary,pm_mudra_yojana,0.0,1,2,1,0
72,90000,daily_wage,female,sc,0,0,0,primary,startup_india_seed_fund,0.0,0,2,1,0
72,90000,daily_wage,female,sc,0,0,0,primary,deen_dayal_disability,0.0,1,1,1,0
72,90000,daily_wage,female,sc,0,0,0,primary,post_matric_sc,0.0,2,1,1,0
72,90000,daily_wage,female,sc,0,0,0,primary,eklavya_model_school,0.0,0,3,1,0
72,90000,daily_wage,female,sc,0,0,0,primary,indira_gandhi_old_age,0.0,2,1,1,0
44,400000,daily_wage,other,general,5,0,0,graduate,pm_suraksha_bima,100.0,2,0,0,1
44,400000,daily_wage,other,general,5,0,0,graduate,pm_jeevan_jyoti,100.0,2,0,0,1
44,400000,daily_wage,other,general,5,0,0,graduate,mgnregs,66.7,2,1,0,1
44,400000,daily_wage,other,general,5,0,0,graduate,pm_kisan,0.0,2,2,1,0
44,400000,daily_wage,other,general,5,0,0,graduate,pm_fasal_bima,0.0,2,1,1,0
44,400000,daily_wage,other,general,5,0,0,graduate,kisan_credit_card,0.0,2,1,1,0
44,400000,daily_wage,other,general,5,0,0,graduate,pm_matru_vandana,0.0,2,1,1,0
44,400000,daily_wage,other,general,5,0,0,graduate,mahila_shakti_kendra,0.0,0,2,1,0
44,400000,daily_wage,other,general,5,0,0,graduate,national_scholarship_portal,0.0,0,4,1,0
44,400000,daily_wage,other,general,5,0,0,graduate,pm_scholarship_scheme,0.0,1,2,1,0
44,400000,daily_wage,other,general,5,0,0,graduate,ayushman_bharat,0.0,0,2,1,0
44,400000,daily_wage,other,general,5,0,0,graduate,pm_awas_yojana_gramin,0.0,1,3,1,0
44,400000,daily_wage,other,general,5,0,0,graduate,pm_mudra_yojana,0.0,2,1,1,0
44,400000,daily_wage,other,general,5,0,0,graduate,startup_india_seed_fund,0.0,1,1,1,0
44,400000,daily_wage,other,general,5,0,0,graduate,deen_dayal_disability,0.0,0,2,1,0
44,400000,daily_wage,other,general,5,0,0,graduate,post_matric_sc,0.0,0,3,1,0
44,400000,daily_wage,other,general,5,0,0,graduate,eklavya_model_school,0.0,0,3,1,0
44,400000,daily_wage,other,general,5,0,0,graduate,indira_gandhi_old_age,0.0,0,3,1,0
76,1500000,other,male,general,0.5,1,0,none,indira_gandhi_old_age,75.0,2,1,0,1
76,1500000,other,male,general,0.5,1,0,none,pm_awas_yojana_gramin,71.4,3,1,0,1
76,1500000,other,male,general,0.5,1,0,none,mgnregs,66.7,2,1,0,1
76,1500000,other,male,general,0.5,1,0,none,ayushman_bharat,60.0,1,1,0,0
76,1500000,other,male,general,0.5,1,0,none,pm_kisan,0.0,2,2,1,0
76,1500000,other,male,general,0.5,1,0,none,pm_fasal_bima,0.0,2,1,1,0
76,1500000,other,male,general,0.5,1,0,none,kisan_credit_card,0.0,1,2,1,0
76,1500000,other,male,general,0.5,1,0,none,pm_matru_vandana,0.0,1,2,1,0
76,1500000,other,male,general,0.5,1,0,none,mahila_shakti_kendra,0.0,0,2,1,0
76,1500000,other,male,general,0.5,1,0,none,national_scholarship_portal,0.0,0,4,1,0
76,1500000,other,male,general,0.5,1,0,none,pm_scholarship_scheme,0.0,0,3,1,0
76,1500000,other,male,general,0.5,1,0,none,pm_suraksha_bima,0.0,0,2,1,0
76,1500000,other,male,general,0.5,1,0,none,pm_jeevan_jyoti,0.0,0,2,1,0
76,1500000,other,male,general,0.5,1,0,none,pm_mudra_yojana,0.0,0,3,1,0
76,1500000,other,male,general,0.5,1,0,none,startup_india_seed_fund,0.0,0,2,1,0
76,1500000,other,male,general,0.5,1,0,none,deen_dayal_disability,0.0,0,2,1,0
76,1500000,other,male,general,0.5,1,0,none,post_matric_sc,0.0,0,3,1,0
76,1500000,other,male,general,0.5,1,0,none,eklavya_model_school,0.0,0,3,1,0
56,40000,salaried,other,general,1,0,0,none,pm_suraksha_bima,100.0,2,0,0,1
56,40000,salaried,other,general,1,0,0,none,mgnregs,66.7,2,1,0,0
56,40000,salaried,other,general,1,0,0,none,pm_kisan,0.0,3,1,1,0
56,40000,salaried,other,general,1,0,0,none,pm_fasal_bima,0.0,2,1,1,0
56,40000,salaried,other,general,1,0,0,none,kisan_credit_card,0.0,2,1,1,0
56,40000,salaried,other,general,1,0,0,none,pm_matru_vandana,0.0,2,1,1,0
56,40000,salaried,other,general,1,0,0,none,mahila_shakti_kendra,0.0,1,1,1,0
56,40000,salaried,other,general,1,0,0,none,national_scholarship_portal,0.0,1,3,1,0
56,40000,salaried,other,general,1,0,0,none,pm_scholarship_scheme,0.0,1,2,1,0
56,40000,salaried,other,general,1,0,0,none,ayushman_bharat,0.0,1,1,1,0
56,40000,salaried,other,general,1,0,0,none,pm_jeevan_jyoti,0.0,1,1,1,0
56,40000,salaried,other,general,1,0,0,none,pm_awas_yojana_gramin,0.0,3,1,1,0
56,40000,salaried,other,general,1,0,0,none,pm_mudra_yojana,0.0,2,1,1,0
56,40000,salaried,other,general,1,0,0,none,startup_india_seed_fund,0.0,0,2,1,0
56,40000,salaried,other,general,1,0,0,none,deen_dayal_disability,0.0,1,1,1,0
56,40000,salaried,other,general,1,0,0,none,post_matric_sc,0.0,1,2,1,0
56,40000,salaried,other,general,1,0,0,none,eklavya_model_school,0.0,0,3,1,0
56,40000,salaried,other,general,1,0,0,none,indira_gandhi_old_age,0.0,1,2,1,0
42,1500000,self_employed,female,general,8,0,0,postgraduate,startup_india_seed_fund,100.0,2,0,0,1
42,1500000,self_employed,female,general,8,0,0,postgraduate,pm_matru_vandana,83.3,2,1,0,1
42,1500000,self_employed,female,general,8,0,0,postgraduate,pm_mudra_yojana,80.0,2,1,0,1
42,1500000,self_employed,female,general,8,0,0,postgraduate,pm_suraksha_bima,66.7,1,1,0,0
42,1500000,self_employed,female,general,8,0,0,postgraduate,pm_jeevan_jyoti,66.7,1,1,0,1
42,1500000,self_employed,female,general,8,0,0,postgraduate,mgnregs,66.7,2,1,0,1
42,1500000,self_employed,female,general,8,0,0,postgraduate,mahila_shakti_kendra,60.0,1,1,0,1
42,1500000,self_employed,female,general,8,0,0,postgraduate,pm_kisan,0.0,1,3,1,0
42,1500000,self_employed,female,general,8,0,0,postgraduate,pm_fasal_bima,0.0,2,1,1,0
42,1500000,self_employed,female,general,8,0,0,postgraduate,kisan_credit_card,0.0,2,1,1,0
42,1500000,self_employed,female,general,8,0,0,postgraduate,national_scholarship_portal,0.0,0,4,1,0
42,1500000,self_employed,female,general,8,0,0,postgraduate,pm_scholarship_scheme,0.0,0,3,1,0
42,1500000,self_employed,female,general,8,0,0,postgraduate,ayushman_bharat,0.0,0,2,1,0
42,1500000,self_employed,female,general,8,0,0,postgraduate,pm_awas_yojana_gramin,0.0,1,3,1,0
42,1500000,self_employed,female,general,8,0,0,postgraduate,deen_dayal_disability,0.0,0,2,1,0
42,1500000,self_employed,female,general,8,0,0,postgraduate,post_matric_sc,0.0,0,3,1,0
42,1500000,self_employed,female,general,8,0,0,postgraduate,eklavya_model_school,0.0,0,3,1,0
42,1500000,self_employed,female,general,8,0,0,postgraduate,indira_gandhi_old_age,0.0,0,3,1,0
68,40000,self_employed,other,obc,0,0,0,graduate,pm_suraksha_bima,100.0,2,0,0,1
68,40000,self_employed,other,obc,0,0,0,graduate,mgnregs,100.0,3,0,0,0
68,40000,self_employed,other,obc,0,0,0,graduate,startup_india_seed_fund,75.0,1,1,0,1
68,40000,self_employed,other,obc,0,0,0,graduate,pm_kisan,0.0,3,1,1,0
68,40000,self_employed,other,obc,0,0,0,graduate,pm_fasal_bima,0.0,1,2,1,0
68,40000,self_employed,other,obc,0,0,0,graduate,kisan_credit_card,0.0,1,2,1,0
68,40000,self_employed,other,obc,0,0,0,graduate,pm_matru_vandana,0.0,2,1,1,0
68,40000,self_employed,other,obc,0,0,0,graduate,mahila_shakti_kendra,0.0,1,1,1,0
68,40000,self_employed,other,obc,0,0,0,graduate,national_scholarship_portal,0.0,2,2,1,0
68,40000,self_employed,other,obc,0,0,0,graduate,pm_scholarship_scheme,0.0,1,2,1,0
68,40000,self_employed,other,obc,0,0,0,graduate,ayushman_bharat,0.0,1,1,1,0
68,40000,self_employed,other,obc,0,0,0,graduate,pm_jeevan_jyoti,0.0,1,1,1,0
68,40000,self_employed,other,obc,0,0,0,graduate,pm_awas_yojana_gramin,0.0,3,1,1,0
68,40000,self_employed,other,obc,0,0,0,graduate,pm_mudra_yojana,0.0,2,1,1,0
68,40000,self_employed,other,obc,0,0,0,graduate,deen_dayal_disability,0.0,1,1,1,0
68,40000,self_employed,other,obc,0,0,0,graduate,post_matric_sc,0.0,1,2,1,0
68,40000,self_employed,other,obc,0,0,0,graduate,eklavya_model_school,0.0,0,3,1,0
68,40000,self_employed,other,obc,0,0,0,graduate,indira_gandhi_old_age,0.0,2,1,1,0
73,1500000,unemployed,other,obc,0,0,1,graduate,mgnregs,66.7,2,1,0,1
73,1500000,unemployed,other,obc,0,0,1,graduate,deen_dayal_disability,60.0,1,1,0,1
73,1500000,unemployed,other,obc,0,0,1,graduate,pm_kisan,0.0,2,2,1,0
73,1500000,unemployed,other,obc,0,0,1,graduate,pm_fasal_bima,0.0,1,2,1,0
73,1500000,unemployed,other,obc,0,0,1,graduate,kisan_credit_card,0.0,1,2,1,0
73,1500000,unemployed,other,obc,0,0,1,graduate,pm_matru_vandana,0.0,1,2,1,0
73,1500000,unemployed,other,obc,0,0,1,graduate,mahila_shakti_kendra,0.0,0,2,1,0
73,1500000,unemployed,other,obc,0,0,1,graduate,national_scholarship_portal,0.0,1,3,1,0
73,1500000,unemployed,other,obc,0,0,1,graduate,pm_scholarship_scheme,0.0,0,3,1,0
73,1500000,unemployed,other,obc,0,0,1,graduate,ayushman_bharat,0.0,0,2,1,0
73,1500000,unemployed,other,obc,0,0,1,graduate,pm_suraksha_bima,0.0,0,2,1,0
73,1500000,unemployed,other,obc,0,0,1,graduate,pm_jeevan_jyoti,0.0,0,2,1,0
73,1500000,unemployed,other,obc,0,0,1,graduate,pm_awas_yojana_gramin,0.0,2,2,1,0
73,1500000,unemployed,other,obc,0,0,1,graduate,pm_mudra_yojana,0.0,0,3,1,0
73,1500000,unemployed,other,obc,0,0,1,graduate,startup_india_seed_fund,0.0,0,2,1,0
73,1500000,unemployed,other,obc,0,0,1,graduate,post_matric_sc,0.0,0,3,1,0
73,1500000,unemployed,other,obc,0,0,1,graduate,eklavya_model_school,0.0,0,3,1,0
73,1500000,unemployed,other,obc,0,0,1,graduate,indira_gandhi_old_age,0.0,1,2,1,0
38,90000,farmer,female,sc,1,0,0,primary,pm_kisan,100.0,4,0,0,1
38,90000,farmer,female,sc,1,0,0,primary,pm_fasal_bima,100.0,3,0,0,1
38,90000,farmer,female,sc,1,0,0,primary,kisan_credit_card,100.0,3,0,0,1
38,90000,farmer,female,sc,1,0,0,primary,pm_matru_vandana,100.0,3,0,0,1
38,90000,farmer,female,sc,1,0,0,primary,mahila_shakti_kendra,100.0,2,0,0,1
38,90000,farmer,female,sc,1,0,0,primary,pm_suraksha_bima,100.0,2,0,0,1
38,90000,farmer,female,sc,1,0,0,primary,pm_jeevan_jyoti,100.0,2,0,0,1
38,90000,farmer,female,sc,1,0,0,primary,mgnregs,100.0,3,0,0,1
38,90000,farmer,female,sc,1,0,0,primary,national_scholarship_portal,0.0,2,2,1,0
38,90000,farmer,female,sc,1,0,0,primary,pm_scholarship_scheme,0.0,1,2,1,0
38,90000,farmer,female,sc,1,0,0,primary,ayushman_bharat,0.0,1,1,1,0
38,90000,farmer,female,sc,1,0,0,primary,pm_awas_yojana_gramin,0.0,3,1,1,0
38,90000,farmer,female,sc,1,0,0,primary,pm_mudra_yojana,0.0,2,1,1,0
38,90000,farmer,female,sc,1,0,0,primary,startup_india_seed_fund,0.0,1,1,1,0
38,90000,farmer,female,sc,1,0,0,primary,deen_dayal_disability,0.0,1,1,1,0
38,90000,farmer,female,sc,1,0,0,primary,post_matric_sc,0.0,2,1,1,0
38,90000,farmer,female,sc,1,0,0,primary,eklavya_model_school,0.0,0,3,1,0
38,90000,farmer,female,sc,1,0,0,primary,indira_gandhi_old_age,0.0,1,2,1,0
60,90000,unemployed,other,obc,2.5,0,0,none,pm_suraksha_bima,100.0,2,0,0,1
60,90000,unemployed,other,obc,2.5,0,0,none,mgnregs,100.0,3,0,0,1
60,90000,unemployed,other,obc,2.5,0,0,none,pm_kisan,0.0,3,1,1,0
60,90000,unemployed,other,obc,2.5,0,0,none,pm_fasal_bima,0.0,2,1,1,0
60,90000,unemployed,other,obc,2.5,0,0,none,kisan_credit_card,0.0,2,1,1,0
60,90000,unemployed,other,obc,2.5,0,0,none,pm_matru_vandana,0.0,2,1,1,0
60,90000,unemployed,other,obc,2.5,0,0,none,mahila_shakti_kendra,0.0,1,1,1,0
60,90000,unemployed,other,obc,2.5,0,0,none,national_scholarship_portal,0.0,2,2,1,0
60,90000,unemployed,other,obc,2.5,0,0,none,pm_scholarship_scheme,0.0,1,2,1,0
60,90000,unemployed,other,obc,2.5,0,0,none,ayushman_bharat,0.0,1,1,1,0
60,90000,unemployed,other,obc,2.5,0,0,none,pm_jeevan_jyoti,0.0,1,1,1,0
60,90000,unemployed,other,obc,2.5,0,0,none,pm_awas_yojana_gramin,0.0,3,1,1,0
60,90000,unemployed,other,obc,2.5,0,0,none,pm_mudra_yojana,0.0,2,1,1,0
60,90000,unemployed,other,obc,2.5,0,0,none,startup_india_seed_fund,0.0,0,2,1,0
60,90000,unemployed,other,obc,2.5,0,0,none,deen_dayal_disability,0.0,1,1,1,0
60,90000,unemployed,other,obc,2.5,0,0,none,post_matric_sc,0.0,1,2,1,0
60,90000,unemployed,other,obc,2.5,0,0,none,eklavya_model_school,0.0,0,3,1,0
60,90000,unemployed,other,obc,2.5,0,0,none,indira_gandhi_old_age,0.0,2,1,1,0
52,800000,other,male,general,1,1,0,primary,pm_awas_yojana_gramin,71.4,3,1,0,1
52,800000,other,male,general,1,1,0,primary,pm_suraksha_bima,66.7,1,1,0,1
52,800000,other,male,general,1,1,0,primary,mgnregs,66.7,2,1,0,1
52,800000,other,male,general,1,1,0,primary,ayushman_bharat,60.0,1,1,0,0
52,800000,other,male,general,1,1,0,primary,pm_kisan,0.0,2,2,1,0
52,800000,other,male,general,1,1,0,primary,pm_fasal_bima,0.0,2,1,1,0
52,800000,other,male,general,1,1,0,primary,kisan_credit_card,0.0,2,1,1,0
52,800000,other,male,general,1,1,0,primary,pm_matru_vandana,0.0,2,1,1,0
52,800000,other,male,general,1,1,0,primary,mahila_shakti_kendra,0.0,0,2,1,0
52,800000,other,male,general,1,1,0,primary,national_scholarship_portal,0.0,0,4,1,0
52,800000,other,male,general,1,1,0,primary,pm_scholarship_scheme,0.0,0,3,1,0
52,800000,other,male,general,1,1,0,primary,pm_jeevan_jyoti,0.0,0,2,1,0
52,800000,other,male,general,1,1,0,primary,pm_mudra_yojana,0.0,2,1,1,0
52,800000,other,male,general,1,1,0,primary,startup_india_seed_fund,0.0,0,2,1,0
52,800000,other,male,general,1,1,0,primary,deen_dayal_disability,0.0,0,2,1,0
52,800000,other,male,general,1,1,0,primary,post_matric_sc,0.0,0,3,1,0
52,800000,other,male,general,1,1,0,primary,eklavya_model_school,0.0,0,3,1,0
52,800000,other,male,general,1,1,0,primary,indira_gandhi_old_age,0.0,1,2,1,0
20,400000,other,female,general,8,0,0,primary,pm_matru_vandana,100.0,3,0,0,1
20,400000,other,female,general,8,0,0,primary,pm_suraksha_bima,100.0,2,0,0,1
20,400000,other,female,general,8,0,0,primary,pm_jeevan_jyoti,100.0,2,0,0,1
20,400000,other,female,general,8,0,0,primary,mgnregs,66.7,2,1,0,0
20,400000,other,female,general,8,0,0,primary,mahila_shakti_kendra,60.0,1,1,0,1
20,400000,other,female,general,8,0,0,primary,pm_kisan,0.0,1,3,1,0
20,400000,other,female,general,8,0,0,primary,pm_fasal_bima,0.0,2,1,1,0
20,400000,other,female,general,8,0,0,primary,kisan_credit_card,0.0,2,1,1,0
20,400000,other,female,general,8,0,0,primary,national_scholarship_portal,0.0,1,3,1,0
20,400000,other,female,general,8,0,0,primary,pm_scholarship_scheme,0.0,2,1,1,0
20,400000,other,female,general,8,0,0,primary,ayushman_bharat,0.0,0,2,1,0
20,400000,other,female,general,8,0,0,primary,pm_awas_yojana_gramin,0.0,1,3,1,0
20,400000,other,female,general,8,0,0,primary,pm_mudra_yojana,0.0,2,1,1,0
20,400000,other,female,general,8,0,0,primary,startup_india_seed_fund,0.0,1,1,1,0
20,400000,other,female,general,8,0,0,primary,deen_dayal_disability,0.0,0,2,1,0
20,400000,other,female,general,8,0,0,primary,post_matric_sc,0.0,0,3,1,0
20,400000,other,female,general,8,0,0,primary,eklavya_model_school,0.0,0,3,1,0
20,400000,other,female,general,8,0,0,primary,indira_gandhi_old_age,0.0,0,3,1,0
22,0,unemployed,female,obc,8,0,0,primary,pm_matru_vandana,100.0,3,0,0,1
22,0,unemployed,female,obc,8,0,0,primary,mahila_shakti_kendra,100.0,2,0,0,1
22,0,unemployed,female,obc,8,0,0,primary,pm_suraksha_bima,100.0,2,0,0,1
22,0,unemployed,female,obc,8,0,0,primary,pm_jeevan_jyoti,100.0,2,0,0,1
22,0,unemployed,female,obc,8,0,0,primary,mgnregs,100.0,3,0,0,1
22,0,unemployed,female,obc,8,0,0,primary,pm_kisan,0.0,2,2,1,0
22,0,unemployed,female,obc,8,0,0,primary,pm_fasal_bima,0.0,2,1,1,0
22,0,unemployed,female,obc,8,0,0,primary,kisan_credit_card,0.0,2,1,1,0
22,0,unemployed,female,obc,8,0,0,primary,national_scholarship_portal,0.0,3,1,1,0
22,0,unemployed,female,obc,8,0,0,primary,pm_scholarship_scheme,0.0,2,1,1,0
22,0,unemployed,female,obc,8,0,0,primary,ayushman_bharat,0.0,1,1,1,0
22,0,unemployed,female,obc,8,0,0,primary,pm_awas_yojana_gramin,0.0,2,2,1,0
22,0,unemployed,female,obc,8,0,0,primary,pm_mudra_yojana,0.0,2,1,1,0
22,0,unemployed,female,obc,8,0,0,primary,startup_india_seed_fund,0.0,1,1,1,0
22,0,unemployed,female,obc,8,0,0,primary,deen_dayal_disability,0.0,1,1,1,0
22,0,unemployed,female,obc,8,0,0,primary,post_matric_sc,0.0,1,2,1,0
22,0,unemployed,female,obc,8,0,0,primary,eklavya_model_school,0.0,0,3,1,0
22,0,unemployed,female,obc,8,0,0,primary,indira_gandhi_old_age,0.0,1,2,1,0
31,800000,farmer,female,sc,0.5,1,0,secondary,pm_fasal_bima,100.0,3,0,0,1
31,800000,farmer,female,sc,0.5,1,0,secondary,kisan_credit_card,100.0,3,0,0,1
31,800000,farmer,female,sc,0.5,1,0,secondary,pm_matru_vandana,100.0,3,0,0,1
31,800000,farmer,female,sc,0.5,1,0,secondary,pm_kisan,75.0,3,1,0,1
31,800000,farmer,female,sc,0.5,1,0,secondary,pm_awas_yojana_gramin,71.4,3,1,0,1
31,800000,farmer,female,sc,0.5,1,0,secondary,pm_suraksha_bima,66.7,1,1,0,1
31,800000,farmer,female,sc,0.5,1,0,secondary,pm_jeevan_jyoti,66.7,1,1,0,1
31,800000,farmer,female,sc,0.5,1,0,secondary,mgnregs,66.7,2,1,0,1
31,800000,farmer,female,sc,0.5,1,0,secondary,mahila_shakti_kendra,60.0,1,1,0,0
31,800000,farmer,female,sc,0.5,1,0,secondary,ayushman_bharat,60.0,1,1,0,1
31,800000,farmer,female,sc,0.5,1,0,secondary,national_scholarship_portal,0.0,1,3,1,0
31,800000,farmer,female,sc,0.5,1,0,secondary,pm_scholarship_scheme,0.0,0,3,1,0
31,800000,farmer,female,sc,0.5,1,0,secondary,pm_mudra_yojana,0.0,2,1,1,0
31,800000,farmer,female,sc,0.5,1,0,secondary,startup_india_seed_fund,0.0,1,1,1,0
31,800000,farmer,female,sc,0.5,1,0,secondary,deen_dayal_disability,0.0,0,2,1,0
31,800000,farmer,female,sc,0.5,1,0,secondary,post_matric_sc,0.0,1,2,1,0
31,800000,farmer,female,sc,0.5,1,0,secondary,eklavya_model_school,0.0,0,3,1,0
31,800000,farmer,female,sc,0.5,1,0,secondary,indira_gandhi_old_age,0.0,1,2,1,0
27,400000,student,male,sc,0.5,1,0,postgraduate,pm_suraksha_bima,100.0,2,0,0,1
27,400000,student,male,sc,0.5,1,0,postgraduate,pm_jeevan_jyoti,100.0,2,0,0,1
27,400000,student,male,sc,0.5,1,0,postgraduate,pm_scholarship_scheme,83.3,2,1,0,1
27,400000,student,male,sc,0.5,1,0,postgraduate,national_scholarship_portal,75.0,3,1,0,1
27,400000,student,male,sc,0.5,1,0,postgraduate,pm_awas_yojana_gramin,71.4,3,1,0,0
27,400000,student,male,sc,0.5,1,0,postgraduate,post_matric_sc,71.4,2,1,0,1
27,400000,student,male,sc,0.5,1,0,postgraduate,ayushman_bharat,60.0,1,1,0,0
27,400000,student,male,sc,0.5,1,0,postgraduate,mgnregs,33.3,1,2,0,0
27,400000,student,male,sc,0.5,1,0,postgraduate,pm_kisan,0.0,2,2,1,0
27,400000,student,male,sc,0.5,1,0,postgraduate,pm_fasal_bima,0.0,2,1,1,0
27,400000,student,male,sc,0.5,1,0,postgraduate,kisan_credit_card,0.0,2,1,1,0
27,400000,student,male,sc,0.5,1,0,postgraduate,pm_matru_vandana,0.0,2,1,1,0
27,400000,student,male,sc,0.5,1,0,postgraduate,mahila_shakti_kendra,0.0,0,2,1,0
27,400000,student,male,sc,0.5,1,0,postgraduate,pm_mudra_yojana,0.0,2,1,1,0
27,400000,student,male,sc,0.5,1,0,postgraduate,startup_india_seed_fund,0.0,1,1,1,0
27,400000,student,male,sc,0.5,1,0,postgraduate,deen_dayal_disability,0.0,0,2,1,0
27,400000,student,male,sc,0.5,1,0,postgraduate,eklavya_model_school,0.0,1,2,1,0
27,400000,student,male,sc,0.5,1,0,postgraduate,indira_gandhi_old_age,0.0,1,2,1,0
52,0,daily_wage,female,st,0,1,0,secondary,pm_matru_vandana,100.0,3,0,0,1
52,0,daily_wage,female,st,0,1,0,secondary,mahila_shakti_kendra,100.0,2,0,0,1
52,0,daily_wage,female,st,0,1,0,secondary,ayushman_bharat,100.0,2,0,0,1
52,0,daily_wage,female,st,0,1,0,secondary,pm_suraksha_bima,100.0,2,0,0,1
52,0,daily_wage,female,st,0,1,0,secondary,pm_awas_yojana_gramin,100.0,4,0,0,1
52,0,daily_wage,female,st,0,1,0,secondary,mgnregs,100.0,3,0,0,1
52,0,daily_wage,female,st,0,1,0,secondary,pm_kisan,0.0,3,1,1,0
52,0,daily_wage,female,st,0,1,0,secondary,pm_fasal_bima,0.0,1,2,1,0
52,0,daily_wage,female,st,0,1,0,secondary,kisan_credit_card,0.0,1,2,1,0
52,0,daily_wage,female,st,0,1,0,secondary,national_scholarship_portal,0.0,2,2,1,0
52,0,daily_wage,female,st,0,1,0,secondary,pm_scholarship_scheme,0.0,1,2,1,0
52,0,daily_wage,female,st,0,1,0,secondary,pm_jeevan_jyoti,0.0,1,1,1,0
52,0,daily_wage,female,st,0,1,0,secondary,pm_mudra_yojana,0.0,2,1,1,0
52,0,daily_wage,female,st,0,1,0,secondary,startup_india_seed_fund,0.0,0,2,1,0
52,0,daily_wage,female,st,0,1,0,secondary,deen_dayal_disability,0.0,1,1,1,0
52,0,daily_wage,female,st,0,1,0,secondary,post_matric_sc,0.0,1,2,1,0
52,0,daily_wage,female,st,0,1,0,secondary,eklavya_model_school,0.0,1,2,1,0
52,0,daily_wage,female,st,0,1,0,secondary,indira_gandhi_old_age,0.0,2,1,1,0
71,40000,unemployed,other,obc,1,0,1,none,mgnregs,100.0,3,0,0,1
71,40000,unemployed,other,obc,1,0,1,none,deen_dayal_disability,100.0,2,0,0,0
71,40000,unemployed,other,obc,1,0,1,none,pm_kisan,0.0,3,1,1,0
71,40000,unemployed,other,obc,1,0,1,none,pm_fasal_bima,0.0,2,1,1,0
71,40000,unemployed,other,obc,1,0,1,none,kisan_credit_card,0.0,2,1,1,0
71,40000,unemployed,other,obc,1,0,1,none,pm_matru_vandana,0.0,2,1,1,0
71,40000,unemployed,other,obc,1,0,1,none,mahila_shakti_kendra,0.0,1,1,1,0
71,40000,unemployed,other,obc,1,0,1,none,national_scholarship_portal,0.0,2,2,1,0
71,40000,unemployed,other,obc,1,0,1,none,pm_scholarship_scheme,0.0,1,2,1,0
71,40000,unemployed,other,obc,1,0,1,none,ayushman_bharat,0.0,1,1,1,0
71,40000,unemployed,other,obc,1,0,1,none,pm_suraksha_bima,0.0,1,1,1,0
71,40000,unemployed,other,obc,1,0,1,none,pm_jeevan_jyoti,0.0,1,1,1,0
71,40000,unemployed,other,obc,1,0,1,none,pm_awas_yojana_gramin,0.0,3,1,1,0
71,40000,unemployed,other,obc,1,0,1,none,pm_mudra_yojana,0.0,1,2,1,0
71,40000,unemployed,other,obc,1,0,1,none,startup_india_seed_fund,0.0,0,2,1,0
71,40000,unemployed,other,obc,1,0,1,none,post_matric_sc,0.0,1,2,1,0
71,40000,unemployed,other,obc,1,0,1,none,eklavya_model_school,0.0,0,3,1,0
71,40000,unemployed,other,obc,1,0,1,none,indira_gandhi_old_age,0.0,2,1,1,0
49,800000,salaried,female,st,0.5,1,0,postgraduate,pm_matru_vandana,100.0,3,0,0,1
49,800000,salaried,female,st,0.5,1,0,postgraduate,pm_awas_yojana_gramin,71.4,3,1,0,1
49,800000,salaried,female,st,0.5,1,0,postgraduate,pm_suraksha_bima,66.7,1,1,0,1
49,800000,salaried,female,st,0.5,1,0,postgraduate,pm_jeevan_jyoti,66.7,1,1,0,1
49,800000,salaried,female,st,0.5,1,0,postgraduate,mahila_shakti_kendra,60.0,1,1,0,1
49,800000,salaried,female,st,0.5,1,0,postgraduate,ayushman_bharat,60.0,1,1,0,0
49,800000,salaried,female,st,0.5,1,0,postgraduate,mgnregs,33.3,1,2,0,0
49,800000,salaried,female,st,0.5,1,0,postgraduate,pm_kisan,0.0,2,2,1,0
49,800000,salaried,female,st,0.5,1,0,postgraduate,pm_fasal_bima,0.0,2,1,1,0
49,800000,salaried,female,st,0.5,1,0,postgraduate,kisan_credit_card,0.0,2,1,1,0
49,800000,salaried,female,st,0.5,1,0,postgraduate,national_scholarship_portal,0.0,1,3,1,0
49,800000,salaried,female,st,0.5,1,0,postgraduate,pm_scholarship_scheme,0.0,0,3,1,0
49,800000,salaried,female,st,0.5,1,0,postgraduate,pm_mudra_yojana,0.0,2,1,1,0
49,800000,salaried,female,st,0.5,1,0,postgraduate,startup_india_seed_fund,0.0,1,1,1,0
49,800000,salaried,female,st,0.5,1,0,postgraduate,deen_dayal_disability,0.0,0,2,1,0
49,800000,salaried,female,st,0.5,1,0,postgraduate,post_matric_sc,0.0,0,3,1,0
49,800000,salaried,female,st,0.5,1,0,postgraduate,eklavya_model_school,0.0,1,2,1,0
49,800000,salaried,female,st,0.5,1,0,postgraduate,indira_gandhi_old_age,0.0,1,2,1,0
19,1500000,student,other,obc,5,0,0,postgraduate,national_scholarship_portal,75.0,3,1,0,1
19,1500000,student,other,obc,5,0,0,postgraduate,pm_scholarship_scheme,66.7,2,1,0,0
19,1500000,student,other,obc,5,0,0,postgraduate,pm_suraksha_bima,66.7,1,1,0,1
19,1500000,student,other,obc,5,0,0,postgraduate,pm_jeevan_jyoti,66.7,1,1,0,0
19,1500000,student,other,obc,5,0,0,postgraduate,mgnregs,33.3,1,2,0,0
19,1500000,student,other,obc,5,0,0,postgraduate,pm_kisan,0.0,2,2,1,0
19,1500000,student,other,obc,5,0,0,postgraduate,pm_fasal_bima,0.0,2,1,1,0
19,1500000,student,other,obc,5,0,0,postgraduate,kisan_credit_card,0.0,2,1,1,0
19,1500000,student,other,obc,5,0,0,postgraduate,pm_matru_vandana,0.0,1,2,1,0
19,1500000,student,other,obc,5,0,0,postgraduate,mahila_shakti_kendra,0.0,0,2,1,0
19,1500000,student,other,obc,5,0,0,postgraduate,ayushman_bharat,0.0,0,2,1,0
19,1500000,student,other,obc,5,0,0,postgraduate,pm_awas_yojana_gramin,0.0,1,3,1,0
19,1500000,student,other,obc,5,0,0,postgraduate,pm_mudra_yojana,0.0,1,2,1,0
19,1500000,student,other,obc,5,0,0,postgraduate,startup_india_seed_fund,0.0,1,1,1,0
19,1500000,student,other,obc,5,0,0,postgraduate,deen_dayal_disability,0.0,0,2,1,0
19,1500000,student,other,obc,5,0,0,postgraduate,post_matric_sc,0.0,1,2,1,0
19,1500000,student,other,obc,5,0,0,postgraduate,eklavya_model_school,0.0,1,2,1,0
19,1500000,student,other,obc,5,0,0,postgraduate,indira_gandhi_old_age,0.0,0,3,1,0
31,0,farmer,other,st,2.5,0,0,secondary,pm_kisan,100.0,4,0,0,1
31,0,farmer,other,st,2.5,0,0,secondary,pm_fasal_bima,100.0,3,0,0,1
31,0,farmer,other,st,2.5,0,0,secondary,kisan_credit_card,100.0,3,0,0,1
31,0,farmer,other,st,2.5,0,0,secondary,pm_suraksha_bima,100.0,2,0,0,1
31,0,farmer,other,st,2.5,0,0,secondary,pm_jeevan_jyoti,100.0,2,0,0,1
31,0,farmer,other,st,2.5,0,0,secondary,mgnregs,100.0,3,0,0,1
31,0,farmer,other,st,2.5,0,0,secondary,pm_matru_vandana,0.0,2,1,1,0
31,0,farmer,other,st,2.5,0,0,secondary,mahila_shakti_kendra,0.0,1,1,1,0
31,0,farmer,other,st,2.5,0,0,secondary,national_scholarship_portal,0.0,2,2,1,0
31,0,farmer,other,st,2.5,0,0,secondary,pm_scholarship_scheme,0.0,1,2,1,0
31,0,farmer,other,st,2.5,0,0,secondary,ayushman_bharat,0.0,1,1,1,0
31,0,farmer,other,st,2.5,0,0,secondary,pm_awas_yojana_gramin,0.0,3,1,1,0
31,0,farmer,other,st,2.5,0,0,secondary,pm_mudra_yojana,0.0,2,1,1,0
31,0,farmer,other,st,2.5,0,0,secondary,startup_india_seed_fund,0.0,1,1,1,0
31,0,farmer,other,st,2.5,0,0,secondary,deen_dayal_disability,0.0,1,1,1,0
31,0,farmer,other,st,2.5,0,0,secondary,post_matric_sc,0.0,1,2,1,0
31,0,farmer,other,st,2.5,0,0,secondary,eklavya_model_school,0.0,1,2,1,0
31,0,farmer,other,st,2.5,0,0,secondary,indira_gandhi_old_age,0.0,1,2,1,0
75,40000,self_employed,other,general,0,1,0,secondary,ayushman_bharat,100.0,2,0,0,1
75,40000,self_employed,other,general,0,1,0,secondary,pm_awas_yojana_gramin,100.0,4,0,0,1
75,40000,self_employed,other,general,0,1,0,secondary,mgnregs,100.0,3,0,0,1
75,40000,self_employed,other,general,0,1,0,secondary,indira_gandhi_old_age,100.0,3,0,0,1
75,40000,self_employed,other,general,0,1,0,secondary,startup_india_seed_fund,75.0,1,1,0,1
75,40000,self_employed,other,general,0,1,0,secondary,pm_kisan,0.0,3,1,1,0
75,40000,self_employed,other,general,0,1,0,secondary,pm_fasal_bima,0.0,1,2,1,0
75,40000,self_employed,other,general,0,1,0,secondary,kisan_credit_card,0.0,1,2,1,0
75,40000,self_employed,other,general,0,1,0,secondary,pm_matru_vandana,0.0,2,1,1,0
75,40000,self_employed,other,general,0,1,0,secondary,mahila_shakti_kendra,0.0,1,1,1,0
75,40000,self_employed,other,general,0,1,0,secondary,national_scholarship_portal,0.0,1,3,1,0
75,40000,self_employed,other,general,0,1,0,secondary,pm_scholarship_scheme,0.0,1,2,1,0
75,40000,self_employed,other,general,0,1,0,secondary,pm_suraksha_bima,0.0,1,1,1,0
75,40000,self_employed,other,general,0,1,0,secondary,pm_jeevan_jyoti,0.0,1,1,1,0
75,40000,self_employed,other,general,0,1,0,secondary,pm_mudra_yojana,0.0,2,1,1,0
75,40000,self_employed,other,general,0,1,0,secondary,deen_dayal_disability,0.0,1,1,1,0
75,40000,self_employed,other,general,0,1,0,secondary,post_matric_sc,0.0,1,2,1,0
75,40000,self_employed,other,general,0,1,0,secondary,eklavya_model_school,0.0,0,3,1,0
62,400000,salaried,male,general,0,0,0,graduate,pm_suraksha_bima,100.0,2,0,0,1
62,400000,salaried,male,general,0,0,0,graduate,mgnregs,33.3,1,2,0,0
62,400000,salaried,male,general,0,0,0,graduate,pm_kisan,0.0,2,2,1,0
62,400000,salaried,male,general,0,0,0,graduate,pm_fasal_bima,0.0,1,2,1,0
62,400000,salaried,male,general,0,0,0,graduate,kisan_credit_card,0.0,1,2,1,0
62,400000,salaried,male,general,0,0,0,graduate,pm_matru_vandana,0.0,2,1,1,0
62,400000,salaried,male,general,0,0,0,graduate,mahila_shakti_kendra,0.0,0,2,1,0
62,400000,salaried,male,general,0,0,0,graduate,national_scholarship_portal,0.0,0,4,1,0
62,400000,salaried,male,general,0,0,0,graduate,pm_scholarship_scheme,0.0,1,2,1,0
62,400000,salaried,male,general,0,0,0,graduate,ayushman_bharat,0.0,0,2,1,0
62,400000,salaried,male,general,0,0,0,graduate,pm_jeevan_jyoti,0.0,1,1,1,0
62,400000,salaried,male,general,0,0,0,graduate,pm_awas_yojana_gramin,0.0,2,2,1,0
62,400000,salaried,male,general,0,0,0,graduate,pm_mudra_yojana,0.0,2,1,1,0
62,400000,salaried,male,general,0,0,0,graduate,startup_india_seed_fund,0.0,0,2,1,0
62,400000,salaried,male,general,0,0,0,graduate,deen_dayal_disability,0.0,0,2,1,0
62,400000,salaried,male,general,0,0,0,graduate,post_matric_sc,0.0,0,3,1,0
62,400000,salaried,male,general,0,0,0,graduate,eklavya_model_school,0.0,0,3,1,0
62,400000,salaried,male,general,0,0,0,graduate,indira_gandhi_old_age,0.0,1,2,1,0
75,1500000,self_employed,female,st,0,1,0,secondary,pm_matru_vandana,83.3,2,1,0,1
75,1500000,self_employed,female,st,0,1,0,secondary,startup_india_seed_fund,75.0,1,1,0,1
75,1500000,self_employed,female,st,0,1,0,secondary,indira_gandhi_old_age,75.0,2,1,0,0
75,1500000,self_employed,female,st,0,1,0,secondary,pm_awas_yojana_gramin,71.4,3,1,0,1
75,1500000,self_employed,female,st,0,1,0,secondary,mgnregs,66.7,2,1,0,1
75,1500000,self_employed,female,st,0,1,0,secondary,mahila_shakti_kendra,60.0,1,1,0,1
75,1500000,self_employed,female,st,0,1,0,secondary,ayushman_bharat,60.0,1,1,0,1
75,1500000,self_employed,female,st,0,1,0,secondary,pm_kisan,0.0,2,2,1,0
75,1500000,self_employed,female,st,0,1,0,secondary,pm_fasal_bima,0.0,1,2,1,0
75,1500000,self_employed,female,st,0,1,0,secondary,kisan_credit_card,0.0,1,2,1,0
75,1500000,self_employed,female,st,0,1,0,secondary,national_scholarship_portal,0.0,1,3,1,0
75,1500000,self_employed,female,st,0,1,0,secondary,pm_scholarship_scheme,0.0,0,3,1,0
75,1500000,self_employed,female,st,0,1,0,secondary,pm_suraksha_bima,0.0,0,2,1,0
75,1500000,self_employed,female,st,0,1,0,secondary,pm_jeevan_jyoti,0.0,0,2,1,0
75,1500000,self_employed,female,st,0,1,0,secondary,pm_mudra_yojana,0.0,1,2,1,0
75,1500000,self_employed,female,st,0,1,0,secondary,deen_dayal_disability,0.0,0,2,1,0
75,1500000,self_employed,female,st,0,1,0,secondary,post_matric_sc,0.0,0,3,1,0
75,1500000,self_employed,female,st,0,1,0,secondary,eklavya_model_school,0.0,1,2,1,0
76,90000,self_employed,female,obc,5,0,0,postgraduate,pm_matru_vandana,100.0,3,0,0,1
76,90000,self_employed,female,obc,5,0,0,postgraduate,mahila_shakti_kendra,100.0,2,0,0,1
76,90000,self_employed,female,obc,5,0,0,postgraduate,mgnregs,100.0,3,0,0,1
76,90000,self_employed,female,obc,5,0,0,postgraduate,startup_india_seed_fund,75.0,1,1,0,1
76,90000,self_employed,female,obc,5,0,0,postgraduate,pm_kisan,0.0,3,1,1,0
76,90000,self_employed,female,obc,5,0,0,postgraduate,pm_fasal_bima,0.0,2,1,1,0
76,90000,self_employed,female,obc,5,0,0,postgraduate,kisan_credit_card,0.0,1,2,1,0
76,90000,self_employed,female,obc,5,0,0,postgraduate,national_scholarship_portal,0.0,2,2,1,0
76,90000,self_employed,female,obc,5,0,0,postgraduate,pm_scholarship_scheme,0.0,1,2,1,0
76,90000,self_employed,female,obc,5,0,0,postgraduate,ayushman_bharat,0.0,1,1,1,0
76,90000,self_employed,female,obc,5,0,0,postgraduate,pm_suraksha_bima,0.0,1,1,1,0
76,90000,self_employed,female,obc,5,0,0,postgraduate,pm_jeevan_jyoti,0.0,1,1,1,0
76,90000,self_employed,female,obc,5,0,0,postgraduate,pm_awas_yojana_gramin,0.0,2,2,1,0
76,90000,self_employed,female,obc,5,0,0,postgraduate,pm_mudra_yojana,0.0,2,1,1,0
76,90000,self_employed,female,obc,5,0,0,postgraduate,deen_dayal_disability,0.0,1,1,1,0
76,90000,self_employed,female,obc,5,0,0,postgraduate,post_matric_sc,0.0,1,2,1,0
76,90000,self_employed,female,obc,5,0,0,postgraduate,eklavya_model_school,0.0,0,3,1,0
76,90000,self_employed,female,obc,5,0,0,postgraduate,indira_gandhi_old_age,0.0,2,1,1,0
73,90000,student,other,obc,5,0,0,primary,national_scholarship_portal,87.5,3,1,0,1
73,90000,student,other,obc,5,0,0,primary,pm_scholarship_scheme,83.3,2,1,0,1
73,90000,student,other,obc,5,0,0,primary,mgnregs,66.7,2,1,0,0
73,90000,student,other,obc,5,0,0,primary,pm_kisan,0.0,3,1,1,0
73,90000,student,other,obc,5,0,0,primary,pm_fasal_bima,0.0,2,1,1,0
73,90000,student,other,obc,5,0,0,primary,kisan_credit_card,0.0,2,1,1,0
73,90000,student,other,obc,5,0,0,primary,pm_matru_vandana,0.0,2,1,1,0
73,90000,student,other,obc,5,0,0,primary,mahila_shakti_kendra,0.0,1,1,1,0
73,90000,student,other,obc,5,0,0,primary,ayushman_bharat,0.0,1,1,1,0
73,90000,student,other,obc,5,0,0,primary,pm_suraksha_bima,0.0,1,1,1,0
73,90000,student,other,obc,5,0,0,primary,pm_jeevan_jyoti,0.0,1,1,1,0
73,90000,student,other,obc,5,0,0,primary,pm_awas_yojana_gramin,0.0,2,2,1,0
73,90000,student,other,obc,5,0,0,primary,pm_mudra_yojana,0.0,1,2,1,0
73,90000,student,other,obc,5,0,0,primary,startup_india_seed_fund,0.0,0,2,1,0
73,90000,student,other,obc,5,0,0,primary,deen_dayal_disability,0.0,1,1,1,0
73,90000,student,other,obc,5,0,0,primary,post_matric_sc,0.0,2,1,1,0
73,90000,student,other,obc,5,0,0,primary,eklavya_model_school,0.0,1,2,1,0
73,90000,student,other,obc,5,0,0,primary,indira_gandhi_old_age,0.0,2,1,1,0
65,1500000,salaried,male,general,0.5,1,0,secondary,indira_gandhi_old_age,75.0,2,1,0,1
65,1500000,salaried,male,general,0.5,1,0,secondary,pm_awas_yojana_gramin,71.4,3,1,0,1
65,1500000,salaried,male,general,0.5,1,0,secondary,pm_suraksha_bima,66.7,1,1,0,0
65,1500000,salaried,male,general,0.5,1,0,secondary,ayushman_bharat,60.0,1,1,0,1
65,1500000,salaried,male,general,0.5,1,0,secondary,mgnregs,33.3,1,2,0,1
65,1500000,salaried,male,general,0.5,1,0,secondary,pm_kisan,0.0,2,2,1,0
65,1500000,salaried,male,general,0.5,1,0,secondary,pm_fasal_bima,0.0,2,1,1,0
65,1500000,salaried,male,general,0.5,1,0,secondary,kisan_credit_card,0.0,2,1,1,0
65,1500000,salaried,male,general,0.5,1,0,secondary,pm_matru_vandana,0.0,1,2,1,0
65,1500000,salaried,male,general,0.5,1,0,secondary,mahila_shakti_kendra,0.0,0,2,1,0
65,1500000,salaried,male,general,0.5,1,0,secondary,national_scholarship_portal,0.0,0,4,1,0
65,1500000,salaried,male,general,0.5,1,0,secondary,pm_scholarship_scheme,0.0,0,3,1,0
65,1500000,salaried,male,general,0.5,1,0,secondary,pm_jeevan_jyoti,0.0,0,2,1,0
65,1500000,salaried,male,general,0.5,1,0,secondary,pm_mudra_yojana,0.0,1,2,1,0
65,1500000,salaried,male,general,0.5,1,0,secondary,startup_india_seed_fund,0.0,0,2,1,0
65,1500000,salaried,male,general,0.5,1,0,secondary,deen_dayal_disability,0.0,0,2,1,0
65,1500000,salaried,male,general,0.5,1,0,secondary,post_matric_sc,0.0,0,3,1,0
65,1500000,salaried,male,general,0.5,1,0,secondary,eklavya_model_school,0.0,0,3,1,0
67,400000,other,female,st,2.5,1,0,graduate,pm_matru_vandana,100.0,3,0,0,1
67,400000,other,female,st,2.5,1,0,graduate,pm_suraksha_bima,100.0,2,0,0,1
67,400000,other,female,st,2.5,1,0,graduate,indira_gandhi_old_age,75.0,2,1,0,1
67,400000,other,female,st,2.5,1,0,graduate,pm_awas_yojana_gramin,71.4,3,1,0,1
67,400000,other,female,st,2.5,1,0,graduate,mgnregs,66.7,2,1,0,1
67,400000,other,female,st,2.5,1,0,graduate,mahila_shakti_kendra,60.0,1,1,0,0
67,400000,other,female,st,2.5,1,0,graduate,ayushman_bharat,60.0,1,1,0,1
67,400000,other,female,st,2.5,1,0,graduate,pm_kisan,0.0,2,2,1,0
67,400000,other,female,st,2.5,1,0,graduate,pm_fasal_bima,0.0,2,1,1,0
67,400000,other,female,st,2.5,1,0,graduate,kisan_credit_card,0.0,2,1,1,0
67,400000,other,female,st,2.5,1,0,graduate,national_scholarship_portal,0.0,1,3,1,0
67,400000,other,female,st,2.5,1,0,graduate,pm_scholarship_scheme,0.0,1,2,1,0
67,400000,other,female,st,2.5,1,0,graduate,pm_jeevan_jyoti,0.0,1,1,1,0
67,400000,other,female,st,2.5,1,0,graduate,pm_mudra_yojana,0.0,1,2,1,0
67,400000,other,female,st,2.5,1,0,graduate,startup_india_seed_fund,0.0,0,2,1,0
67,400000,other,female,st,2.5,1,0,graduate,deen_dayal_disability,0.0,0,2,1,0
67,400000,other,female,st,2.5,1,0,graduate,post_matric_sc,0.0,0,3,1,0
67,400000,other,female,st,2.5,1,0,graduate,eklavya_model_school,0.0,1,2,1,0
68,0,student,male,obc,2.5,1,0,none,ayushman_bharat,100.0,2,0,0,1
68,0,student,male,obc,2.5,1,0,none,pm_suraksha_bima,100.0,2,0,0,0
68,0,student,male,obc,2.5,1,0,none,pm_awas_yojana_gramin,100.0,4,0,0,1
68,0,student,male,obc,2.5,1,0,none,indira_gandhi_old_age,100.0,3,0,0,1
68,0,student,male,obc,2.5,1,0,none,national_scholarship_portal,87.5,3,1,0,1
68,0,student,male,obc,2.5,1,0,none,pm_scholarship_scheme,83.3,2,1,0,1
68,0,student,male,obc,2.5,1,0,none,mgnregs,66.7,2,1,0,0
68,0,student,male,obc,2.5,1,0,none,pm_kisan,0.0,3,1,1,0
68,0,student,male,obc,2.5,1,0,none,pm_fasal_bima,0.0,2,1,1,0
68,0,student,male,obc,2.5,1,0,none,kisan_credit_card,0.0,2,1,1,0
68,0,student,male,obc,2.5,1,0,none,pm_matru_vandana,0.0,2,1,1,0
68,0,student,male,obc,2.5,1,0,none,mahila_shakti_kendra,0.0,1,1,1,0
68,0,student,male,obc,2.5,1,0,none,pm_jeevan_jyoti,0.0,1,1,1,0
68,0,student,male,obc,2.5,1,0,none,pm_mudra_yojana,0.0,1,2,1,0
68,0,student,male,obc,2.5,1,0,none,startup_india_seed_fund,0.0,0,2,1,0
68,0,student,male,obc,2.5,1,0,none,deen_dayal_disability,0.0,1,1,1,0
68,0,student,male,obc,2.5,1,0,none,post_matric_sc,0.0,2,1,1,0
68,0,student,male,obc,2.5,1,0,none,eklavya_model_school,0.0,1,2,1,0
37,150000,other,female,obc,8,0,0,postgraduate,pm_matru_vandana,100.0,3,0,0,1
37,150000,other,female,obc,8,0,0,postgraduate,mahila_shakti_kendra,100.0,2,0,0,1
37,150000,other,female,obc,8,0,0,postgraduate,pm_suraksha_bima,100.0,2,0,0,1
37,150000,other,female,obc,8,0,0,postgraduate,pm_jeevan_jyoti,100.0,2,0,0,1
37,150000,other,female,obc,8,0,0,postgraduate,mgnregs,100.0,3,0,0,1
37,150000,other,female,obc,8,0,0,postgraduate,pm_kisan,0.0,2,2,1,0
37,150000,other,female,obc,8,0,0,postgraduate,pm_fasal_bima,0.0,2,1,1,0
37,150000,other,female,obc,8,0,0,postgraduate,kisan_credit_card,0.0,2,1,1,0
37,150000,other,female,obc,8,0,0,postgraduate,national_scholarship_portal,0.0,2,2,1,0
37,150000,other,female,obc,8,0,0,postgraduate,pm_scholarship_scheme,0.0,1,2,1,0
37,150000,other,female,obc,8,0,0,postgraduate,ayushman_bharat,0.0,0,2,1,0
37,150000,other,female,obc,8,0,0,postgraduate,pm_awas_yojana_gramin,0.0,2,2,1,0
37,150000,other,female,obc,8,0,0,postgraduate,pm_mudra_yojana,0.0,2,1,1,0
37,150000,other,female,obc,8,0,0,postgraduate,startup_india_seed_fund,0.0,1,1,1,0
37,150000,other,female,obc,8,0,0,postgraduate,deen_dayal_disability,0.0,1,1,1,0
37,150000,other,female,obc,8,0,0,postgraduate,post_matric_sc,0.0,1,2,1,0
37,150000,other,female,obc,8,0,0,postgraduate,eklavya_model_school,0.0,0,3,1,0
37,150000,other,female,obc,8,0,0,postgraduate,indira_gandhi_old_age,0.0,0,3,1,0
69,90000,daily_wage,male,obc,2.5,0,0,postgraduate,pm_suraksha_bima,100.0,2,0,0,1
69,90000,daily_wage,male,obc,2.5,0,0,postgraduate,mgnregs,100.0,3,0,0,1
69,90000,daily_wage,male,obc,2.5,0,0,postgraduate,pm_kisan,0.0,3,1,1,0
69,90000,daily_wage,male,obc,2.5,0,0,postgraduate,pm_fasal_bima,0.0,2,1,1,0
69,90000,daily_wage,male,obc,2.5,0,0,postgraduate,kisan_credit_card,0.0,2,1,1,0
69,90000,daily_wage,male,obc,2.5,0,0,postgraduate,pm_matru_vandana,0.0,2,1,1,0
69,90000,daily_wage,male,obc,2.5,0,0,postgraduate,mahila_shakti_kendra,0.0,1,1,1,0
69,90000,daily_wage,male,obc,2.5,0,0,postgraduate,national_scholarship_portal,0.0,2,2,1,0
69,90000,daily_wage,male,obc,2.5,0,0,postgraduate,pm_scholarship_scheme,0.0,1,2,1,0
69,90000,daily_wage,male,obc,2.5,0,0,postgraduate,ayushman_bharat,0.0,1,1,1,0
69,90000,daily_wage,male,obc,2.5,0,0,postgraduate,pm_jeevan_jyoti,0.0,1,1,1,0
69,90000,daily_wage,male,obc,2.5,0,0,postgraduate,pm_awas_yojana_gramin,0.0,3,1,1,0
69,90000,daily_wage,male,obc,2.5,0,0,postgraduate,pm_mudra_yojana,0.0,1,2,1,0
69,90000,daily_wage,male,obc,2.5,0,0,postgraduate,startup_india_seed_fund,0.0,0,2,1,0
69,90000,daily_wage,male,obc,2.5,0,0,postgraduate,deen_dayal_disability,0.0,1,1,1,0
69,90000,daily_wage,male,obc,2.5,0,0,postgraduate,post_matric_sc,0.0,1,2,1,0
69,90000,daily_wage,male,obc,2.5,0,0,postgraduate,eklavya_model_school,0.0,0,3,1,0
69,90000,daily_wage,male,obc,2.5,0,0,postgraduate,indira_gandhi_old_age,0.0,2,1,1,0
16,800000,daily_wage,female,sc,5,0,0,graduate,mahila_shakti_kendra,60.0,1,1,0,0
16,800000,daily_wage,female,sc,5,0,0,graduate,pm_kisan,0.0,1,3,1,0
16,800000,daily_wage,female,sc,5,0,0,graduate,pm_fasal_bima,0.0,1,2,1,0
16,800000,daily_wage,female,sc,5,0,0,graduate,kisan_credit_card,0.0,1,2,1,0
16,800000,daily_wage,female,sc,5,0,0,graduate,pm_matru_vandana,0.0,2,1,1,0
16,800000,daily_wage,female,sc,5,0,0,graduate,national_scholarship_portal,0.0,2,2,1,0
16,800000,daily_wage,female,sc,5,0,0,graduate,pm_scholarship_scheme,0.0,0,3,1,0
16,800000,daily_wage,female,sc,5,0,0,graduate,ayushman_bharat,0.0,0,2,1,0
16,800000,daily_wage,female,sc,5,0,0,graduate,pm_suraksha_bima,0.0,0,2,1,0
16,800000,daily_wage,female,sc,5,0,0,graduate,pm_jeevan_jyoti,0.0,0,2,1,0
16,800000,daily_wage,female,sc,5,0,0,graduate,pm_awas_yojana_gramin,0.0,0,4,1,0
16,800000,daily_wage,female,sc,5,0,0,graduate,mgnregs,0.0,1,2,1,0
16,800000,daily_wage,female,sc,5,0,0,graduate,pm_mudra_yojana,0.0,1,2,1,0
16,800000,daily_wage,female,sc,5,0,0,graduate,startup_india_seed_fund,0.0,0,2,1,0
16,800000,daily_wage,female,sc,5,0,0,graduate,deen_dayal_disability,0.0,0,2,1,0
16,800000,daily_wage,female,sc,5,0,0,graduate,post_matric_sc,0.0,1,2,1,0
16,800000,daily_wage,female,sc,5,0,0,graduate,eklavya_model_school,0.0,1,2,1,0
16,800000,daily_wage,female,sc,5,0,0,graduate,indira_gandhi_old_age,0.0,0,3,1,0
28,800000,student,female,st,8,1,0,postgraduate,pm_matru_vandana,100.0,3,0,0,1
28,800000,student,female,st,8,1,0,postgraduate,eklavya_model_school,83.3,2,1,0,1
28,800000,student,female,st,8,1,0,postgraduate,national_scholarship_portal,75.0,3,1,0,1
28,800000,student,female,st,8,1,0,postgraduate,pm_suraksha_bima,66.7,1,1,0,1
28,800000,student,female,st,8,1,0,postgraduate,pm_jeevan_jyoti,66.7,1,1,0,1
28,800000,student,female,st,8,1,0,postgraduate,mahila_shakti_kendra,60.0,1,1,0,1
28,800000,student,female,st,8,1,0,postgraduate,ayushman_bharat,60.0,1,1,0,1
28,800000,student,female,st,8,1,0,postgraduate,pm_awas_yojana_gramin,57.1,2,2,0,1
28,800000,student,female,st,8,1,0,postgraduate,pm_scholarship_scheme,50.0,1,2,0,0
28,800000,student,female,st,8,1,0,postgraduate,mgnregs,33.3,1,2,0,1
28,800000,student,female,st,8,1,0,postgraduate,pm_kisan,0.0,1,3,1,0
28,800000,student,female,st,8,1,0,postgraduate,pm_fasal_bima,0.0,2,1,1,0
28,800000,student,female,st,8,1,0,postgraduate,kisan_credit_card,0.0,2,1,1,0
28,800000,student,female,st,8,1,0,postgraduate,pm_mudra_yojana,0.0,2,1,1,0
28,800000,student,female,st,8,1,0,postgraduate,startup_india_seed_fund,0.0,1,1,1,0
28,800000,student,female,st,8,1,0,postgraduate,deen_dayal_disability,0.0,0,2,1,0
28,800000,student,female,st,8,1,0,postgraduate,post_matric_sc,0.0,1,2,1,0
28,800000,student,female,st,8,1,0,postgraduate,indira_gandhi_old_age,0.0,1,2,1,0
77,90000,self_employed,other,st,0.5,0,0,graduate,mgnregs,100.0,3,0,0,1
77,90000,self_employed,other,st,0.5,0,0,graduate,startup_india_seed_fund,75.0,1,1,0,1
77,90000,self_employed,other,st,0.5,0,0,graduate,pm_kisan,0.0,3,1,1,0
77,90000,self_employed,other,st,0.5,0,0,graduate,pm_fasal_bima,0.0,2,1,1,0
77,90000,self_employed,other,st,0.5,0,0,graduate,kisan_credit_card,0.0,1,2,1,0
77,90000,self_employed,other,st,0.5,0,0,graduate,pm_matru_vandana,0.0,2,1,1,0
77,90000,self_employed,other,st,0.5,0,0,graduate,mahila_shakti_kendra,0.0,1,1,1,0
77,90000,self_employed,other,st,0.5,0,0,graduate,national_scholarship_portal,0.0,2,2,1,0
77,90000,self_employed,other,st,0.5,0,0,graduate,pm_scholarship_scheme,0.0,1,2,1,0
77,90000,self_employed,other,st,0.5,0,0,graduate,ayushman_bharat,0.0,1,1,1,0
77,90000,self_employed,other,st,0.5,0,0,graduate,pm_suraksha_bima,0.0,1,1,1,0
77,90000,self_employed,other,st,0.5,0,0,graduate,pm_jeevan_jyoti,0.0,1,1,1,0
77,90000,self_employed,other,st,0.5,0,0,graduate,pm_awas_yojana_gramin,0.0,3,1,1,0
77,90000,self_employed,other,st,0.5,0,0,graduate,pm_mudra_yojana,0.0,2,1,1,0
77,90000,self_employed,other,st,0.5,0,0,graduate,deen_dayal_disability,0.0,1,1,1,0
77,90000,self_employed,other,st,0.5,0,0,graduate,post_matric_sc,0.0,1,2,1,0
77,90000,self_employed,other,st,0.5,0,0,graduate,eklavya_model_school,0.0,1,2,1,0
77,90000,self_employed,other,st,0.5,0,0,graduate,indira_gandhi_old_age,0.0,2,1,1,0
36,40000,student,other,st,8,0,0,none,pm_suraksha_bima,100.0,2,0,0,1
36,40000,student,other,st,8,0,0,none,pm_jeevan_jyoti,100.0,2,0,0,1
36,40000,student,other,st,8,0,0,none,national_scholarship_portal,87.5,3,1,0,1
36,40000,student,other,st,8,0,0,none,pm_scholarship_scheme,83.3,2,1,0,1
36,40000,student,other,st,8,0,0,none,eklavya_model_school,83.3,2,1,0,1
36,40000,student,other,st,8,0,0,none,mgnregs,66.7,2,1,0,0
36,40000,student,other,st,8,0,0,none,pm_kisan,0.0,2,2,1,0
36,40000,student,other,st,8,0,0,none,pm_fasal_bima,0.0,2,1,1,0
36,40000,student,other,st,8,0,0,none,kisan_credit_card,0.0,2,1,1,0
36,40000,student,other,st,8,0,0,none,pm_matru_vandana,0.0,2,1,1,0
36,40000,student,other,st,8,0,0,none,mahila_shakti_kendra,0.0,1,1,1,0
36,40000,student,other,st,8,0,0,none,ayushman_bharat,0.0,1,1,1,0
36,40000,student,other,st,8,0,0,none,pm_awas_yojana_gramin,0.0,2,2,1,0
36,40000,student,other,st,8,0,0,none,pm_mudra_yojana,0.0,2,1,1,0
36,40000,student,other,st,8,0,0,none,startup_india_seed_fund,0.0,1,1,1,0
36,40000,student,other,st,8,0,0,none,deen_dayal_disability,0.0,1,1,1,0
36,40000,student,other,st,8,0,0,none,post_matric_sc,0.0,2,1,1,0
36,40000,student,other,st,8,0,0,none,indira_gandhi_old_age,0.0,1,2,1,0
67,250000,unemployed,other,general,5,0,1,postgraduate,pm_suraksha_bima,100.0,2,0,0,1
67,250000,unemployed,other,general,5,0,1,postgraduate,deen_dayal_disability,100.0,2,0,0,1
67,250000,unemployed,other,general,5,0,1,postgraduate,mgnregs,66.7,2,1,0,1
67,250000,unemployed,other,general,5,0,1,postgraduate,pm_kisan,0.0,2,2,1,0
67,250000,unemployed,other,general,5,0,1,postgraduate,pm_fasal_bima,0.0,2,1,1,0
67,250000,unemployed,other,general,5,0,1,postgraduate,kisan_credit_card,0.0,2,1,1,0
67,250000,unemployed,other,general,5,0,1,postgraduate,pm_matru_vandana,0.0,2,1,1,0
67,250000,unemployed,other,general,5,0,1,postgraduate,mahila_shakti_kendra,0.0,1,1,1,0
67,250000,unemployed,other,general,5,0,1,postgraduate,national_scholarship_portal,0.0,1,3,1,0
67,250000,unemployed,other,general,5,0,1,postgraduate,pm_scholarship_scheme,0.0,1,2,1,0
67,250000,unemployed,other,general,5,0,1,postgraduate,ayushman_bharat,0.0,0,2,1,0
67,250000,unemployed,other,general,5,0,1,postgraduate,pm_jeevan_jyoti,0.0,1,1,1,0
67,250000,unemployed,other,general,5,0,1,postgraduate,pm_awas_yojana_gramin,0.0,2,2,1,0
67,250000,unemployed,other,general,5,0,1,postgraduate,pm_mudra_yojana,0.0,1,2,1,0
67,250000,unemployed,other,general,5,0,1,postgraduate,startup_india_seed_fund,0.0,0,2,1,0
67,250000,unemployed,other,general,5,0,1,postgraduate,post_matric_sc,0.0,1,2,1,0
67,250000,unemployed,other,general,5,0,1,postgraduate,eklavya_model_school,0.0,0,3,1,0
67,250000,unemployed,other,general,5,0,1,postgraduate,indira_gandhi_old_age,0.0,1,2,1,0
62,150000,unemployed,male,obc,0.5,0,0,graduate,pm_suraksha_bima,100.0,2,0,0,1
62,150000,unemployed,male,obc,0.5,0,0,graduate,mgnregs,100.0,3,0,0,1
62,150000,unemployed,male,obc,0.5,0,0,graduate,pm_kisan,0.0,3,1,1,0
62,150000,unemployed,male,obc,0.5,0,0,graduate,pm_fasal_bima,0.0,2,1,1,0
62,150000,unemployed,male,obc,0.5,0,0,graduate,kisan_credit_card,0.0,2,1,1,0
62,150000,unemployed,male,obc,0.5,0,0,graduate,pm_matru_vandana,0.0,2,1,1,0
62,150000,unemployed,male,obc,0.5,0,0,graduate,mahila_shakti_kendra,0.0,1,1,1,0
62,150000,unemployed,male,obc,0.5,0,0,graduate,national_scholarship_portal,0.0,2,2,1,0
62,150000,unemployed,male,obc,0.5,0,0,graduate,pm_scholarship_scheme,0.0,1,2,1,0
62,150000,unemployed,male,obc,0.5,0,0,graduate,ayushman_bharat,0.0,0,2,1,0
62,150000,unemployed,male,obc,0.5,0,0,graduate,pm_jeevan_jyoti,0.0,1,1,1,0
62,150000,unemployed,male,obc,0.5,0,0,graduate,pm_awas_yojana_gramin,0.0,3,1,1,0
62,150000,unemployed,male,obc,0.5,0,0,graduate,pm_mudra_yojana,0.0,2,1,1,0
62,150000,unemployed,male,obc,0.5,0,0,graduate,startup_india_seed_fund,0.0,0,2,1,0
62,150000,unemployed,male,obc,0.5,0,0,graduate,deen_dayal_disability,0.0,1,1,1,0
62,150000,unemployed,male,obc,0.5,0,0,graduate,post_matric_sc,0.0,1,2,1,0
62,150000,unemployed,male,obc,0.5,0,0,graduate,eklavya_model_school,0.0,0,3,1,0
62,150000,unemployed,male,obc,0.5,0,0,graduate,indira_gandhi_old_age,0.0,1,2,1,0
27,250000,unemployed,other,sc,8,1,0,primary,pm_suraksha_bima,100.0,2,0,0,1
27,250000,unemployed,other,sc,8,1,0,primary,pm_jeevan_jyoti,100.0,2,0,0,1
27,250000,unemployed,other,sc,8,1,0,primary,pm_awas_yojana_gramin,85.7,3,1,0,1
27,250000,unemployed,other,sc,8,1,0,primary,mgnregs,66.7,2,1,0,0
27,250000,unemployed,other,sc,8,1,0,primary,ayushman_bharat,60.0,1,1,0,0
27,250000,unemployed,other,sc,8,1,0,primary,pm_kisan,0.0,1,3,1,0
27,250000,unemployed,other,sc,8,1,0,primary,pm_fasal_bima,0.0,2,1,1,0
27,250000,unemployed,other,sc,8,1,0,primary,kisan_credit_card,0.0,2,1,1,0
27,250000,unemployed,other,sc,8,1,0,primary,pm_matru_vandana,0.0,2,1,1,0
27,250000,unemployed,other,sc,8,1,0,primary,mahila_shakti_kendra,0.0,1,1,1,0
27,250000,unemployed,other,sc,8,1,0,primary,national_scholarship_portal,0.0,3,1,1,0
27,250000,unemployed,other,sc,8,1,0,primary,pm_scholarship_scheme,0.0,1,2,1,0
27,250000,unemployed,other,sc,8,1,0,primary,pm_mudra_yojana,0.0,2,1,1,0
27,250000,unemployed,other,sc,8,1,0,primary,startup_india_seed_fund,0.0,1,1,1,0
27,250000,unemployed,other,sc,8,1,0,primary,deen_dayal_disability,0.0,1,1,1,0
27,250000,unemployed,other,sc,8,1,0,primary,post_matric_sc,0.0,2,1,1,0
27,250000,unemployed,other,sc,8,1,0,primary,eklavya_model_school,0.0,0,3,1,0
27,250000,unemployed,other,sc,8,1,0,primary,indira_gandhi_old_age,0.0,1,2,1,0
48,1500000,salaried,other,st,8,0,0,graduate,pm_suraksha_bima,66.7,1,1,0,1
48,1500000,salaried,other,st,8,0,0,graduate,pm_jeevan_jyoti,66.7,1,1,0,0
48,1500000,salaried,other,st,8,0,0,graduate,mgnregs,33.3,1,2,0,0
48,1500000,salaried,other,st,8,0,0,graduate,pm_kisan,0.0,1,3,1,0
48,1500000,salaried,other,st,8,0,0,graduate,pm_fasal_bima,0.0,2,1,1,0
48,1500000,salaried,other,st,8,0,0,graduate,kisan_credit_card,0.0,2,1,1,0
48,1500000,salaried,other,st,8,0,0,graduate,pm_matru_vandana,0.0,1,2,1,0
48,1500000,salaried,other,st,8,0,0,graduate,mahila_shakti_kendra,0.0,0,2,1,0
48,1500000,salaried,other,st,8,0,0,graduate,national_scholarship_portal,0.0,1,3,1,0
48,1500000,salaried,other,st,8,0,0,graduate,pm_scholarship_scheme,0.0,0,3,1,0
48,1500000,salaried,other,st,8,0,0,graduate,ayushman_bharat,0.0,0,2,1,0
48,1500000,salaried,other,st,8,0,0,graduate,pm_awas_yojana_gramin,0.0,1,3,1,0
48,1500000,salaried,other,st,8,0,0,graduate,pm_mudra_yojana,0.0,1,2,1,0
48,1500000,salaried,other,st,8,0,0,graduate,startup_india_seed_fund,0.0,1,1,1,0
48,1500000,salaried,other,st,8,0,0,graduate,deen_dayal_disability,0.0,0,2,1,0
48,1500000,salaried,other,st,8,0,0,graduate,post_matric_sc,0.0,0,3,1,0
48,1500000,salaried,other,st,8,0,0,graduate,eklavya_model_school,0.0,1,2,1,0
48,1500000,salaried,other,st,8,0,0,graduate,indira_gandhi_old_age,0.0,0,3,1,0
56,800000,self_employed,other,general,8,1,0,graduate,pm_mudra_yojana,100.0,3,0,0,0
56,800000,self_employed,other,general,8,1,0,graduate,startup_india_seed_fund,75.0,1,1,0,1
56,800000,self_employed,other,general,8,1,0,graduate,pm_suraksha_bima,66.7,1,1,0,1
56,800000,self_employed,other,general,8,1,0,graduate,mgnregs,66.7,2,1,0,1
56,800000,self_employed,other,general,8,1,0,graduate,ayushman_bharat,60.0,1,1,0,1
56,800000,self_employed,other,general,8,1,0,graduate,pm_awas_yojana_gramin,57.1,2,2,0,0
56,800000,self_employed,other,general,8,1,0,graduate,pm_kisan,0.0,1,3,1,0
56,800000,self_employed,other,general,8,1,0,graduate,pm_fasal_bima,0.0,2,1,1,0
56,800000,self_employed,other,general,8,1,0,graduate,kisan_credit_card,0.0,2,1,1,0
56,800000,self_employed,other,general,8,1,0,graduate,pm_matru_vandana,0.0,2,1,1,0
56,800000,self_employed,other,general,8,1,0,graduate,mahila_shakti_kendra,0.0,0,2,1,0
56,800000,self_employed,other,general,8,1,0,graduate,national_scholarship_portal,0.0,0,4,1,0
56,800000,self_employed,other,general,8,1,0,graduate,pm_scholarship_scheme,0.0,0,3,1,0
56,800000,self_employed,other,general,8,1,0,graduate,pm_jeevan_jyoti,0.0,0,2,1,0
56,800000,self_employed,other,general,8,1,0,graduate,deen_dayal_disability,0.0,0,2,1,0
56,800000,self_employed,other,general,8,1,0,graduate,post_matric_sc,0.0,0,3,1,0
56,800000,self_employed,other,general,8,1,0,graduate,eklavya_model_school,0.0,0,3,1,0
56,800000,self_employed,other,general,8,1,0,graduate,indira_gandhi_old_age,0.0,1,2,1,0
49,150000,student,male,obc,0.5,1,0,none,pm_suraksha_bima,100.0,2,0,0,1
49,150000,student,male,obc,0.5,1,0,none,pm_jeevan_jyoti,100.0,2,0,0,1
49,150000,student,male,obc,0.5,1,0,none,pm_awas_yojana_gramin,100.0,4,0,0,1
49,150000,student,male,obc,0.5,1,0,none,national_scholarship_portal,87.5,3,1,0,0
49,150000,student,male,obc,0.5,1,0,none,pm_scholarship_scheme,83.3,2,1,0,1
49,150000,student,male,obc,0.5,1,0,none,mgnregs,66.7,2,1,0,0
49,150000,student,male,obc,0.5,1,0,none,ayushman_bharat,60.0,1,1,0,1
49,150000,student,male,obc,0.5,1,0,none,pm_kisan,0.0,3,1,1,0
49,150000,student,male,obc,0.5,1,0,none,pm_fasal_bima,0.0,2,1,1,0
49,150000,student,male,obc,0.5,1,0,none,kisan_credit_card,0.0,2,1,1,0
49,150000,student,male,obc,0.5,1,0,none,pm_matru_vandana,0.0,2,1,1,0
49,150000,student,male,obc,0.5,1,0,none,mahila_shakti_kendra,0.0,1,1,1,0
49,150000,student,male,obc,0.5,1,0,none,pm_mudra_yojana,0.0,2,1,1,0
49,150000,student,male,obc,0.5,1,0,none,startup_india_seed_fund,0.0,1,1,1,0
49,150000,student,male,obc,0.5,1,0,none,deen_dayal_disability,0.0,1,1,1,0
49,150000,student,male,obc,0.5,1,0,none,post_matric_sc,0.0,2,1,1,0
49,150000,student,male,obc,0.5,1,0,none,eklavya_model_school,0.0,1,2,1,0
49,150000,student,male,obc,0.5,1,0,none,indira_gandhi_old_age,0.0,1,2,1,0
44,90000,farmer,other,st,2.5,1,0,primary,pm_kisan,100.0,4,0,0,1
44,90000,farmer,other,st,2.5,1,0,primary,pm_fasal_bima,100.0,3,0,0,1
44,90000,farmer,other,st,2.5,1,0,primary,kisan_credit_card,100.0,3,0,0,1
44,90000,farmer,other,st,2.5,1,0,primary,ayushman_bharat,100.0,2,0,0,1
44,90000,farmer,other,st,2.5,1,0,primary,pm_suraksha_bima,100.0,2,0,0,1
44,90000,farmer,other,st,2.5,1,0,primary,pm_jeevan_jyoti,100.0,2,0,0,1
44,90000,farmer,other,st,2.5,1,0,primary,pm_awas_yojana_gramin,100.0,4,0,0,1
44,90000,farmer,other,st,2.5,1,0,primary,mgnregs,100.0,3,0,0,1
44,90000,farmer,other,st,2.5,1,0,primary,pm_matru_vandana,0.0,2,1,1,0
44,90000,farmer,other,st,2.5,1,0,primary,mahila_shakti_kendra,0.0,1,1,1,0
44,90000,farmer,other,st,2.5,1,0,primary,national_scholarship_portal,0.0,2,2,1,0
44,90000,farmer,other,st,2.5,1,0,primary,pm_scholarship_scheme,0.0,1,2,1,0
44,90000,farmer,other,st,2.5,1,0,primary,pm_mudra_yojana,0.0,2,1,1,0
44,90000,farmer,other,st,2.5,1,0,primary,startup_india_seed_fund,0.0,1,1,1,0
44,90000,farmer,other,st,2.5,1,0,primary,deen_dayal_disability,0.0,1,1,1,0
44,90000,farmer,other,st,2.5,1,0,primary,post_matric_sc,0.0,1,2,1,0
44,90000,farmer,other,st,2.5,1,0,primary,eklavya_model_school,0.0,1,2,1,0
44,90000,farmer,other,st,2.5,1,0,primary,indira_gandhi_old_age,0.0,2,1,1,0
42,800000,unemployed,female,sc,0.5,0,0,postgraduate,pm_matru_vandana,100.0,3,0,0,1
42,800000,unemployed,female,sc,0.5,0,0,postgraduate,pm_suraksha_bima,66.7,1,1,0,1
42,800000,unemployed,female,sc,0.5,0,0,postgraduate,pm_jeevan_jyoti,66.7,1,1,0,1
42,800000,unemployed,female,sc,0.5,0,0,postgraduate,mgnregs,66.7,2,1,0,1
42,800000,unemployed,female,sc,0.5,0,0,postgraduate,mahila_shakti_kendra,60.0,1,1,0,1
42,800000,unemployed,female,sc,0.5,0,0,postgraduate,pm_kisan,0.0,2,2,1,0
42,800000,unemployed,female,sc,0.5,0,0,postgraduate,pm_fasal_bima,0.0,2,1,1,0
42,800000,unemployed,female,sc,0.5,0,0,postgraduate,kisan_credit_card,0.0,2,1,1,0
42,800000,unemployed,female,sc,0.5,0,0,postgraduate,national_scholarship_portal,0.0,1,3,1,0
42,800000,unemployed,female,sc,0.5,0,0,postgraduate,pm_scholarship_scheme,0.0,0,3,1,0
42,800000,unemployed,female,sc,0.5,0,0,postgraduate,ayushman_bharat,0.0,0,2,1,0
42,800000,unemployed,female,sc,0.5,0,0,postgraduate,pm_awas_yojana_gramin,0.0,2,2,1,0
42,800000,unemployed,female,sc,0.5,0,0,postgraduate,pm_mudra_yojana,0.0,2,1,1,0
42,800000,unemployed,female,sc,0.5,0,0,postgraduate,startup_india_seed_fund,0.0,1,1,1,0
42,800000,unemployed,female,sc,0.5,0,0,postgraduate,deen_dayal_disability,0.0,0,2,1,0
42,800000,unemployed,female,sc,0.5,0,0,postgraduate,post_matric_sc,0.0,1,2,1,0
42,800000,unemployed,female,sc,0.5,0,0,postgraduate,eklavya_model_school,0.0,0,3,1,0
42,800000,unemployed,female,sc,0.5,0,0,postgraduate,indira_gandhi_old_age,0.0,0,3,1,0
69,1500000,student,other,sc,0.5,1,0,none,indira_gandhi_old_age,75.0,2,1,0,1
69,1500000,student,other,sc,0.5,1,0,none,pm_awas_yojana_gramin,71.4,3,1,0,1
69,1500000,student,other,sc,0.5,1,0,none,post_matric_sc,71.4,2,1,0,1
69,1500000,student,other,sc,0.5,1,0,none,pm_suraksha_bima,66.7,1,1,0,1
69,1500000,student,other,sc,0.5,1,0,none,national_scholarship_portal,62.5,2,2,0,1
69,1500000,student,other,sc,0.5,1,0,none,ayushman_bharat,60.0,1,1,0,1
69,1500000,student,other,sc,0.5,1,0,none,pm_scholarship_scheme,50.0,1,2,0,1
69,1500000,student,other,sc,0.5,1,0,none,mgnregs,33.3,1,2,0,0
69,1500000,student,other,sc,0.5,1,0,none,pm_kisan,0.0,2,2,1,0
69,1500000,student,other,sc,0.5,1,0,none,pm_fasal_bima,0.0,2,1,1,0
69,1500000,student,other,sc,0.5,1,0,none,kisan_credit_card,0.0,2,1,1,0
69,1500000,student,other,sc,0.5,1,0,none,pm_matru_vandana,0.0,1,2,1,0
69,1500000,student,other,sc,0.5,1,0,none,mahila_shakti_kendra,0.0,0,2,1,0
69,1500000,student,other,sc,0.5,1,0,none,pm_jeevan_jyoti,0.0,0,2,1,0
69,1500000,student,other,sc,0.5,1,0,none,pm_mudra_yojana,0.0,0,3,1,0
69,1500000,student,other,sc,0.5,1,0,none,startup_india_seed_fund,0.0,0,2,1,0
69,1500000,student,other,sc,0.5,1,0,none,deen_dayal_disability,0.0,0,2,1,0
69,1500000,student,other,sc,0.5,1,0,none,eklavya_model_school,0.0,1,2,1,0
38,250000,self_employed,female,st,1,0,0,secondary,pm_matru_vandana,100.0,3,0,0,1
38,250000,self_employed,female,st,1,0,0,secondary,mahila_shakti_kendra,100.0,2,0,0,1
38,250000,self_employed,female,st,1,0,0,secondary,pm_suraksha_bima,100.0,2,0,0,1
38,250000,self_employed,female,st,1,0,0,secondary,pm_jeevan_jyoti,100.0,2,0,0,1
38,250000,self_employed,female,st,1,0,0,secondary,pm_mudra_yojana,100.0,3,0,0,1
38,250000,self_employed,female,st,1,0,0,secondary,startup_india_seed_fund,100.0,2,0,0,1
38,250000,self_employed,female,st,1,0,0,secondary,mgnregs,66.7,2,1,0,1
38,250000,self_employed,female,st,1,0,0,secondary,pm_kisan,0.0,2,2,1,0
38,250000,self_employed,female,st,1,0,0,secondary,pm_fasal_bima,0.0,2,1,1,0
38,250000,self_employed,female,st,1,0,0,secondary,kisan_credit_card,0.0,2,1,1,0
38,250000,self_employed,female,st,1,0,0,secondary,national_scholarship_portal,0.0,2,2,1,0
38,250000,self_employed,female,st,1,0,0,secondary,pm_scholarship_scheme,0.0,1,2,1,0
38,250000,self_employed,female,st,1,0,0,secondary,ayushman_bharat,0.0,0,2,1,0
38,250000,self_employed,female,st,1,0,0,secondary,pm_awas_yojana_gramin,0.0,3,1,1,0
38,250000,self_employed,female,st,1,0,0,secondary,deen_dayal_disability,0.0,1,1,1,0
38,250000,self_employed,female,st,1,0,0,secondary,post_matric_sc,0.0,1,2,1,0
38,250000,self_employed,female,st,1,0,0,secondary,eklavya_model_school,0.0,1,2,1,0
38,250000,self_employed,female,st,1,0,0,secondary,indira_gandhi_old_age,0.0,0,3,1,0
66,250000,salaried,female,st,0,1,1,primary,pm_matru_vandana,100.0,3,0,0,1
66,250000,salaried,female,st,0,1,1,primary,mahila_shakti_kendra,100.0,2,0,0,1
66,250000,salaried,female,st,0,1,1,primary,pm_suraksha_bima,100.0,2,0,0,1
66,250000,salaried,female,st,0,1,1,primary,pm_awas_yojana_gramin,100.0,4,0,0,1
66,250000,salaried,female,st,0,1,1,primary,deen_dayal_disability,100.0,2,0,0,1
66,250000,salaried,female,st,0,1,1,primary,indira_gandhi_old_age,75.0,2,1,0,1
66,250000,salaried,female,st,0,1,1,primary,ayushman_bharat,60.0,1,1,0,1
66,250000,salaried,female,st,0,1,1,primary,mgnregs,33.3,1,2,0,0
66,250000,salaried,female,st,0,1,1,primary,pm_kisan,0.0,2,2,1,0
66,250000,salaried,female,st,0,1,1,primary,pm_fasal_bima,0.0,1,2,1,0
66,250000,salaried,female,st,0,1,1,primary,kisan_credit_card,0.0,1,2,1,0
66,250000,salaried,female,st,0,1,1,primary,national_scholarship_portal,0.0,2,2,1,0
66,250000,salaried,female,st,0,1,1,primary,pm_scholarship_scheme,0.0,1,2,1,0
66,250000,salaried,female,st,0,1,1,primary,pm_jeevan_jyoti,0.0,1,1,1,0
66,250000,salaried,female,st,0,1,1,primary,pm_mudra_yojana,0.0,1,2,1,0
66,250000,salaried,female,st,0,1,1,primary,startup_india_seed_fund,0.0,0,2,1,0
66,250000,salaried,female,st,0,1,1,primary,post_matric_sc,0.0,1,2,1,0
66,250000,salaried,female,st,0,1,1,primary,eklavya_model_school,0.0,1,2,1,0
55,150000,student,other,sc,5,1,0,primary,pm_suraksha_bima,100.0,2,0,0,1
55,150000,student,other,sc,5,1,0,primary,post_matric_sc,100.0,3,0,0,1
55,150000,student,other,sc,5,1,0,primary,national_scholarship_portal,87.5,3,1,0,0
55,150000,student,other,sc,5,1,0,primary,pm_awas_yojana_gramin,85.7,3,1,0,1
55,150000,student,other,sc,5,1,0,primary,pm_scholarship_scheme,83.3,2,1,0,0
55,150000,student,other,sc,5,1,0,primary,mgnregs,66.7,2,1,0,1
55,150000,student,other,sc,5,1,0,primary,ayushman_bharat,60.0,1,1,0,0
55,150000,student,other,sc,5,1,0,primary,pm_kisan,0.0,3,1,1,0
55,150000,student,other,sc,5,1,0,primary,pm_fasal_bima,0.0,2,1,1,0
55,150000,student,other,sc,5,1,0,primary,kisan_credit_card,0.0,2,1,1,0
55,150000,student,other,sc,5,1,0,primary,pm_matru_vandana,0.0,2,1,1,0
55,150000,student,other,sc,5,1,0,primary,mahila_shakti_kendra,0.0,1,1,1,0
55,150000,student,other,sc,5,1,0,primary,pm_jeevan_jyoti,0.0,1,1,1,0
55,150000,student,other,sc,5,1,0,primary,pm_mudra_yojana,0.0,2,1,1,0
55,150000,student,other,sc,5,1,0,primary,startup_india_seed_fund,0.0,0,2,1,0
55,150000,student,other,sc,5,1,0,primary,deen_dayal_disability,0.0,1,1,1,0
55,150000,student,other,sc,5,1,0,primary,eklavya_model_school,0.0,1,2,1,0
55,150000,student,other,sc,5,1,0,primary,indira_gandhi_old_age,0.0,1,2,1,0
71,250000,self_employed,female,obc,1,0,0,primary,pm_matru_vandana,100.0,3,0,0,1
71,250000,self_employed,female,obc,1,0,0,primary,mahila_shakti_kendra,100.0,2,0,0,1
71,250000,self_employed,female,obc,1,0,0,primary,startup_india_seed_fund,75.0,1,1,0,1
71,250000,self_employed,female,obc,1,0,0,primary,mgnregs,66.7,2,1,0,1
71,250000,self_employed,female,obc,1,0,0,primary,pm_kisan,0.0,2,2,1,0
71,250000,self_employed,female,obc,1,0,0,primary,pm_fasal_bima,0.0,2,1,1,0
71,250000,self_employed,female,obc,1,0,0,primary,kisan_credit_card,0.0,2,1,1,0
71,250000,self_employed,female,obc,1,0,0,primary,national_scholarship_portal,0.0,2,2,1,0
71,250000,self_employed,female,obc,1,0,0,primary,pm_scholarship_scheme,0.0,1,2,1,0
71,250000,self_employed,female,obc,1,0,0,primary,ayushman_bharat,0.0,0,2,1,0
71,250000,self_employed,female,obc,1,0,0,primary,pm_suraksha_bima,0.0,1,1,1,0
71,250000,self_employed,female,obc,1,0,0,primary,pm_jeevan_jyoti,0.0,1,1,1,0
71,250000,self_employed,female,obc,1,0,0,primary,pm_awas_yojana_gramin,0.0,3,1,1,0
71,250000,self_employed,female,obc,1,0,0,primary,pm_mudra_yojana,0.0,2,1,1,0
71,250000,self_employed,female,obc,1,0,0,primary,deen_dayal_disability,0.0,1,1,1,0
71,250000,self_employed,female,obc,1,0,0,primary,post_matric_sc,0.0,1,2,1,0
71,250000,self_employed,female,obc,1,0,0,primary,eklavya_model_school,0.0,0,3,1,0
71,250000,self_employed,female,obc,1,0,0,primary,indira_gandhi_old_age,0.0,1,2,1,0
77,250000,farmer,female,sc,0,0,0,primary,pm_matru_vandana,100.0,3,0,0,1
77,250000,farmer,female,sc,0,0,0,primary,mahila_shakti_kendra,100.0,2,0,0,1
77,250000,farmer,female,sc,0,0,0,primary,pm_kisan,75.0,3,1,0,0
77,250000,farmer,female,sc,0,0,0,primary,pm_fasal_bima,66.7,2,1,0,1
77,250000,farmer,female,sc,0,0,0,primary,mgnregs,66.7,2,1,0,1
77,250000,farmer,female,sc,0,0,0,primary,kisan_credit_card,0.0,1,2,1,0
77,250000,farmer,female,sc,0,0,0,primary,national_scholarship_portal,0.0,2,2,1,0
77,250000,farmer,female,sc,0,0,0,primary,pm_scholarship_scheme,0.0,1,2,1,0
77,250000,farmer,female,sc,0,0,0,primary,ayushman_bharat,0.0,0,2,1,0
77,250000,farmer,female,sc,0,0,0,primary,pm_suraksha_bima,0.0,1,1,1,0
77,250000,farmer,female,sc,0,0,0,primary,pm_jeevan_jyoti,0.0,1,1,1,0
77,250000,farmer,female,sc,0,0,0,primary,pm_awas_yojana_gramin,0.0,3,1,1,0
77,250000,farmer,female,sc,0,0,0,primary,pm_mudra_yojana,0.0,1,2,1,0
77,250000,farmer,female,sc,0,0,0,primary,startup_india_seed_fund,0.0,0,2,1,0
77,250000,farmer,female,sc,0,0,0,primary,deen_dayal_disability,0.0,1,1,1,0
77,250000,farmer,female,sc,0,0,0,primary,post_matric_sc,0.0,2,1,1,0
77,250000,farmer,female,sc,0,0,0,primary,eklavya_model_school,0.0,0,3,1,0
77,250000,farmer,female,sc,0,0,0,primary,indira_gandhi_old_age,0.0,1,2,1,0
50,250000,unemployed,other,sc,0,0,0,secondary,pm_suraksha_bima,100.0,2,0,0,1
50,250000,unemployed,other,sc,0,0,0,secondary,pm_jeevan_jyoti,100.0,2,0,0,1
50,250000,unemployed,other,sc,0,0,0,secondary,mgnregs,66.7,2,1,0,1
50,250000,unemployed,other,sc,0,0,0,secondary,pm_kisan,0.0,2,2,1,0
50,250000,unemployed,other,sc,0,0,0,secondary,pm_fasal_bima,0.0,1,2,1,0
50,250000,unemployed,other,sc,0,0,0,secondary,kisan_credit_card,0.0,1,2,1,0
50,250000,unemployed,other,sc,0,0,0,secondary,pm_matru_vandana,0.0,2,1,1,0
50,250000,unemployed,other,sc,0,0,0,secondary,mahila_shakti_kendra,0.0,1,1,1,0
50,250000,unemployed,other,sc,0,0,0,secondary,national_scholarship_portal,0.0,2,2,1,0
50,250000,unemployed,other,sc,0,0,0,secondary,pm_scholarship_scheme,0.0,1,2,1,0
50,250000,unemployed,other,sc,0,0,0,secondary,ayushman_bharat,0.0,0,2,1,0
50,250000,unemployed,other,sc,0,0,0,secondary,pm_awas_yojana_gramin,0.0,3,1,1,0
50,250000,unemployed,other,sc,0,0,0,secondary,pm_mudra_yojana,0.0,2,1,1,0
50,250000,unemployed,other,sc,0,0,0,secondary,startup_india_seed_fund,0.0,1,1,1,0
50,250000,unemployed,other,sc,0,0,0,secondary,deen_dayal_disability,0.0,1,1,1,0
50,250000,unemployed,other,sc,0,0,0,secondary,post_matric_sc,0.0,2,1,1,0
50,250000,unemployed,other,sc,0,0,0,secondary,eklavya_model_school,0.0,0,3,1,0
50,250000,unemployed,other,sc,0,0,0,secondary,indira_gandhi_old_age,0.0,0,3,1,0
22,0,student,male,sc,0,0,0,primary,national_scholarship_portal,100.0,4,0,0,1
22,0,student,male,sc,0,0,0,primary,pm_scholarship_scheme,100.0,3,0,0,1
22,0,student,male,sc,0,0,0,primary,pm_suraksha_bima,100.0,2,0,0,0
22,0,student,male,sc,0,0,0,primary,pm_jeevan_jyoti,100.0,2,0,0,1
22,0,student,male,sc,0,0,0,primary,post_matric_sc,100.0,3,0,0,1
22,0,student,male,sc,0,0,0,primary,mgnregs,66.7,2,1,0,1
22,0,student,male,sc,0,0,0,primary,pm_kisan,0.0,3,1,1,0
22,0,student,male,sc,0,0,0,primary,pm_fasal_bima,0.0,1,2,1,0
22,0,student,male,sc,0,0,0,primary,kisan_credit_card,0.0,1,2,1,0
22,0,student,male,sc,0,0,0,primary,pm_matru_vandana,0.0,2,1,1,0
22,0,student,male,sc,0,0,0,primary,mahila_shakti_kendra,0.0,1,1,1,0
22,0,student,male,sc,0,0,0,primary,ayushman_bharat,0.0,1,1,1,0
22,0,student,male,sc,0,0,0,primary,pm_awas_yojana_gramin,0.0,3,1,1,0
22,0,student,male,sc,0,0,0,primary,pm_mudra_yojana,0.0,2,1,1,0
22,0,student,male,sc,0,0,0,primary,startup_india_seed_fund,0.0,1,1,1,0
22,0,student,male,sc,0,0,0,primary,deen_dayal_disability,0.0,1,1,1,0
22,0,student,male,sc,0,0,0,primary,eklavya_model_school,0.0,1,2,1,0
22,0,student,male,sc,0,0,0,primary,indira_gandhi_old_age,0.0,1,2,1,0
66,40000,daily_wage,female,obc,8,1,0,none,pm_matru_vandana,100.0,3,0,0,1
66,40000,daily_wage,female,obc,8,1,0,none,mahila_shakti_kendra,100.0,2,0,0,0
66,40000,daily_wage,female,obc,8,1,0,none,ayushman_bharat,100.0,2,0,0,0
66,40000,daily_wage,female,obc,8,1,0,none,pm_suraksha_bima,100.0,2,0,0,1
66,40000,daily_wage,female,obc,8,1,0,none,mgnregs,100.0,3,0,0,1
66,40000,daily_wage,female,obc,8,1,0,none,indira_gandhi_old_age,100.0,3,0,0,1
66,40000,daily_wage,female,obc,8,1,0,none,pm_awas_yojana_gramin,85.7,3,1,0,1
66,40000,daily_wage,female,obc,8,1,0,none,pm_kisan,0.0,2,2,1,0
66,40000,daily_wage,female,obc,8,1,0,none,pm_fasal_bima,0.0,2,1,1,0
66,40000,daily_wage,female,obc,8,1,0,none,kisan_credit_card,0.0,2,1,1,0
66,40000,daily_wage,female,obc,8,1,0,none,national_scholarship_portal,0.0,2,2,1,0
66,40000,daily_wage,female,obc,8,1,0,none,pm_scholarship_scheme,0.0,1,2,1,0
66,40000,daily_wage,female,obc,8,1,0,none,pm_jeevan_jyoti,0.0,1,1,1,0
66,40000,daily_wage,female,obc,8,1,0,none,pm_mudra_yojana,0.0,1,2,1,0
66,40000,daily_wage,female,obc,8,1,0,none,startup_india_seed_fund,0.0,0,2,1,0
66,40000,daily_wage,female,obc,8,1,0,none,deen_dayal_disability,0.0,1,1,1,0
66,40000,daily_wage,female,obc,8,1,0,none,post_matric_sc,0.0,1,2,1,0
66,40000,daily_wage,female,obc,8,1,0,none,eklavya_model_school,0.0,0,3,1,0
36,0,unemployed,other,general,1,0,0,none,pm_suraksha_bima,100.0,2,0,0,1
36,0,unemployed,other,general,1,0,0,none,pm_jeevan_jyoti,100.0,2,0,0,1
36,0,unemployed,other,general,1,0,0,none,mgnregs,100.0,3,0,0,1
36,0,unemployed,other,general,1,0,0,none,pm_kisan,0.0,3,1,1,0
36,0,unemployed,other,general,1,0,0,none,pm_fasal_bima,0.0,2,1,1,0
36,0,unemployed,other,general,1,0,0,none,kisan_credit_card,0.0,2,1,1,0
36,0,unemployed,other,general,1,0,0,none,pm_matru_vandana,0.0,2,1,1,0
36,0,unemployed,other,general,1,0,0,none,mahila_shakti_kendra,0.0,1,1,1,0
36,0,unemployed,other,general,1,0,0,none,national_scholarship_portal,0.0,1,3,1,0
36,0,unemployed,other,general,1,0,0,none,pm_scholarship_scheme,0.0,1,2,1,0
36,0,unemployed,other,general,1,0,0,none,ayushman_bharat,0.0,1,1,1,0
36,0,unemployed,other,general,1,0,0,none,pm_awas_yojana_gramin,0.0,3,1,1,0
36,0,unemployed,other,general,1,0,0,none,pm_mudra_yojana,0.0,2,1,1,0
36,0,unemployed,other,general,1,0,0,none,startup_india_seed_fund,0.0,1,1,1,0
36,0,unemployed,other,general,1,0,0,none,deen_dayal_disability,0.0,1,1,1,0
36,0,unemployed,other,general,1,0,0,none,post_matric_sc,0.0,1,2,1,0
36,0,unemployed,other,general,1,0,0,none,eklavya_model_school,0.0,0,3,1,0
36,0,unemployed,other,general,1,0,0,none,indira_gandhi_old_age,0.0,1,2,1,0
66,150000,farmer,male,st,2.5,1,0,primary,pm_kisan,100.0,4,0,0,1
66,150000,farmer,male,st,2.5,1,0,primary,pm_fasal_bima,100.0,3,0,0,0
66,150000,farmer,male,st,2.5,1,0,primary,kisan_credit_card,100.0,3,0,0,1
66,150000,farmer,male,st,2.5,1,0,primary,pm_suraksha_bima,100.0,2,0,0,1
66,150000,farmer,male,st,2.5,1,0,primary,pm_awas_yojana_gramin,100.0,4,0,0,1
66,150000,farmer,male,st,2.5,1,0,primary,mgnregs,100.0,3,0,0,1
66,150000,farmer,male,st,2.5,1,0,primary,indira_gandhi_old_age,75.0,2,1,0,1
66,150000,farmer,male,st,2.5,1,0,primary,ayushman_bharat,60.0,1,1,0,0
66,150000,farmer,male,st,2.5,1,0,primary,pm_matru_vandana,0.0,2,1,1,0
66,150000,farmer,male,st,2.5,1,0,primary,mahila_shakti_kendra,0.0,1,1,1,0
66,150000,farmer,male,st,2.5,1,0,primary,national_scholarship_portal,0.0,2,2,1,0
66,150000,farmer,male,st,2.5,1,0,primary,pm_scholarship_scheme,0.0,1,2,1,0
66,150000,farmer,male,st,2.5,1,0,primary,pm_jeevan_jyoti,0.0,1,1,1,0
66,150000,farmer,male,st,2.5,1,0,primary,pm_mudra_yojana,0.0,1,2,1,0
66,150000,farmer,male,st,2.5,1,0,primary,startup_india_seed_fund,0.0,0,2,1,0
66,150000,farmer,male,st,2.5,1,0,primary,deen_dayal_disability,0.0,1,1,1,0
66,150000,farmer,male,st,2.5,1,0,primary,post_matric_sc,0.0,1,2,1,0
66,150000,farmer,male,st,2.5,1,0,primary,eklavya_model_school,0.0,1,2,1,0
40,0,unemployed,female,sc,0,1,1,graduate,pm_matru_vandana,100.0,3,0,0,1
40,0,unemployed,female,sc,0,1,1,graduate,mahila_shakti_kendra,100.0,2,0,0,1
40,0,unemployed,female,sc,0,1,1,graduate,ayushman_bharat,100.0,2,0,0,1
40,0,unemployed,female,sc,0,1,1,graduate,pm_suraksha_bima,100.0,2,0,0,1
40,0,unemployed,female,sc,0,1,1,graduate,pm_jeevan_jyoti,100.0,2,0,0,1
40,0,unemployed,female,sc,0,1,1,graduate,pm_awas_yojana_gramin,100.0,4,0,0,1
40,0,unemployed,female,sc,0,1,1,graduate,mgnregs,100.0,3,0,0,1
40,0,unemployed,female,sc,0,1,1,graduate,deen_dayal_disability,100.0,2,0,0,1
40,0,unemployed,female,sc,0,1,1,graduate,pm_kisan,0.0,3,1,1,0
40,0,unemployed,female,sc,0,1,1,graduate,pm_fasal_bima,0.0,1,2,1,0
40,0,unemployed,female,sc,0,1,1,graduate,kisan_credit_card,0.0,1,2,1,0
40,0,unemployed,female,sc,0,1,1,graduate,national_scholarship_portal,0.0,2,2,1,0
40,0,unemployed,female,sc,0,1,1,graduate,pm_scholarship_scheme,0.0,1,2,1,0
40,0,unemployed,female,sc,0,1,1,graduate,pm_mudra_yojana,0.0,2,1,1,0
40,0,unemployed,female,sc,0,1,1,graduate,startup_india_seed_fund,0.0,1,1,1,0
40,0,unemployed,female,sc,0,1,1,graduate,post_matric_sc,0.0,2,1,1,0
40,0,unemployed,female,sc,0,1,1,graduate,eklavya_model_school,0.0,0,3,1,0
40,0,unemployed,female,sc,0,1,1,graduate,indira_gandhi_old_age,0.0,2,1,1,0
80,800000,unemployed,male,general,8,0,0,secondary,mgnregs,66.7,2,1,0,1
80,800000,unemployed,male,general,8,0,0,secondary,pm_kisan,0.0,1,3,1,0
80,800000,unemployed,male,general,8,0,0,secondary,pm_fasal_bima,0.0,2,1,1,0
80,800000,unemployed,male,general,8,0,0,secondary,kisan_credit_card,0.0,1,2,1,0
80,800000,unemployed,male,general,8,0,0,secondary,pm_matru_vandana,0.0,2,1,1,0
80,800000,unemployed,male,general,8,0,0,secondary,mahila_shakti_kendra,0.0,0,2,1,0
80,800000,unemployed,male,general,8,0,0,secondary,national_scholarship_portal,0.0,0,4,1,0
80,800000,unemployed,male,general,8,0,0,secondary,pm_scholarship_scheme,0.0,0,3,1,0
80,800000,unemployed,male,general,8,0,0,secondary,ayushman_bharat,0.0,0,2,1,0
80,800000,unemployed,male,general,8,0,0,secondary,pm_suraksha_bima,0.0,0,2,1,0
80,800000,unemployed,male,general,8,0,0,secondary,pm_jeevan_jyoti,0.0,0,2,1,0
80,800000,unemployed,male,general,8,0,0,secondary,pm_awas_yojana_gramin,0.0,1,3,1,0
80,800000,unemployed,male,general,8,0,0,secondary,pm_mudra_yojana,0.0,1,2,1,0
80,800000,unemployed,male,general,8,0,0,secondary,startup_india_seed_fund,0.0,0,2,1,0
80,800000,unemployed,male,general,8,0,0,secondary,deen_dayal_disability,0.0,0,2,1,0
80,800000,unemployed,male,general,8,0,0,secondary,post_matric_sc,0.0,0,3,1,0
80,800000,unemployed,male,general,8,0,0,secondary,eklavya_model_school,0.0,0,3,1,0
80,800000,unemployed,male,general,8,0,0,secondary,indira_gandhi_old_age,0.0,1,2,1,0
65,150000,daily_wage,other,st,0,0,0,secondary,pm_suraksha_bima,100.0,2,0,0,1
65,150000,daily_wage,other,st,0,0,0,secondary,mgnregs,100.0,3,0,0,0
65,150000,daily_wage,other,st,0,0,0,secondary,pm_kisan,0.0,3,1,1,0
65,150000,daily_wage,other,st,0,0,0,secondary,pm_fasal_bima,0.0,1,2,1,0
65,150000,daily_wage,other,st,0,0,0,secondary,kisan_credit_card,0.0,1,2,1,0
65,150000,daily_wage,other,st,0,0,0,secondary,pm_matru_vandana,0.0,2,1,1,0
65,150000,daily_wage,other,st,0,0,0,secondary,mahila_shakti_kendra,0.0,1,1,1,0
65,150000,daily_wage,other,st,0,0,0,secondary,national_scholarship_portal,0.0,2,2,1,0
65,150000,daily_wage,other,st,0,0,0,secondary,pm_scholarship_scheme,0.0,1,2,1,0
65,150000,daily_wage,other,st,0,0,0,secondary,ayushman_bharat,0.0,0,2,1,0
65,150000,daily_wage,other,st,0,0,0,secondary,pm_jeevan_jyoti,0.0,1,1,1,0
65,150000,daily_wage,other,st,0,0,0,secondary,pm_awas_yojana_gramin,0.0,3,1,1,0
65,150000,daily_wage,other,st,0,0,0,secondary,pm_mudra_yojana,0.0,2,1,1,0
65,150000,daily_wage,other,st,0,0,0,secondary,startup_india_seed_fund,0.0,0,2,1,0
65,150000,daily_wage,other,st,0,0,0,secondary,deen_dayal_disability,0.0,1,1,1,0
65,150000,daily_wage,other,st,0,0,0,secondary,post_matric_sc,0.0,1,2,1,0
65,150000,daily_wage,other,st,0,0,0,secondary,eklavya_model_school,0.0,1,2,1,0
65,150000,daily_wage,other,st,0,0,0,secondary,indira_gandhi_old_age,0.0,1,2,1,0
38,0,student,male,st,0,1,0,graduate,ayushman_bharat,100.0,2,0,0,1
38,0,student,male,st,0,1,0,graduate,pm_suraksha_bima,100.0,2,0,0,1
38,0,student,male,st,0,1,0,graduate,pm_jeevan_jyoti,100.0,2,0,0,1
38,0,student,male,st,0,1,0,graduate,pm_awas_yojana_gramin,100.0,4,0,0,1
38,0,student,male,st,0,1,0,graduate,national_scholarship_portal,87.5,3,1,0,0
38,0,student,male,st,0,1,0,graduate,pm_scholarship_scheme,83.3,2,1,0,0
38,0,student,male,st,0,1,0,graduate,eklavya_model_school,83.3,2,1,0,1
38,0,student,male,st,0,1,0,graduate,mgnregs,66.7,2,1,0,1
38,0,student,male,st,0,1,0,graduate,pm_kisan,0.0,3,1,1,0
38,0,student,male,st,0,1,0,graduate,pm_fasal_bima,0.0,1,2,1,0
38,0,student,male,st,0,1,0,graduate,kisan_credit_card,0.0,1,2,1,0
38,0,student,male,st,0,1,0,graduate,pm_matru_vandana,0.0,2,1,1,0
38,0,student,male,st,0,1,0,graduate,mahila_shakti_kendra,0.0,1,1,1,0
38,0,student,male,st,0,1,0,graduate,pm_mudra_yojana,0.0,2,1,1,0
38,0,student,male,st,0,1,0,graduate,startup_india_seed_fund,0.0,1,1,1,0
38,0,student,male,st,0,1,0,graduate,deen_dayal_disability,0.0,1,1,1,0
38,0,student,male,st,0,1,0,graduate,post_matric_sc,0.0,2,1,1,0
38,0,student,male,st,0,1,0,graduate,indira_gandhi_old_age,0.0,2,1,1,0
63,0,other,other,sc,0,0,0,none,pm_suraksha_bima,100.0,2,0,0,1
63,0,other,other,sc,0,0,0,none,mgnregs,100.0,3,0,0,1
63,0,other,other,sc,0,0,0,none,pm_kisan,0.0,3,1,1,0
63,0,other,other,sc,0,0,0,none,pm_fasal_bima,0.0,1,2,1,0
63,0,other,other,sc,0,0,0,none,kisan_credit_card,0.0,1,2,1,0
63,0,other,other,sc,0,0,0,none,pm_matru_vandana,0.0,2,1,1,0
63,0,other,other,sc,0,0,0,none,mahila_shakti_kendra,0.0,1,1,1,0
63,0,other,other,sc,0,0,0,none,national_scholarship_portal,0.0,2,2,1,0
63,0,other,other,sc,0,0,0,none,pm_scholarship_scheme,0.0,1,2,1,0
63,0,other,other,sc,0,0,0,none,ayushman_bharat,0.0,1,1,1,0
63,0,other,other,sc,0,0,0,none,pm_jeevan_jyoti,0.0,1,1,1,0
63,0,other,other,sc,0,0,0,none,pm_awas_yojana_gramin,0.0,3,1,1,0
63,0,other,other,sc,0,0,0,none,pm_mudra_yojana,0.0,2,1,1,0
63,0,other,other,sc,0,0,0,none,startup_india_seed_fund,0.0,0,2,1,0
63,0,other,other,sc,0,0,0,none,deen_dayal_disability,0.0,1,1,1,0
63,0,other,other,sc,0,0,0,none,post_matric_sc,0.0,2,1,1,0
63,0,other,other,sc,0,0,0,none,eklavya_model_school,0.0,0,3,1,0
63,0,other,other,sc,0,0,0,none,indira_gandhi_old_age,0.0,2,1,1,0
40,150000,daily_wage,other,obc,5,0,0,postgraduate,pm_suraksha_bima,100.0,2,0,0,1
40,150000,daily_wage,other,obc,5,0,0,postgraduate,pm_jeevan_jyoti,100.0,2,0,0,1
40,150000,daily_wage,other,obc,5,0,0,postgraduate,mgnregs,100.0,3,0,0,1
40,150000,daily_wage,other,obc,5,0,0,postgraduate,pm_kisan,0.0,3,1,1,0
40,150000,daily_wage,other,obc,5,0,0,postgraduate,pm_fasal_bima,0.0,2,1,1,0
40,150000,daily_wage,other,obc,5,0,0,postgraduate,kisan_credit_card,0.0,2,1,1,0
40,150000,daily_wage,other,obc,5,0,0,postgraduate,pm_matru_vandana,0.0,2,1,1,0
40,150000,daily_wage,other,obc,5,0,0,postgraduate,mahila_shakti_kendra,0.0,1,1,1,0
40,150000,daily_wage,other,obc,5,0,0,postgraduate,national_scholarship_portal,0.0,2,2,1,0
40,150000,daily_wage,other,obc,5,0,0,postgraduate,pm_scholarship_scheme,0.0,1,2,1,0
40,150000,daily_wage,other,obc,5,0,0,postgraduate,ayushman_bharat,0.0,0,2,1,0
40,150000,daily_wage,other,obc,5,0,0,postgraduate,pm_awas_yojana_gramin,0.0,2,2,1,0
40,150000,daily_wage,other,obc,5,0,0,postgraduate,pm_mudra_yojana,0.0,2,1,1,0
40,150000,daily_wage,other,obc,5,0,0,postgraduate,startup_india_seed_fund,0.0,1,1,1,0
40,150000,daily_wage,other,obc,5,0,0,postgraduate,deen_dayal_disability,0.0,1,1,1,0
40,150000,daily_wage,other,obc,5,0,0,postgraduate,post_matric_sc,0.0,1,2,1,0
40,150000,daily_wage,other,obc,5,0,0,postgraduate,eklavya_model_school,0.0,0,3,1,0
40,150000,daily_wage,other,obc,5,0,0,postgraduate,indira_gandhi_old_age,0.0,0,3,1,0
29,90000,other,male,st,0.5,0,0,postgraduate,pm_suraksha_bima,100.0,2,0,0,1
29,90000,other,male,st,0.5,0,0,postgraduate,pm_jeevan_jyoti,100.0,2,0,0,0
29,90000,other,male,st,0.5,0,0,postgraduate,mgnregs,100.0,3,0,0,1
29,90000,other,male,st,0.5,0,0,postgraduate,pm_kisan,0.0,3,1,1,0
29,90000,other,male,st,0.5,0,0,postgraduate,pm_fasal_bima,0.0,2,1,1,0
29,90000,other,male,st,0.5,0,0,postgraduate,kisan_credit_card,0.0,2,1,1,0
29,90000,other,male,st,0.5,0,0,postgraduate,pm_matru_vandana,0.0,2,1,1,0
29,90000,other,male,st,0.5,0,0,postgraduate,mahila_shakti_kendra,0.0,1,1,1,0
29,90000,other,male,st,0.5,0,0,postgraduate,national_scholarship_portal,0.0,3,1,1,0
29,90000,other,male,st,0.5,0,0,postgraduate,pm_scholarship_scheme,0.0,1,2,1,0
29,90000,other,male,st,0.5,0,0,postgraduate,ayushman_bharat,0.0,1,1,1,0
29,90000,other,male,st,0.5,0,0,postgraduate,pm_awas_yojana_gramin,0.0,3,1,1,0
29,90000,other,male,st,0.5,0,0,postgraduate,pm_mudra_yojana,0.0,2,1,1,0
29,90000,other,male,st,0.5,0,0,postgraduate,startup_india_seed_fund,0.0,1,1,1,0
29,90000,other,male,st,0.5,0,0,postgraduate,deen_dayal_disability,0.0,1,1,1,0
29,90000,other,male,st,0.5,0,0,postgraduate,post_matric_sc,0.0,1,2,1,0
29,90000,other,male,st,0.5,0,0,postgraduate,eklavya_model_school,0.0,1,2,1,0
29,90000,other,male,st,0.5,0,0,postgraduate,indira_gandhi_old_age,0.0,1,2,1,0
71,400000,daily_wage,male,obc,8,0,0,secondary,mgnregs,66.7,2,1,0,1
71,400000,daily_wage,male,obc,8,0,0,secondary,pm_kisan,0.0,1,3,1,0
71,400000,daily_wage,male,obc,8,0,0,secondary,pm_fasal_bima,0.0,2,1,1,0
71,400000,daily_wage,male,obc,8,0,0,secondary,kisan_credit_card,0.0,2,1,1,0
71,400000,daily_wage,male,obc,8,0,0,secondary,pm_matru_vandana,0.0,2,1,1,0
71,400000,daily_wage,male,obc,8,0,0,secondary,mahila_shakti_kendra,0.0,0,2,1,0
71,400000,daily_wage,male,obc,8,0,0,secondary,national_scholarship_portal,0.0,1,3,1,0
71,400000,daily_wage,male,obc,8,0,0,secondary,pm_scholarship_scheme,0.0,1,2,1,0
71,400000,daily_wage,male,obc,8,0,0,secondary,ayushman_bharat,0.0,0,2,1,0
71,400000,daily_wage,male,obc,8,0,0,secondary,pm_suraksha_bima,0.0,1,1,1,0
71,400000,daily_wage,male,obc,8,0,0,secondary,pm_jeevan_jyoti,0.0,1,1,1,0
71,400000,daily_wage,male,obc,8,0,0,secondary,pm_awas_yojana_gramin,0.0,1,3,1,0
71,400000,daily_wage,male,obc,8,0,0,secondary,pm_mudra_yojana,0.0,1,2,1,0
71,400000,daily_wage,male,obc,8,0,0,secondary,startup_india_seed_fund,0.0,0,2,1,0
71,400000,daily_wage,male,obc,8,0,0,secondary,deen_dayal_disability,0.0,0,2,1,0
71,400000,daily_wage,male,obc,8,0,0,secondary,post_matric_sc,0.0,0,3,1,0
71,400000,daily_wage,male,obc,8,0,0,secondary,eklavya_model_school,0.0,0,3,1,0
71,400000,daily_wage,male,obc,8,0,0,secondary,indira_gandhi_old_age,0.0,1,2,1,0
20,250000,daily_wage,male,obc,0,0,0,secondary,pm_suraksha_bima,100.0,2,0,0,1
20,250000,daily_wage,male,obc,0,0,0,secondary,pm_jeevan_jyoti,100.0,2,0,0,1
20,250000,daily_wage,male,obc,0,0,0,secondary,mgnregs,66.7,2,1,0,1
20,250000,daily_wage,male,obc,0,0,0,secondary,pm_kisan,0.0,2,2,1,0
20,250000,daily_wage,male,obc,0,0,0,secondary,pm_fasal_bima,0.0,1,2,1,0
20,250000,daily_wage,male,obc,0,0,0,secondary,kisan_credit_card,0.0,1,2,1,0
20,250000,daily_wage,male,obc,0,0,0,secondary,pm_matru_vandana,0.0,2,1,1,0
20,250000,daily_wage,male,obc,0,0,0,secondary,mahila_shakti_kendra,0.0,1,1,1,0
20,250000,daily_wage,male,obc,0,0,0,secondary,national_scholarship_portal,0.0,3,1,1,0
20,250000,daily_wage,male,obc,0,0,0,secondary,pm_scholarship_scheme,0.0,2,1,1,0
20,250000,daily_wage,male,obc,0,0,0,secondary,ayushman_bharat,0.0,0,2,1,0
20,250000,daily_wage,male,obc,0,0,0,secondary,pm_awas_yojana_gramin,0.0,3,1,1,0
20,250000,daily_wage,male,obc,0,0,0,secondary,pm_mudra_yojana,0.0,2,1,1,0
20,250000,daily_wage,male,obc,0,0,0,secondary,startup_india_seed_fund,0.0,1,1,1,0
20,250000,daily_wage,male,obc,0,0,0,secondary,deen_dayal_disability,0.0,1,1,1,0
20,250000,daily_wage,male,obc,0,0,0,secondary,post_matric_sc,0.0,1,2,1,0
20,250000,daily_wage,male,obc,0,0,0,secondary,eklavya_model_school,0.0,0,3,1,0
20,250000,daily_wage,male,obc,0,0,0,secondary,indira_gandhi_old_age,0.0,0,3,1,0
35,40000,farmer,female,sc,0,1,0,primary,pm_kisan,100.0,4,0,0,1
35,40000,farmer,female,sc,0,1,0,primary,pm_matru_vandana,100.0,3,0,0,1
35,40000,farmer,female,sc,0,1,0,primary,mahila_shakti_kendra,100.0,2,0,0,1
35,40000,farmer,female,sc,0,1,0,primary,ayushman_bharat,100.0,2,0,0,1
35,40000,farmer,female,sc,0,1,0,primary,pm_suraksha_bima,100.0,2,0,0,1
35,40000,farmer,female,sc,0,1,0,primary,pm_jeevan_jyoti,100.0,2,0,0,1
35,40000,farmer,female,sc,0,1,0,primary,pm_awas_yojana_gramin,100.0,4,0,0,1
35,40000,farmer,female,sc,0,1,0,primary,mgnregs,100.0,3,0,0,1
35,40000,farmer,female,sc,0,1,0,primary,pm_fasal_bima,66.7,2,1,0,0
35,40000,farmer,female,sc,0,1,0,primary,kisan_credit_card,66.7,2,1,0,1
35,40000,farmer,female,sc,0,1,0,primary,national_scholarship_portal,0.0,2,2,1,0
35,40000,farmer,female,sc,0,1,0,primary,pm_scholarship_scheme,0.0,1,2,1,0
35,40000,farmer,female,sc,0,1,0,primary,pm_mudra_yojana,0.0,2,1,1,0
35,40000,farmer,female,sc,0,1,0,primary,startup_india_seed_fund,0.0,1,1,1,0
35,40000,farmer,female,sc,0,1,0,primary,deen_dayal_disability,0.0,1,1,1,0
35,40000,farmer,female,sc,0,1,0,primary,post_matric_sc,0.0,2,1,1,0
35,40000,farmer,female,sc,0,1,0,primary,eklavya_model_school,0.0,0,3,1,0
35,40000,farmer,female,sc,0,1,0,primary,indira_gandhi_old_age,0.0,2,1,1,0
71,800000,other,male,obc,5,0,0,graduate,mgnregs,66.7,2,1,0,1
71,800000,other,male,obc,5,0,0,graduate,pm_kisan,0.0,2,2,1,0
71,800000,other,male,obc,5,0,0,graduate,pm_fasal_bima,0.0,2,1,1,0
71,800000,other,male,obc,5,0,0,graduate,kisan_credit_card,0.0,2,1,1,0
71,800000,other,male,obc,5,0,0,graduate,pm_matru_vandana,0.0,2,1,1,0
71,800000,other,male,obc,5,0,0,graduate,mahila_shakti_kendra,0.0,0,2,1,0
71,800000,other,male,obc,5,0,0,graduate,national_scholarship_portal,0.0,1,3,1,0
71,800000,other,male,obc,5,0,0,graduate,pm_scholarship_scheme,0.0,0,3,1,0
71,800000,other,male,obc,5,0,0,graduate,ayushman_bharat,0.0,0,2,1,0
71,800000,other,male,obc,5,0,0,graduate,pm_suraksha_bima,0.0,0,2,1,0
71,800000,other,male,obc,5,0,0,graduate,pm_jeevan_jyoti,0.0,0,2,1,0
71,800000,other,male,obc,5,0,0,graduate,pm_awas_yojana_gramin,0.0,1,3,1,0
71,800000,other,male,obc,5,0,0,graduate,pm_mudra_yojana,0.0,1,2,1,0
71,800000,other,male,obc,5,0,0,graduate,startup_india_seed_fund,0.0,0,2,1,0
71,800000,other,male,obc,5,0,0,graduate,deen_dayal_disability,0.0,0,2,1,0
71,800000,other,male,obc,5,0,0,graduate,post_matric_sc,0.0,0,3,1,0
71,800000,other,male,obc,5,0,0,graduate,eklavya_model_school,0.0,0,3,1,0
71,800000,other,male,obc,5,0,0,graduate,indira_gandhi_old_age,0.0,1,2,1,0
35,400000,daily_wage,other,obc,0,0,0,graduate,pm_suraksha_bima,100.0,2,0,0,1
35,400000,daily_wage,other,obc,0,0,0,graduate,pm_jeevan_jyoti,100.0,2,0,0,1
35,400000,daily_wage,other,obc,0,0,0,graduate,mgnregs,66.7,2,1,0,0
35,400000,daily_wage,other,obc,0,0,0,graduate,pm_kisan,0.0,2,2,1,0
35,400000,daily_wage,other,obc,0,0,0,graduate,pm_fasal_bima,0.0,1,2,1,0
35,400000,daily_wage,other,obc,0,0,0,graduate,kisan_credit_card,0.0,1,2,1,0
35,400000,daily_wage,other,obc,0,0,0,graduate,pm_matru_vandana,0.0,2,1,1,0
35,400000,daily_wage,other,obc,0,0,0,graduate,mahila_shakti_kendra,0.0,0,2,1,0
35,400000,daily_wage,other,obc,0,0,0,graduate,national_scholarship_portal,0.0,1,3,1,0
35,400000,daily_wage,other,obc,0,0,0,graduate,pm_scholarship_scheme,0.0,1,2,1,0
35,400000,daily_wage,other,obc,0,0,0,graduate,ayushman_bharat,0.0,0,2,1,0
35,400000,daily_wage,other,obc,0,0,0,graduate,pm_awas_yojana_gramin,0.0,2,2,1,0
35,400000,daily_wage,other,obc,0,0,0,graduate,pm_mudra_yojana,0.0,2,1,1,0
35,400000,daily_wage,other,obc,0,0,0,graduate,startup_india_seed_fund,0.0,1,1,1,0
35,400000,daily_wage,other,obc,0,0,0,graduate,deen_dayal_disability,0.0,0,2,1,0
35,400000,daily_wage,other,obc,0,0,0,graduate,post_matric_sc,0.0,0,3,1,0
35,400000,daily_wage,other,obc,0,0,0,graduate,eklavya_model_school,0.0,0,3,1,0
35,400000,daily_wage,other,obc,0,0,0,graduate,indira_gandhi_old_age,0.0,0,3,1,0
22,800000,self_employed,male,st,1,0,0,primary,pm_mudra_yojana,100.0,3,0,0,1
22,800000,self_employed,male,st,1,0,0,primary,startup_india_seed_fund,100.0,2,0,0,1
22,800000,self_employed,male,st,1,0,0,primary,pm_suraksha_bima,66.7,1,1,0,0
22,800000,self_employed,male,st,1,0,0,primary,pm_jeevan_jyoti,66.7,1,1,0,1
22,800000,self_employed,male,st,1,0,0,primary,mgnregs,66.7,2,1,0,1
22,800000,self_employed,male,st,1,0,0,primary,pm_kisan,0.0,2,2,1,0
22,800000,self_employed,male,st,1,0,0,primary,pm_fasal_bima,0.0,2,1,1,0
22,800000,self_employed,male,st,1,0,0,primary,kisan_credit_card,0.0,2,1,1,0
22,800000,self_employed,male,st,1,0,0,primary,pm_matru_vandana,0.0,2,1,1,0
22,800000,self_employed,male,st,1,0,0,primary,mahila_shakti_kendra,0.0,0,2,1,0
22,800000,self_employed,male,st,1,0,0,primary,national_scholarship_portal,0.0,2,2,1,0
22,800000,self_employed,male,st,1,0,0,primary,pm_scholarship_scheme,0.0,1,2,1,0
22,800000,self_employed,male,st,1,0,0,primary,ayushman_bharat,0.0,0,2,1,0
22,800000,self_employed,male,st,1,0,0,primary,pm_awas_yojana_gramin,0.0,2,2,1,0
22,800000,self_employed,male,st,1,0,0,primary,deen_dayal_disability,0.0,0,2,1,0
22,800000,self_employed,male,st,1,0,0,primary,post_matric_sc,0.0,0,3,1,0
22,800000,self_employed,male,st,1,0,0,primary,eklavya_model_school,0.0,1,2,1,0
22,800000,self_employed,male,st,1,0,0,primary,indira_gandhi_old_age,0.0,0,3,1,0
27,40000,unemployed,female,st,0.5,1,0,none,pm_matru_vandana,100.0,3,0,0,1
27,40000,unemployed,female,st,0.5,1,0,none,mahila_shakti_kendra,100.0,2,0,0,1
27,40000,unemployed,female,st,0.5,1,0,none,ayushman_bharat,100.0,2,0,0,1
27,40000,unemployed,female,st,0.5,1,0,none,pm_suraksha_bima,100.0,2,0,0,1
27,40000,unemployed,female,st,0.5,1,0,none,pm_jeevan_jyoti,100.0,2,0,0,1
27,40000,unemployed,female,st,0.5,1,0,none,pm_awas_yojana_gramin,100.0,4,0,0,1
27,40000,unemployed,female,st,0.5,1,0,none,mgnregs,100.0,3,0,0,1
27,40000,unemployed,female,st,0.5,1,0,none,pm_kisan,0.0,3,1,1,0
27,40000,unemployed,female,st,0.5,1,0,none,pm_fasal_bima,0.0,2,1,1,0
27,40000,unemployed,female,st,0.5,1,0,none,kisan_credit_card,0.0,2,1,1,0
27,40000,unemployed,female,st,0.5,1,0,none,national_scholarship_portal,0.0,3,1,1,0
27,40000,unemployed,female,st,0.5,1,0,none,pm_scholarship_scheme,0.0,1,2,1,0
27,40000,unemployed,female,st,0.5,1,0,none,pm_mudra_yojana,0.0,2,1,1,0
27,40000,unemployed,female,st,0.5,1,0,none,startup_india_seed_fund,0.0,1,1,1,0
27,40000,unemployed,female,st,0.5,1,0,none,deen_dayal_disability,0.0,1,1,1,0
27,40000,unemployed,female,st,0.5,1,0,none,post_matric_sc,0.0,1,2,1,0
27,40000,unemployed,female,st,0.5,1,0,none,eklavya_model_school,0.0,1,2,1,0
27,40000,unemployed,female,st,0.5,1,0,none,indira_gandhi_old_age,0.0,2,1,1,0
34,250000,farmer,female,general,1,0,0,postgraduate,pm_fasal_bima,100.0,3,0,0,1
34,250000,farmer,female,general,1,0,0,postgraduate,kisan_credit_card,100.0,3,0,0,1
34,250000,farmer,female,general,1,0,0,postgraduate,pm_matru_vandana,100.0,3,0,0,1
34,250000,farmer,female,general,1,0,0,postgraduate,mahila_shakti_kendra,100.0,2,0,0,1
34,250000,farmer,female,general,1,0,0,postgraduate,pm_suraksha_bima,100.0,2,0,0,1
34,250000,farmer,female,general,1,0,0,postgraduate,pm_jeevan_jyoti,100.0,2,0,0,1
34,250000,farmer,female,general,1,0,0,postgraduate,pm_kisan,75.0,3,1,0,0
34,250000,farmer,female,general,1,0,0,postgraduate,mgnregs,66.7,2,1,0,1
34,250000,farmer,female,general,1,0,0,postgraduate,national_scholarship_portal,0.0,1,3,1,0
34,250000,farmer,female,general,1,0,0,postgraduate,pm_scholarship_scheme,0.0,1,2,1,0
34,250000,farmer,female,general,1,0,0,postgraduate,ayushman_bharat,0.0,0,2,1,0
34,250000,farmer,female,general,1,0,0,postgraduate,pm_awas_yojana_gramin,0.0,3,1,1,0
34,250000,farmer,female,general,1,0,0,postgraduate,pm_mudra_yojana,0.0,2,1,1,0
34,250000,farmer,female,general,1,0,0,postgraduate,startup_india_seed_fund,0.0,1,1,1,0
34,250000,farmer,female,general,1,0,0,postgraduate,deen_dayal_disability,0.0,1,1,1,0
34,250000,farmer,female,general,1,0,0,postgraduate,post_matric_sc,0.0,1,2,1,0
34,250000,farmer,female,general,1,0,0,postgraduate,eklavya_model_school,0.0,0,3,1,0
34,250000,farmer,female,general,1,0,0,postgraduate,indira_gandhi_old_age,0.0,0,3,1,0
17,40000,salaried,other,sc,8,0,0,none,pm_kisan,0.0,1,3,1,0
17,40000,salaried,other,sc,8,0,0,none,pm_fasal_bima,0.0,1,2,1,0
17,40000,salaried,other,sc,8,0,0,none,kisan_credit_card,0.0,1,2,1,0
17,40000,salaried,other,sc,8,0,0,none,pm_matru_vandana,0.0,1,2,1,0
17,40000,salaried,other,sc,8,0,0,none,mahila_shakti_kendra,0.0,1,1,1,0
17,40000,salaried,other,sc,8,0,0,none,national_scholarship_portal,0.0,3,1,1,0
17,40000,salaried,other,sc,8,0,0,none,pm_scholarship_scheme,0.0,1,2,1,0
17,40000,salaried,other,sc,8,0,0,none,ayushman_bharat,0.0,1,1,1,0
17,40000,salaried,other,sc,8,0,0,none,pm_suraksha_bima,0.0,1,1,1,0
17,40000,salaried,other,sc,8,0,0,none,pm_jeevan_jyoti,0.0,1,1,1,0
17,40000,salaried,other,sc,8,0,0,none,pm_awas_yojana_gramin,0.0,1,3,1,0
17,40000,salaried,other,sc,8,0,0,none,mgnregs,0.0,1,2,1,0
17,40000,salaried,other,sc,8,0,0,none,pm_mudra_yojana,0.0,1,2,1,0
17,40000,salaried,other,sc,8,0,0,none,startup_india_seed_fund,0.0,0,2,1,0
17,40000,salaried,other,sc,8,0,0,none,deen_dayal_disability,0.0,1,1,1,0
17,40000,salaried,other,sc,8,0,0,none,post_matric_sc,0.0,2,1,1,0
17,40000,salaried,other,sc,8,0,0,none,eklavya_model_school,0.0,1,2,1,0
17,40000,salaried,other,sc,8,0,0,none,indira_gandhi_old_age,0.0,1,2,1,0
53,800000,student,female,general,1,0,0,primary,pm_matru_vandana,100.0,3,0,0,1
53,800000,student,female,general,1,0,0,primary,pm_suraksha_bima,66.7,1,1,0,1
53,800000,student,female,general,1,0,0,primary,mahila_shakti_kendra,60.0,1,1,0,0
53,800000,student,female,general,1,0,0,primary,pm_scholarship_scheme,50.0,1,2,0,1
53,800000,student,female,general,1,0,0,primary,national_scholarship_portal,37.5,1,3,0,0
53,800000,student,female,general,1,0,0,primary,mgnregs,33.3,1,2,0,0
53,800000,student,female,general,1,0,0,primary,pm_kisan,0.0,2,2,1,0
53,800000,student,female,general,1,0,0,primary,pm_fasal_bima,0.0,2,1,1,0
53,800000,student,female,general,1,0,0,primary,kisan_credit_card,0.0,2,1,1,0
53,800000,student,female,general,1,0,0,primary,ayushman_bharat,0.0,0,2,1,0
53,800000,student,female,general,1,0,0,primary,pm_jeevan_jyoti,0.0,0,2,1,0
53,800000,student,female,general,1,0,0,primary,pm_awas_yojana_gramin,0.0,2,2,1,0
53,800000,student,female,general,1,0,0,primary,pm_mudra_yojana,0.0,2,1,1,0
53,800000,student,female,general,1,0,0,primary,startup_india_seed_fund,0.0,0,2,1,0
53,800000,student,female,general,1,0,0,primary,deen_dayal_disability,0.0,0,2,1,0
53,800000,student,female,general,1,0,0,primary,post_matric_sc,0.0,1,2,1,0
53,800000,student,female,general,1,0,0,primary,eklavya_model_school,0.0,1,2,1,0
53,800000,student,female,general,1,0,0,primary,indira_gandhi_old_age,0.0,0,3,1,0
46,250000,other,male,sc,8,0,0,secondary,pm_suraksha_bima,100.0,2,0,0,0
46,250000,other,male,sc,8,0,0,secondary,pm_jeevan_jyoti,100.0,2,0,0,1
46,250000,other,male,sc,8,0,0,secondary,mgnregs,66.7,2,1,0,0
46,250000,other,male,sc,8,0,0,secondary,pm_kisan,0.0,1,3,1,0
46,250000,other,male,sc,8,0,0,secondary,pm_fasal_bima,0.0,2,1,1,0
46,250000,other,male,sc,8,0,0,secondary,kisan_credit_card,0.0,2,1,1,0
46,250000,other,male,sc,8,0,0,secondary,pm_matru_vandana,0.0,2,1,1,0
46,250000,other,male,sc,8,0,0,secondary,mahila_shakti_kendra,0.0,1,1,1,0
46,250000,other,male,sc,8,0,0,secondary,national_scholarship_portal,0.0,2,2,1,0
46,250000,other,male,sc,8,0,0,secondary,pm_scholarship_scheme,0.0,1,2,1,0
46,250000,other,male,sc,8,0,0,secondary,ayushman_bharat,0.0,0,2,1,0
46,250000,other,male,sc,8,0,0,secondary,pm_awas_yojana_gramin,0.0,2,2,1,0
46,250000,other,male,sc,8,0,0,secondary,pm_mudra_yojana,0.0,2,1,1,0
46,250000,other,male,sc,8,0,0,secondary,startup_india_seed_fund,0.0,1,1,1,0
46,250000,other,male,sc,8,0,0,secondary,deen_dayal_disability,0.0,1,1,1,0
46,250000,other,male,sc,8,0,0,secondary,post_matric_sc,0.0,2,1,1,0
46,250000,other,male,sc,8,0,0,secondary,eklavya_model_school,0.0,0,3,1,0
46,250000,other,male,sc,8,0,0,secondary,indira_gandhi_old_age,0.0,0,3,1,0
45,800000,student,other,obc,0.5,0,0,postgraduate,pm_suraksha_bima,66.7,1,1,0,1
45,800000,student,other,obc,0.5,0,0,postgraduate,pm_jeevan_jyoti,66.7,1,1,0,0
45,800000,student,other,obc,0.5,0,0,postgraduate,national_scholarship_portal,62.5,2,2,0,1
45,800000,student,other,obc,0.5,0,0,postgraduate,pm_scholarship_scheme,50.0,1,2,0,1
45,800000,student,other,obc,0.5,0,0,postgraduate,mgnregs,33.3,1,2,0,0
45,800000,student,other,obc,0.5,0,0,postgraduate,pm_kisan,0.0,2,2,1,0
45,800000,student,other,obc,0.5,0,0,postgraduate,pm_fasal_bima,0.0,2,1,1,0
45,800000,student,other,obc,0.5,0,0,postgraduate,kisan_credit_card,0.0,2,1,1,0
45,800000,student,other,obc,0.5,0,0,postgraduate,pm_matru_vandana,0.0,2,1,1,0
45,800000,student,other,obc,0.5,0,0,postgraduate,mahila_shakti_kendra,0.0,0,2,1,0
45,800000,student,other,obc,0.5,0,0,postgraduate,ayushman_bharat,0.0,0,2,1,0
45,800000,student,other,obc,0.5,0,0,postgraduate,pm_awas_yojana_gramin,0.0,2,2,1,0
45,800000,student,other,obc,0.5,0,0,postgraduate,pm_mudra_yojana,0.0,2,1,1,0
45,800000,student,other,obc,0.5,0,0,postgraduate,startup_india_seed_fund,0.0,1,1,1,0
45,800000,student,other,obc,0.5,0,0,postgraduate,deen_dayal_disability,0.0,0,2,1,0
45,800000,student,other,obc,0.5,0,0,postgraduate,post_matric_sc,0.0,1,2,1,0
45,800000,student,other,obc,0.5,0,0,postgraduate,eklavya_model_school,0.0,1,2,1,0
45,800000,student,other,obc,0.5,0,0,postgraduate,indira_gandhi_old_age,0.0,0,3,1,0
34,90000,self_employed,male,general,0.5,0,0,none,pm_suraksha_bima,100.0,2,0,0,1
34,90000,self_employed,male,general,0.5,0,0,none,pm_jeevan_jyoti,100.0,2,0,0,1
34,90000,self_employed,male,general,0.5,0,0,none,mgnregs,100.0,3,0,0,1
34,90000,self_employed,male,general,0.5,0,0,none,pm_mudra_yojana,100.0,3,0,0,1
34,90000,self_employed,male,general,0.5,0,0,none,startup_india_seed_fund,100.0,2,0,0,1
34,90000,self_employed,male,general,0.5,0,0,none,pm_kisan,0.0,3,1,1,0
34,90000,self_employed,male,general,0.5,0,0,none,pm_fasal_bima,0.0,2,1,1,0
34,90000,self_employed,male,general,0.5,0,0,none,kisan_credit_card,0.0,2,1,1,0
34,90000,self_employed,male,general,0.5,0,0,none,pm_matru_vandana,0.0,2,1,1,0
34,90000,self_employed,male,general,0.5,0,0,none,mahila_shakti_kendra,0.0,1,1,1,0
34,90000,self_employed,male,general,0.5,0,0,none,national_scholarship_portal,0.0,1,3,1,0
34,90000,self_employed,male,general,0.5,0,0,none,pm_scholarship_scheme,0.0,1,2,1,0
34,90000,self_employed,male,general,0.5,0,0,none,ayushman_bharat,0.0,1,1,1,0
34,90000,self_employed,male,general,0.5,0,0,none,pm_awas_yojana_gramin,0.0,3,1,1,0
34,90000,self_employed,male,general,0.5,0,0,none,deen_dayal_disability,0.0,1,1,1,0
34,90000,self_employed,male,general,0.5,0,0,none,post_matric_sc,0.0,1,2,1,0
34,90000,self_employed,male,general,0.5,0,0,none,eklavya_model_school,0.0,0,3,1,0
34,90000,self_employed,male,general,0.5,0,0,none,indira_gandhi_old_age,0.0,1,2,1,0
39,0,other,other,sc,2.5,0,0,primary,pm_suraksha_bima,100.0,2,0,0,1
39,0,other,other,sc,2.5,0,0,primary,pm_jeevan_jyoti,100.0,2,0,0,1
39,0,other,other,sc,2.5,0,0,primary,mgnregs,100.0,3,0,0,1
39,0,other,other,sc,2.5,0,0,primary,pm_kisan,0.0,3,1,1,0
39,0,other,other,sc,2.5,0,0,primary,pm_fasal_bima,0.0,2,1,1,0
39,0,other,other,sc,2.5,0,0,primary,kisan_credit_card,0.0,2,1,1,0
39,0,other,other,sc,2.5,0,0,primary,pm_matru_vandana,0.0,2,1,1,0
39,0,other,other,sc,2.5,0,0,primary,mahila_shakti_kendra,0.0,1,1,1,0
39,0,other,other,sc,2.5,0,0,primary,national_scholarship_portal,0.0,2,2,1,0
39,0,other,other,sc,2.5,0,0,primary,pm_scholarship_scheme,0.0,1,2,1,0
39,0,other,other,sc,2.5,0,0,primary,ayushman_bharat,0.0,1,1,1,0
39,0,other,other,sc,2.5,0,0,primary,pm_awas_yojana_gramin,0.0,3,1,1,0
39,0,other,other,sc,2.5,0,0,primary,pm_mudra_yojana,0.0,2,1,1,0
39,0,other,other,sc,2.5,0,0,primary,startup_india_seed_fund,0.0,1,1,1,0
39,0,other,other,sc,2.5,0,0,primary,deen_dayal_disability,0.0,1,1,1,0
39,0,other,other,sc,2.5,0,0,primary,post_matric_sc,0.0,2,1,1,0
39,0,other,other,sc,2.5,0,0,primary,eklavya_model_school,0.0,0,3,1,0
39,0,other,other,sc,2.5,0,0,primary,indira_gandhi_old_age,0.0,1,2,1,0
63,90000,other,female,st,0,1,0,graduate,pm_matru_vandana,100.0,3,0,0,1
63,90000,other,female,st,0,1,0,graduate,mahila_shakti_kendra,100.0,2,0,0,1
63,90000,other,female,st,0,1,0,graduate,ayushman_bharat,100.0,2,0,0,1
63,90000,other,female,st,0,1,0,graduate,pm_suraksha_bima,100.0,2,0,0,0
63,90000,other,female,st,0,1,0,graduate,pm_awas_yojana_gramin,100.0,4,0,0,1
63,90000,other,female,st,0,1,0,graduate,mgnregs,100.0,3,0,0,1
63,90000,other,female,st,0,1,0,graduate,indira_gandhi_old_age,100.0,3,0,0,1
63,90000,other,female,st,0,1,0,graduate,pm_kisan,0.0,3,1,1,0
63,90000,other,female,st,0,1,0,graduate,pm_fasal_bima,0.0,1,2,1,0
63,90000,other,female,st,0,1,0,graduate,kisan_credit_card,0.0,1,2,1,0
63,90000,other,female,st,0,1,0,graduate,national_scholarship_portal,0.0,2,2,1,0
63,90000,other,female,st,0,1,0,graduate,pm_scholarship_scheme,0.0,1,2,1,0
63,90000,other,female,st,0,1,0,graduate,pm_jeevan_jyoti,0.0,1,1,1,0
63,90000,other,female,st,0,1,0,graduate,pm_mudra_yojana,0.0,2,1,1,0
63,90000,other,female,st,0,1,0,graduate,startup_india_seed_fund,0.0,0,2,1,0
63,90000,other,female,st,0,1,0,graduate,deen_dayal_disability,0.0,1,1,1,0
63,90000,other,female,st,0,1,0,graduate,post_matric_sc,0.0,1,2,1,0
63,90000,other,female,st,0,1,0,graduate,eklavya_model_school,0.0,1,2,1,0
21,800000,unemployed,female,st,5,0,0,none,pm_matru_vandana,100.0,3,0,0,1
21,800000,unemployed,female,st,5,0,0,none,pm_suraksha_bima,66.7,1,1,0,0
21,800000,unemployed,female,st,5,0,0,none,pm_jeevan_jyoti,66.7,1,1,0,1
21,800000,unemployed,female,st,5,0,0,none,mgnregs,66.7,2,1,0,1
21,800000,unemployed,female,st,5,0,0,none,mahila_shakti_kendra,60.0,1,1,0,0
21,800000,unemployed,female,st,5,0,0,none,pm_kisan,0.0,2,2,1,0
21,800000,unemployed,female,st,5,0,0,none,pm_fasal_bima,0.0,2,1,1,0
21,800000,unemployed,female,st,5,0,0,none,kisan_credit_card,0.0,2,1,1,0
21,800000,unemployed,female,st,5,0,0,none,national_scholarship_portal,0.0,2,2,1,0
21,800000,unemployed,female,st,5,0,0,none,pm_scholarship_scheme,0.0,1,2,1,0
21,800000,unemployed,female,st,5,0,0,none,ayushman_bharat,0.0,0,2,1,0
21,800000,unemployed,female,st,5,0,0,none,pm_awas_yojana_gramin,0.0,1,3,1,0
21,800000,unemployed,female,st,5,0,0,none,pm_mudra_yojana,0.0,2,1,1,0
21,800000,unemployed,female,st,5,0,0,none,startup_india_seed_fund,0.0,1,1,1,0
21,800000,unemployed,female,st,5,0,0,none,deen_dayal_disability,0.0,0,2,1,0
21,800000,unemployed,female,st,5,0,0,none,post_matric_sc,0.0,0,3,1,0
21,800000,unemployed,female,st,5,0,0,none,eklavya_model_school,0.0,1,2,1,0
21,800000,unemployed,female,st,5,0,0,none,indira_gandhi_old_age,0.0,0,3,1,0
22,150000,self_employed,female,st,8,0,0,graduate,pm_matru_vandana,100.0,3,0,0,1
22,150000,self_employed,female,st,8,0,0,graduate,mahila_shakti_kendra,100.0,2,0,0,1
22,150000,self_employed,female,st,8,0,0,graduate,pm_suraksha_bima,100.0,2,0,0,1
22,150000,self_employed,female,st,8,0,0,graduate,pm_jeevan_jyoti,100.0,2,0,0,1
22,150000,self_employed,female,st,8,0,0,graduate,mgnregs,100.0,3,0,0,1
22,150000,self_employed,female,st,8,0,0,graduate,pm_mudra_yojana,100.0,3,0,0,1
22,150000,self_employed,female,st,8,0,0,graduate,startup_india_seed_fund,100.0,2,0,0,1
22,150000,self_employed,female,st,8,0,0,graduate,pm_kisan,0.0,2,2,1,0
22,150000,self_employed,female,st,8,0,0,graduate,pm_fasal_bima,0.0,2,1,1,0
22,150000,self_employed,female,st,8,0,0,graduate,kisan_credit_card,0.0,2,1,1,0
22,150000,self_employed,female,st,8,0,0,graduate,national_scholarship_portal,0.0,3,1,1,0
22,150000,self_employed,female,st,8,0,0,graduate,pm_scholarship_scheme,0.0,2,1,1,0
22,150000,self_employed,female,st,8,0,0,graduate,ayushman_bharat,0.0,0,2,1,0
22,150000,self_employed,female,st,8,0,0,graduate,pm_awas_yojana_gramin,0.0,2,2,1,0
22,150000,self_employed,female,st,8,0,0,graduate,deen_dayal_disability,0.0,1,1,1,0
22,150000,self_employed,female,st,8,0,0,graduate,post_matric_sc,0.0,1,2,1,0
22,150000,self_employed,female,st,8,0,0,graduate,eklavya_model_school,0.0,1,2,1,0
22,150000,self_employed,female,st,8,0,0,graduate,indira_gandhi_old_age,0.0,0,3,1,0
38,1500000,daily_wage,other,obc,0,1,0,primary,pm_awas_yojana_gramin,71.4,3,1,0,0
38,1500000,daily_wage,other,obc,0,1,0,primary,pm_suraksha_bima,66.7,1,1,0,1
38,1500000,daily_wage,other,obc,0,1,0,primary,pm_jeevan_jyoti,66.7,1,1,0,1
38,1500000,daily_wage,other,obc,0,1,0,primary,mgnregs,66.7,2,1,0,1
38,1500000,daily_wage,other,obc,0,1,0,primary,ayushman_bharat,60.0,1,1,0,0
38,1500000,daily_wage,other,obc,0,1,0,primary,pm_kisan,0.0,2,2,1,0
38,1500000,daily_wage,other,obc,0,1,0,primary,pm_fasal_bima,0.0,1,2,1,0
38,1500000,daily_wage,other,obc,0,1,0,primary,kisan_credit_card,0.0,1,2,1,0
38,1500000,daily_wage,other,obc,0,1,0,primary,pm_matru_vandana,0.0,1,2,1,0
38,1500000,daily_wage,other,obc,0,1,0,primary,mahila_shakti_kendra,0.0,0,2,1,0
38,1500000,daily_wage,other,obc,0,1,0,primary,national_scholarship_portal,0.0,1,3,1,0
38,1500000,daily_wage,other,obc,0,1,0,primary,pm_scholarship_scheme,0.0,0,3,1,0
38,1500000,daily_wage,other,obc,0,1,0,primary,pm_mudra_yojana,0.0,1,2,1,0
38,1500000,daily_wage,other,obc,0,1,0,primary,startup_india_seed_fund,0.0,1,1,1,0
38,1500000,daily_wage,other,obc,0,1,0,primary,deen_dayal_disability,0.0,0,2,1,0
38,1500000,daily_wage,other,obc,0,1,0,primary,post_matric_sc,0.0,0,3,1,0
38,1500000,daily_wage,other,obc,0,1,0,primary,eklavya_model_school,0.0,0,3,1,0
38,1500000,daily_wage,other,obc,0,1,0,primary,indira_gandhi_old_age,0.0,1,2,1,0
21,90000,self_employed,other,obc,8,1,0,none,ayushman_bharat,100.0,2,0,0,1
21,90000,self_employed,other,obc,8,1,0,none,pm_suraksha_bima,100.0,2,0,0,1
21,90000,self_employed,other,obc,8,1,0,none,pm_jeevan_jyoti,100.0,2,0,0,0
21,90000,self_employed,other,obc,8,1,0,none,mgnregs,100.0,3,0,0,1
21,90000,self_employed,other,obc,8,1,0,none,pm_mudra_yojana,100.0,3,0,0,1
21,90000,self_employed,other,obc,8,1,0,none,startup_india_seed_fund,100.0,2,0,0,1
21,90000,self_employed,other,obc,8,1,0,none,pm_awas_yojana_gramin,85.7,3,1,0,1
21,90000,self_employed,other,obc,8,1,0,none,pm_kisan,0.0,2,2,1,0
21,90000,self_employed,other,obc,8,1,0,none,pm_fasal_bima,0.0,2,1,1,0
21,90000,self_employed,other,obc,8,1,0,none,kisan_credit_card,0.0,2,1,1,0
21,90000,self_employed,other,obc,8,1,0,none,pm_matru_vandana,0.0,2,1,1,0
21,90000,self_employed,other,obc,8,1,0,none,mahila_shakti_kendra,0.0,1,1,1,0
21,90000,self_employed,other,obc,8,1,0,none,national_scholarship_portal,0.0,3,1,1,0
21,90000,self_employed,other,obc,8,1,0,none,pm_scholarship_scheme,0.0,2,1,1,0
21,90000,self_employed,other,obc,8,1,0,none,deen_dayal_disability,0.0,1,1,1,0
21,90000,self_employed,other,obc,8,1,0,none,post_matric_sc,0.0,1,2,1,0
21,90000,self_employed,other,obc,8,1,0,none,eklavya_model_school,0.0,0,3,1,0
21,90000,self_employed,other,obc,8,1,0,none,indira_gandhi_old_age,0.0,2,1,1,0
79,150000,student,other,st,1,0,0,none,national_scholarship_portal,87.5,3,1,0,1
79,150000,student,other,st,1,0,0,none,pm_scholarship_scheme,83.3,2,1,0,1
79,150000,student,other,st,1,0,0,none,eklavya_model_school,83.3,2,1,0,1
79,150000,student,other,st,1,0,0,none,mgnregs,66.7,2,1,0,1
79,150000,student,other,st,1,0,0,none,pm_kisan,0.0,3,1,1,0
79,150000,student,other,st,1,0,0,none,pm_fasal_bima,0.0,2,1,1,0
79,150000,student,other,st,1,0,0,none,kisan_credit_card,0.0,1,2,1,0
79,150000,student,other,st,1,0,0,none,pm_matru_vandana,0.0,2,1,1,0
79,150000,student,other,st,1,0,0,none,mahila_shakti_kendra,0.0,1,1,1,0
79,150000,student,other,st,1,0,0,none,ayushman_bharat,0.0,0,2,1,0
79,150000,student,other,st,1,0,0,none,pm_suraksha_bima,0.0,1,1,1,0
79,150000,student,other,st,1,0,0,none,pm_jeevan_jyoti,0.0,1,1,1,0
79,150000,student,other,st,1,0,0,none,pm_awas_yojana_gramin,0.0,3,1,1,0
79,150000,student,other,st,1,0,0,none,pm_mudra_yojana,0.0,1,2,1,0
79,150000,student,other,st,1,0,0,none,startup_india_seed_fund,0.0,0,2,1,0
79,150000,student,other,st,1,0,0,none,deen_dayal_disability,0.0,1,1,1,0
79,150000,student,other,st,1,0,0,none,post_matric_sc,0.0,2,1,1,0
79,150000,student,other,st,1,0,0,none,indira_gandhi_old_age,0.0,1,2,1,0
34,0,unemployed,other,sc,0,1,0,primary,ayushman_bharat,100.0,2,0,0,1
34,0,unemployed,other,sc,0,1,0,primary,pm_suraksha_bima,100.0,2,0,0,1
34,0,unemployed,other,sc,0,1,0,primary,pm_jeevan_jyoti,100.0,2,0,0,1
34,0,unemployed,other,sc,0,1,0,primary,pm_awas_yojana_gramin,100.0,4,0,0,1
34,0,unemployed,other,sc,0,1,0,primary,mgnregs,100.0,3,0,0,1
34,0,unemployed,other,sc,0,1,0,primary,pm_kisan,0.0,3,1,1,0
34,0,unemployed,other,sc,0,1,0,primary,pm_fasal_bima,0.0,1,2,1,0
34,0,unemployed,other,sc,0,1,0,primary,kisan_credit_card,0.0,1,2,1,0
34,0,unemployed,other,sc,0,1,0,primary,pm_matru_vandana,0.0,2,1,1,0
34,0,unemployed,other,sc,0,1,0,primary,mahila_shakti_kendra,0.0,1,1,1,0
34,0,unemployed,other,sc,0,1,0,primary,national_scholarship_portal,0.0,2,2,1,0
34,0,unemployed,other,sc,0,1,0,primary,pm_scholarship_scheme,0.0,1,2,1,0
34,0,unemployed,other,sc,0,1,0,primary,pm_mudra_yojana,0.0,2,1,1,0
34,0,unemployed,other,sc,0,1,0,primary,startup_india_seed_fund,0.0,1,1,1,0
34,0,unemployed,other,sc,0,1,0,primary,deen_dayal_disability,0.0,1,1,1,0
34,0,unemployed,other,sc,0,1,0,primary,post_matric_sc,0.0,2,1,1,0
34,0,unemployed,other,sc,0,1,0,primary,eklavya_model_school,0.0,0,3,1,0
34,0,unemployed,other,sc,0,1,0,primary,indira_gandhi_old_age,0.0,2,1,1,0
54,400000,self_employed,female,general,8,0,0,primary,pm_matru_vandana,100.0,3,0,0,1
54,400000,self_employed,female,general,8,0,0,primary,pm_suraksha_bima,100.0,2,0,0,1
54,400000,self_employed,female,general,8,0,0,primary,pm_mudra_yojana,100.0,3,0,0,1
54,400000,self_employed,female,general,8,0,0,primary,startup_india_seed_fund,75.0,1,1,0,0
54,400000,self_employed,female,general,8,0,0,primary,mgnregs,66.7,2,1,0,0
54,400000,self_employed,female,general,8,0,0,primary,mahila_shakti_kendra,60.0,1,1,0,0
54,400000,self_employed,female,general,8,0,0,primary,pm_kisan,0.0,1,3,1,0
54,400000,self_employed,female,general,8,0,0,primary,pm_fasal_bima,0.0,2,1,1,0
54,400000,self_employed,female,general,8,0,0,primary,kisan_credit_card,0.0,2,1,1,0
54,400000,self_employed,female,general,8,0,0,primary,national_scholarship_portal,0.0,0,4,1,0
54,400000,self_employed,female,general,8,0,0,primary,pm_scholarship_scheme,0.0,1,2,1,0
54,400000,self_employed,female,general,8,0,0,primary,ayushman_bharat,0.0,0,2,1,0
54,400000,self_employed,female,general,8,0,0,primary,pm_jeevan_jyoti,0.0,1,1,1,0
54,400000,self_employed,female,general,8,0,0,primary,pm_awas_yojana_gramin,0.0,1,3,1,0
54,400000,self_employed,female,general,8,0,0,primary,deen_dayal_disability,0.0,0,2,1,0
54,400000,self_employed,female,general,8,0,0,primary,post_matric_sc,0.0,0,3,1,0
54,400000,self_employed,female,general,8,0,0,primary,eklavya_model_school,0.0,0,3,1,0
54,400000,self_employed,female,general,8,0,0,primary,indira_gandhi_old_age,0.0,0,3,1,0
52,800000,daily_wage,female,sc,2.5,0,0,primary,pm_matru_vandana,100.0,3,0,0,1
52,800000,daily_wage,female,sc,2.5,0,0,primary,pm_suraksha_bima,66.7,1,1,0,1
52,800000,daily_wage,female,sc,2.5,0,0,primary,mgnregs,66.7,2,1,0,0
52,800000,daily_wage,female,sc,2.5,0,0,primary,mahila_shakti_kendra,60.0,1,1,0,1
52,800000,daily_wage,female,sc,2.5,0,0,primary,pm_kisan,0.0,2,2,1,0
52,800000,daily_wage,female,sc,2.5,0,0,primary,pm_fasal_bima,0.0,2,1,1,0
52,800000,daily_wage,female,sc,2.5,0,0,primary,kisan_credit_card,0.0,2,1,1,0
52,800000,daily_wage,female,sc,2.5,0,0,primary,national_scholarship_portal,0.0,1,3,1,0
52,800000,daily_wage,female,sc,2.5,0,0,primary,pm_scholarship_scheme,0.0,0,3,1,0
52,800000,daily_wage,female,sc,2.5,0,0,primary,ayushman_bharat,0.0,0,2,1,0
52,800000,daily_wage,female,sc,2.5,0,0,primary,pm_jeevan_jyoti,0.0,0,2,1,0
52,800000,daily_wage,female,sc,2.5,0,0,primary,pm_awas_yojana_gramin,0.0,2,2,1,0
52,800000,daily_wage,female,sc,2.5,0,0,primary,pm_mudra_yojana,0.0,2,1,1,0
52,800000,daily_wage,female,sc,2.5,0,0,primary,startup_india_seed_fund,0.0,0,2,1,0
52,800000,daily_wage,female,sc,2.5,0,0,primary,deen_dayal_disability,0.0,0,2,1,0
52,800000,daily_wage,female,sc,2.5,0,0,primary,post_matric_sc,0.0,1,2,1,0
52,800000,daily_wage,female,sc,2.5,0,0,primary,eklavya_model_school,0.0,0,3,1,0
52,800000,daily_wage,female,sc,2.5,0,0,primary,indira_gandhi_old_age,0.0,0,3,1,0
19,1500000,unemployed,male,obc,1,0,0,postgraduate,pm_suraksha_bima,66.7,1,1,0,1
19,1500000,unemployed,male,obc,1,0,0,postgraduate,pm_jeevan_jyoti,66.7,1,1,0,0
19,1500000,unemployed,male,obc,1,0,0,postgraduate,mgnregs,66.7,2,1,0,1
19,1500000,unemployed,male,obc,1,0,0,postgraduate,pm_kisan,0.0,2,2,1,0
19,1500000,unemployed,male,obc,1,0,0,postgraduate,pm_fasal_bima,0.0,2,1,1,0
19,1500000,unemployed,male,obc,1,0,0,postgraduate,kisan_credit_card,0.0,2,1,1,0
19,1500000,unemployed,male,obc,1,0,0,postgraduate,pm_matru_vandana,0.0,1,2,1,0
19,1500000,unemployed,male,obc,1,0,0,postgraduate,mahila_shakti_kendra,0.0,0,2,1,0
19,1500000,unemployed,male,obc,1,0,0,postgraduate,national_scholarship_portal,0.0,2,2,1,0
19,1500000,unemployed,male,obc,1,0,0,postgraduate,pm_scholarship_scheme,0.0,1,2,1,0
19,1500000,unemployed,male,obc,1,0,0,postgraduate,ayushman_bharat,0.0,0,2,1,0
19,1500000,unemployed,male,obc,1,0,0,postgraduate,pm_awas_yojana_gramin,0.0,2,2,1,0
19,1500000,unemployed,male,obc,1,0,0,postgraduate,pm_mudra_yojana,0.0,1,2,1,0
19,1500000,unemployed,male,obc,1,0,0,postgraduate,startup_india_seed_fund,0.0,1,1,1,0
19,1500000,unemployed,male,obc,1,0,0,postgraduate,deen_dayal_disability,0.0,0,2,1,0
19,1500000,unemployed,male,obc,1,0,0,postgraduate,post_matric_sc,0.0,0,3,1,0
19,1500000,unemployed,male,obc,1,0,0,postgraduate,eklavya_model_school,0.0,0,3,1,0
19,1500000,unemployed,male,obc,1,0,0,postgraduate,indira_gandhi_old_age,0.0,0,3,1,0
57,0,farmer,other,sc,1,0,0,none,pm_kisan,100.0,4,0,0,1
57,0,farmer,other,sc,1,0,0,none,pm_fasal_bima,100.0,3,0,0,1
57,0,farmer,other,sc,1,0,0,none,kisan_credit_card,100.0,3,0,0,1
57,0,farmer,other,sc,1,0,0,none,pm_suraksha_bima,100.0,2,0,0,1
57,0,farmer,other,sc,1,0,0,none,mgnregs,100.0,3,0,0,1
57,0,farmer,other,sc,1,0,0,none,pm_matru_vandana,0.0,2,1,1,0
57,0,farmer,other,sc,1,0,0,none,mahila_shakti_kendra,0.0,1,1,1,0
57,0,farmer,other,sc,1,0,0,none,national_scholarship_portal,0.0,2,2,1,0
57,0,farmer,other,sc,1,0,0,none,pm_scholarship_scheme,0.0,1,2,1,0
57,0,farmer,other,sc,1,0,0,none,ayushman_bharat,0.0,1,1,1,0
57,0,farmer,other,sc,1,0,0,none,pm_jeevan_jyoti,0.0,1,1,1,0
57,0,farmer,other,sc,1,0,0,none,pm_awas_yojana_gramin,0.0,3,1,1,0
57,0,farmer,other,sc,1,0,0,none,pm_mudra_yojana,0.0,2,1,1,0
57,0,farmer,other,sc,1,0,0,none,startup_india_seed_fund,0.0,0,2,1,0
57,0,farmer,other,sc,1,0,0,none,deen_dayal_disability,0.0,1,1,1,0
57,0,farmer,other,sc,1,0,0,none,post_matric_sc,0.0,2,1,1,0
57,0,farmer,other,sc,1,0,0,none,eklavya_model_school,0.0,0,3,1,0
57,0,farmer,other,sc,1,0,0,none,indira_gandhi_old_age,0.0,1,2,1,0
58,1500000,other,female,general,0.5,0,0,postgraduate,pm_matru_vandana,83.3,2,1,0,1
58,1500000,other,female,general,0.5,0,0,postgraduate,pm_suraksha_bima,66.7,1,1,0,0
58,1500000,other,female,general,0.5,0,0,postgraduate,mgnregs,66.7,2,1,0,0
58,1500000,other,female,general,0.5,0,0,postgraduate,mahila_shakti_kendra,60.0,1,1,0,1
58,1500000,other,female,general,0.5,0,0,postgraduate,pm_kisan,0.0,2,2,1,0
58,1500000,other,female,general,0.5,0,0,postgraduate,pm_fasal_bima,0.0,2,1,1,0
58,1500000,other,female,general,0.5,0,0,postgraduate,kisan_credit_card,0.0,2,1,1,0
58,1500000,other,female,general,0.5,0,0,postgraduate,national_scholarship_portal,0.0,0,4,1,0
58,1500000,other,female,general,0.5,0,0,postgraduate,pm_scholarship_scheme,0.0,0,3,1,0
58,1500000,other,female,general,0.5,0,0,postgraduate,ayushman_bharat,0.0,0,2,1,0
58,1500000,other,female,general,0.5,0,0,postgraduate,pm_jeevan_jyoti,0.0,0,2,1,0
58,1500000,other,female,general,0.5,0,0,postgraduate,pm_awas_yojana_gramin,0.0,2,2,1,0
58,1500000,other,female,general,0.5,0,0,postgraduate,pm_mudra_yojana,0.0,1,2,1,0
58,1500000,other,female,general,0.5,0,0,postgraduate,startup_india_seed_fund,0.0,0,2,1,0
58,1500000,other,female,general,0.5,0,0,postgraduate,deen_dayal_disability,0.0,0,2,1,0
58,1500000,other,female,general,0.5,0,0,postgraduate,post_matric_sc,0.0,0,3,1,0
58,1500000,other,female,general,0.5,0,0,postgraduate,eklavya_model_school,0.0,0,3,1,0
58,1500000,other,female,general,0.5,0,0,postgraduate,indira_gandhi_old_age,0.0,0,3,1,0
64,90000,daily_wage,other,st,2.5,1,0,secondary,ayushman_bharat,100.0,2,0,0,1
64,90000,daily_wage,other,st,2.5,1,0,secondary,pm_suraksha_bima,100.0,2,0,0,0
64,90000,daily_wage,other,st,2.5,1,0,secondary,pm_awas_yojana_gramin,100.0,4,0,0,1
64,90000,daily_wage,other,st,2.5,1,0,secondary,mgnregs,100.0,3,0,0,1
64,90000,daily_wage,other,st,2.5,1,0,secondary,indira_gandhi_old_age,100.0,3,0,0,1
64,90000,daily_wage,other,st,2.5,1,0,secondary,pm_kisan,0.0,3,1,1,0
64,90000,daily_wage,other,st,2.5,1,0,secondary,pm_fasal_bima,0.0,2,1,1,0
64,90000,daily_wage,other,st,2.5,1,0,secondary,kisan_credit_card,0.0,2,1,1,0
64,90000,daily_wage,other,st,2.5,1,0,secondary,pm_matru_vandana,0.0,2,1,1,0
64,90000,daily_wage,other,st,2.5,1,0,secondary,mahila_shakti_kendra,0.0,1,1,1,0
64,90000,daily_wage,other,st,2.5,1,0,secondary,national_scholarship_portal,0.0,2,2,1,0
64,90000,daily_wage,other,st,2.5,1,0,secondary,pm_scholarship_scheme,0.0,1,2,1,0
64,90000,daily_wage,other,st,2.5,1,0,secondary,pm_jeevan_jyoti,0.0,1,1,1,0
64,90000,daily_wage,other,st,2.5,1,0,secondary,pm_mudra_yojana,0.0,2,1,1,0
64,90000,daily_wage,other,st,2.5,1,0,secondary,startup_india_seed_fund,0.0,0,2,1,0
64,90000,daily_wage,other,st,2.5,1,0,secondary,deen_dayal_disability,0.0,1,1,1,0
64,90000,daily_wage,other,st,2.5,1,0,secondary,post_matric_sc,0.0,1,2,1,0
64,90000,daily_wage,other,st,2.5,1,0,secondary,eklavya_model_school,0.0,1,2,1,0
20,150000,farmer,female,general,2.5,1,0,graduate,pm_kisan,100.0,4,0,0,1
20,150000,farmer,female,general,2.5,1,0,graduate,pm_fasal_bima,100.0,3,0,0,1
20,150000,farmer,female,general,2.5,1,0,graduate,kisan_credit_card,100.0,3,0,0,1
20,150000,farmer,female,general,2.5,1,0,graduate,pm_matru_vandana,100.0,3,0,0,1
20,150000,farmer,female,general,2.5,1,0,graduate,mahila_shakti_kendra,100.0,2,0,0,1
20,150000,farmer,female,general,2.5,1,0,graduate,pm_suraksha_bima,100.0,2,0,0,1
20,150000,farmer,female,general,2.5,1,0,graduate,pm_jeevan_jyoti,100.0,2,0,0,1
20,150000,farmer,female,general,2.5,1,0,graduate,pm_awas_yojana_gramin,100.0,4,0,0,1
20,150000,farmer,female,general,2.5,1,0,graduate,mgnregs,100.0,3,0,0,1
20,150000,farmer,female,general,2.5,1,0,graduate,ayushman_bharat,60.0,1,1,0,0
20,150000,farmer,female,general,2.5,1,0,graduate,national_scholarship_portal,0.0,2,2,1,0
20,150000,farmer,female,general,2.5,1,0,graduate,pm_scholarship_scheme,0.0,2,1,1,0
20,150000,farmer,female,general,2.5,1,0,graduate,pm_mudra_yojana,0.0,2,1,1,0
20,150000,farmer,female,general,2.5,1,0,graduate,startup_india_seed_fund,0.0,1,1,1,0
20,150000,farmer,female,general,2.5,1,0,graduate,deen_dayal_disability,0.0,1,1,1,0
20,150000,farmer,female,general,2.5,1,0,graduate,post_matric_sc,0.0,1,2,1,0
20,150000,farmer,female,general,2.5,1,0,graduate,eklavya_model_school,0.0,0,3,1,0
20,150000,farmer,female,general,2.5,1,0,graduate,indira_gandhi_old_age,0.0,1,2,1,0
55,0,daily_wage,female,obc,0,1,0,secondary,pm_matru_vandana,100.0,3,0,0,1
55,0,daily_wage,female,obc,0,1,0,secondary,mahila_shakti_kendra,100.0,2,0,0,1
55,0,daily_wage,female,obc,0,1,0,secondary,ayushman_bharat,100.0,2,0,0,1
55,0,daily_wage,female,obc,0,1,0,secondary,pm_suraksha_bima,100.0,2,0,0,1
55,0,daily_wage,female,obc,0,1,0,secondary,pm_awas_yojana_gramin,100.0,4,0,0,1
55,0,daily_wage,female,obc,0,1,0,secondary,mgnregs,100.0,3,0,0,1
55,0,daily_wage,female,obc,0,1,0,secondary,pm_kisan,0.0,3,1,1,0
55,0,daily_wage,female,obc,0,1,0,secondary,pm_fasal_bima,0.0,1,2,1,0
55,0,daily_wage,female,obc,0,1,0,secondary,kisan_credit_card,0.0,1,2,1,0
55,0,daily_wage,female,obc,0,1,0,secondary,national_scholarship_portal,0.0,2,2,1,0
55,0,daily_wage,female,obc,0,1,0,secondary,pm_scholarship_scheme,0.0,1,2,1,0
55,0,daily_wage,female,obc,0,1,0,secondary,pm_jeevan_jyoti,0.0,1,1,1,0
55,0,daily_wage,female,obc,0,1,0,secondary,pm_mudra_yojana,0.0,2,1,1,0
55,0,daily_wage,female,obc,0,1,0,secondary,startup_india_seed_fund,0.0,0,2,1,0
55,0,daily_wage,female,obc,0,1,0,secondary,deen_dayal_disability,0.0,1,1,1,0
55,0,daily_wage,female,obc,0,1,0,secondary,post_matric_sc,0.0,1,2,1,0
55,0,daily_wage,female,obc,0,1,0,secondary,eklavya_model_school,0.0,0,3,1,0
55,0,daily_wage,female,obc,0,1,0,secondary,indira_gandhi_old_age,0.0,2,1,1,0
47,90000,farmer,female,sc,1,1,1,none,pm_kisan,100.0,4,0,0,1
47,90000,farmer,female,sc,1,1,1,none,pm_fasal_bima,100.0,3,0,0,1
47,90000,farmer,female,sc,1,1,1,none,kisan_credit_card,100.0,3,0,0,1
47,90000,farmer,female,sc,1,1,1,none,pm_matru_vandana,100.0,3,0,0,1
47,90000,farmer,female,sc,1,1,1,none,mahila_shakti_kendra,100.0,2,0,0,1
47,90000,farmer,female,sc,1,1,1,none,ayushman_bharat,100.0,2,0,0,1
47,90000,farmer,female,sc,1,1,1,none,pm_suraksha_bima,100.0,2,0,0,1
47,90000,farmer,female,sc,1,1,1,none,pm_jeevan_jyoti,100.0,2,0,0,1
47,90000,farmer,female,sc,1,1,1,none,pm_awas_yojana_gramin,100.0,4,0,0,1
47,90000,farmer,female,sc,1,1,1,none,mgnregs,100.0,3,0,0,1
47,90000,farmer,female,sc,1,1,1,none,deen_dayal_disability,100.0,2,0,0,1
47,90000,farmer,female,sc,1,1,1,none,national_scholarship_portal,0.0,2,2,1,0
47,90000,farmer,female,sc,1,1,1,none,pm_scholarship_scheme,0.0,1,2,1,0
47,90000,farmer,female,sc,1,1,1,none,pm_mudra_yojana,0.0,2,1,1,0
47,90000,farmer,female,sc,1,1,1,none,startup_india_seed_fund,0.0,1,1,1,0
47,90000,farmer,female,sc,1,1,1,none,post_matric_sc,0.0,2,1,1,0
47,90000,farmer,female,sc,1,1,1,none,eklavya_model_school,0.0,0,3,1,0
47,90000,farmer,female,sc,1,1,1,none,indira_gandhi_old_age,0.0,2,1,1,0
75,1500000,student,male,obc,0.5,0,0,secondary,national_scholarship_portal,62.5,2,2,0,1
75,1500000,student,male,obc,0.5,0,0,secondary,pm_scholarship_scheme,50.0,1,2,0,1
75,1500000,student,male,obc,0.5,0,0,secondary,mgnregs,33.3,1,2,0,1
75,1500000,student,male,obc,0.5,0,0,secondary,pm_kisan,0.0,2,2,1,0
75,1500000,student,male,obc,0.5,0,0,secondary,pm_fasal_bima,0.0,2,1,1,0
75,1500000,student,male,obc,0.5,0,0,secondary,kisan_credit_card,0.0,2,1,1,0
75,1500000,student,male,obc,0.5,0,0,secondary,pm_matru_vandana,0.0,1,2,1,0
75,1500000,student,male,obc,0.5,0,0,secondary,mahila_shakti_kendra,0.0,0,2,1,0
75,1500000,student,male,obc,0.5,0,0,secondary,ayushman_bharat,0.0,0,2,1,0
75,1500000,student,male,obc,0.5,0,0,secondary,pm_suraksha_bima,0.0,0,2,1,0
75,1500000,student,male,obc,0.5,0,0,secondary,pm_jeevan_jyoti,0.0,0,2,1,0
75,1500000,student,male,obc,0.5,0,0,secondary,pm_awas_yojana_gramin,0.0,2,2,1,0
75,1500000,student,male,obc,0.5,0,0,secondary,pm_mudra_yojana,0.0,0,3,1,0
75,1500000,student,male,obc,0.5,0,0,secondary,startup_india_seed_fund,0.0,0,2,1,0
75,1500000,student,male,obc,0.5,0,0,secondary,deen_dayal_disability,0.0,0,2,1,0
75,1500000,student,male,obc,0.5,0,0,secondary,post_matric_sc,0.0,1,2,1,0
75,1500000,student,male,obc,0.5,0,0,secondary,eklavya_model_school,0.0,1,2,1,0
75,1500000,student,male,obc,0.5,0,0,secondary,indira_gandhi_old_age,0.0,1,2,1,0
60,90000,daily_wage,male,st,8,1,0,none,ayushman_bharat,100.0,2,0,0,1
60,90000,daily_wage,male,st,8,1,0,none,pm_suraksha_bima,100.0,2,0,0,1
60,90000,daily_wage,male,st,8,1,0,none,mgnregs,100.0,3,0,0,0
60,90000,daily_wage,male,st,8,1,0,none,indira_gandhi_old_age,100.0,3,0,0,1
60,90000,daily_wage,male,st,8,1,0,none,pm_awas_yojana_gramin,85.7,3,1,0,1
60,90000,daily_wage,male,st,8,1,0,none,pm_kisan,0.0,2,2,1,0
60,90000,daily_wage,male,st,8,1,0,none,pm_fasal_bima,0.0,2,1,1,0
60,90000,daily_wage,male,st,8,1,0,none,kisan_credit_card,0.0,2,1,1,0
60,90000,daily_wage,male,st,8,1,0,none,pm_matru_vandana,0.0,2,1,1,0
60,90000,daily_wage,male,st,8,1,0,none,mahila_shakti_kendra,0.0,1,1,1,0
60,90000,daily_wage,male,st,8,1,0,none,national_scholarship_portal,0.0,2,2,1,0
60,90000,daily_wage,male,st,8,1,0,none,pm_scholarship_scheme,0.0,1,2,1,0
60,90000,daily_wage,male,st,8,1,0,none,pm_jeevan_jyoti,0.0,1,1,1,0
60,90000,daily_wage,male,st,8,1,0,none,pm_mudra_yojana,0.0,2,1,1,0
60,90000,daily_wage,male,st,8,1,0,none,startup_india_seed_fund,0.0,0,2,1,0
60,90000,daily_wage,male,st,8,1,0,none,deen_dayal_disability,0.0,1,1,1,0
60,90000,daily_wage,male,st,8,1,0,none,post_matric_sc,0.0,1,2,1,0
60,90000,daily_wage,male,st,8,1,0,none,eklavya_model_school,0.0,1,2,1,0
71,400000,daily_wage,other,obc,5,0,0,postgraduate,mgnregs,66.7,2,1,0,0
71,400000,daily_wage,other,obc,5,0,0,postgraduate,pm_kisan,0.0,2,2,1,0
71,400000,daily_wage,other,obc,5,0,0,postgraduate,pm_fasal_bima,0.0,2,1,1,0
71,400000,daily_wage,other,obc,5,0,0,postgraduate,kisan_credit_card,0.0,2,1,1,0
71,400000,daily_wage,other,obc,5,0,0,postgraduate,pm_matru_vandana,0.0,2,1,1,0
71,400000,daily_wage,other,obc,5,0,0,postgraduate,mahila_shakti_kendra,0.0,0,2,1,0
71,400000,daily_wage,other,obc,5,0,0,postgraduate,national_scholarship_portal,0.0,1,3,1,0
71,400000,daily_wage,other,obc,5,0,0,postgraduate,pm_scholarship_scheme,0.0,1,2,1,0
71,400000,daily_wage,other,obc,5,0,0,postgraduate,ayushman_bharat,0.0,0,2,1,0
71,400000,daily_wage,other,obc,5,0,0,postgraduate,pm_suraksha_bima,0.0,1,1,1,0
71,400000,daily_wage,other,obc,5,0,0,postgraduate,pm_jeevan_jyoti,0.0,1,1,1,0
71,400000,daily_wage,other,obc,5,0,0,postgraduate,pm_awas_yojana_gramin,0.0,1,3,1,0
71,400000,daily_wage,other,obc,5,0,0,postgraduate,pm_mudra_yojana,0.0,1,2,1,0
71,400000,daily_wage,other,obc,5,0,0,postgraduate,startup_india_seed_fund,0.0,0,2,1,0
71,400000,daily_wage,other,obc,5,0,0,postgraduate,deen_dayal_disability,0.0,0,2,1,0
71,400000,daily_wage,other,obc,5,0,0,postgraduate,post_matric_sc,0.0,0,3,1,0
71,400000,daily_wage,other,obc,5,0,0,postgraduate,eklavya_model_school,0.0,0,3,1,0
71,400000,daily_wage,other,obc,5,0,0,postgraduate,indira_gandhi_old_age,0.0,1,2,1,0
57,40000,other,female,obc,1,1,0,postgraduate,pm_matru_vandana,100.0,3,0,0,1
57,40000,other,female,obc,1,1,0,postgraduate,mahila_shakti_kendra,100.0,2,0,0,1
57,40000,other,female,obc,1,1,0,postgraduate,ayushman_bharat,100.0,2,0,0,1
57,40000,other,female,obc,1,1,0,postgraduate,pm_suraksha_bima,100.0,2,0,0,1
57,40000,other,female,obc,1,1,0,postgraduate,pm_awas_yojana_gramin,100.0,4,0,0,1
57,40000,other,female,obc,1,1,0,postgraduate,mgnregs,100.0,3,0,0,1
57,40000,other,female,obc,1,1,0,postgraduate,pm_kisan,0.0,3,1,1,0
57,40000,other,female,obc,1,1,0,postgraduate,pm_fasal_bima,0.0,2,1,1,0
57,40000,other,female,obc,1,1,0,postgraduate,kisan_credit_card,0.0,2,1,1,0
57,40000,other,female,obc,1,1,0,postgraduate,national_scholarship_portal,0.0,2,2,1,0
57,40000,other,female,obc,1,1,0,postgraduate,pm_scholarship_scheme,0.0,1,2,1,0
57,40000,other,female,obc,1,1,0,postgraduate,pm_jeevan_jyoti,0.0,1,1,1,0
57,40000,other,female,obc,1,1,0,postgraduate,pm_mudra_yojana,0.0,2,1,1,0
57,40000,other,female,obc,1,1,0,postgraduate,startup_india_seed_fund,0.0,0,2,1,0
57,40000,other,female,obc,1,1,0,postgraduate,deen_dayal_disability,0.0,1,1,1,0
57,40000,other,female,obc,1,1,0,postgraduate,post_matric_sc,0.0,1,2,1,0
57,40000,other,female,obc,1,1,0,postgraduate,eklavya_model_school,0.0,0,3,1,0
57,40000,other,female,obc,1,1,0,postgraduate,indira_gandhi_old_age,0.0,2,1,1,0
73,150000,student,other,sc,2.5,0,0,graduate,post_matric_sc,100.0,3,0,0,1
73,150000,student,other,sc,2.5,0,0,graduate,national_scholarship_portal,87.5,3,1,0,1
73,150000,student,other,sc,2.5,0,0,graduate,pm_scholarship_scheme,83.3,2,1,0,1
73,150000,student,other,sc,2.5,0,0,graduate,mgnregs,66.7,2,1,0,0
73,150000,student,other,sc,2.5,0,0,graduate,pm_kisan,0.0,3,1,1,0
73,150000,student,other,sc,2.5,0,0,graduate,pm_fasal_bima,0.0,2,1,1,0
73,150000,student,other,sc,2.5,0,0,graduate,kisan_credit_card,0.0,2,1,1,0
73,150000,student,other,sc,2.5,0,0,graduate,pm_matru_vandana,0.0,2,1,1,0
73,150000,student,other,sc,2.5,0,0,graduate,mahila_shakti_kendra,0.0,1,1,1,0
73,150000,student,other,sc,2.5,0,0,graduate,ayushman_bharat,0.0,0,2,1,0
73,150000,student,other,sc,2.5,0,0,graduate,pm_suraksha_bima,0.0,1,1,1,0
73,150000,student,other,sc,2.5,0,0,graduate,pm_jeevan_jyoti,0.0,1,1,1,0
73,150000,student,other,sc,2.5,0,0,graduate,pm_awas_yojana_gramin,0.0,3,1,1,0
73,150000,student,other,sc,2.5,0,0,graduate,pm_mudra_yojana,0.0,1,2,1,0
73,150000,student,other,sc,2.5,0,0,graduate,startup_india_seed_fund,0.0,0,2,1,0
73,150000,student,other,sc,2.5,0,0,graduate,deen_dayal_disability,0.0,1,1,1,0
73,150000,student,other,sc,2.5,0,0,graduate,eklavya_model_school,0.0,1,2,1,0
73,150000,student,other,sc,2.5,0,0,graduate,indira_gandhi_old_age,0.0,1,2,1,0
22,0,unemployed,other,sc,8,1,1,graduate,ayushman_bharat,100.0,2,0,0,1
22,0,unemployed,other,sc,8,1,1,graduate,pm_suraksha_bima,100.0,2,0,0,1
22,0,unemployed,other,sc,8,1,1,graduate,pm_jeevan_jyoti,100.0,2,0,0,1
22,0,unemployed,other,sc,8,1,1,graduate,mgnregs,100.0,3,0,0,1
22,0,unemployed,other,sc,8,1,1,graduate,deen_dayal_disability,100.0,2,0,0,1
22,0,unemployed,other,sc,8,1,1,graduate,pm_awas_yojana_gramin,85.7,3,1,0,1
22,0,unemployed,other,sc,8,1,1,graduate,pm_kisan,0.0,2,2,1,0
22,0,unemployed,other,sc,8,1,1,graduate,pm_fasal_bima,0.0,2,1,1,0
22,0,unemployed,other,sc,8,1,1,graduate,kisan_credit_card,0.0,2,1,1,0
22,0,unemployed,other,sc,8,1,1,graduate,pm_matru_vandana,0.0,2,1,1,0
22,0,unemployed,other,sc,8,1,1,graduate,mahila_shakti_kendra,0.0,1,1,1,0
22,0,unemployed,other,sc,8,1,1,graduate,national_scholarship_portal,0.0,3,1,1,0
22,0,unemployed,other,sc,8,1,1,graduate,pm_scholarship_scheme,0.0,2,1,1,0
22,0,unemployed,other,sc,8,1,1,graduate,pm_mudra_yojana,0.0,2,1,1,0
22,0,unemployed,other,sc,8,1,1,graduate,startup_india_seed_fund,0.0,1,1,1,0
22,0,unemployed,other,sc,8,1,1,graduate,post_matric_sc,0.0,2,1,1,0
22,0,unemployed,other,sc,8,1,1,graduate,eklavya_model_school,0.0,0,3,1,0
22,0,unemployed,other,sc,8,1,1,graduate,indira_gandhi_old_age,0.0,2,1,1,0
32,90000,farmer,male,general,5,0,0,primary,pm_kisan,100.0,4,0,0,1
32,90000,farmer,male,general,5,0,0,primary,pm_fasal_bima,100.0,3,0,0,1
32,90000,farmer,male,general,5,0,0,primary,kisan_credit_card,100.0,3,0,0,1
32,90000,farmer,male,general,5,0,0,primary,pm_suraksha_bima,100.0,2,0,0,1
32,90000,farmer,male,general,5,0,0,primary,pm_jeevan_jyoti,100.0,2,0,0,1
32,90000,farmer,male,general,5,0,0,primary,mgnregs,100.0,3,0,0,1
32,90000,farmer,male,general,5,0,0,primary,pm_matru_vandana,0.0,2,1,1,0
32,90000,farmer,male,general,5,0,0,primary,mahila_shakti_kendra,0.0,1,1,1,0
32,90000,farmer,male,general,5,0,0,primary,national_scholarship_portal,0.0,1,3,1,0
32,90000,farmer,male,general,5,0,0,primary,pm_scholarship_scheme,0.0,1,2,1,0
32,90000,farmer,male,general,5,0,0,primary,ayushman_bharat,0.0,1,1,1,0
32,90000,farmer,male,general,5,0,0,primary,pm_awas_yojana_gramin,0.0,2,2,1,0
32,90000,farmer,male,general,5,0,0,primary,pm_mudra_yojana,0.0,2,1,1,0
32,90000,farmer,male,general,5,0,0,primary,startup_india_seed_fund,0.0,1,1,1,0
32,90000,farmer,male,general,5,0,0,primary,deen_dayal_disability,0.0,1,1,1,0
32,90000,farmer,male,general,5,0,0,primary,post_matric_sc,0.0,1,2,1,0
32,90000,farmer,male,general,5,0,0,primary,eklavya_model_school,0.0,0,3,1,0
32,90000,farmer,male,general,5,0,0,primary,indira_gandhi_old_age,0.0,1,2,1,0
70,0,daily_wage,female,obc,2.5,1,0,postgraduate,pm_matru_vandana,100.0,3,0,0,1
70,0,daily_wage,female,obc,2.5,1,0,postgraduate,mahila_shakti_kendra,100.0,2,0,0,1
70,0,daily_wage,female,obc,2.5,1,0,postgraduate,ayushman_bharat,100.0,2,0,0,1
70,0,daily_wage,female,obc,2.5,1,0,postgraduate,pm_suraksha_bima,100.0,2,0,0,1
70,0,daily_wage,female,obc,2.5,1,0,postgraduate,pm_awas_yojana_gramin,100.0,4,0,0,1
70,0,daily_wage,female,obc,2.5,1,0,postgraduate,mgnregs,100.0,3,0,0,1
70,0,daily_wage,female,obc,2.5,1,0,postgraduate,indira_gandhi_old_age,100.0,3,0,0,1
70,0,daily_wage,female,obc,2.5,1,0,postgraduate,pm_kisan,0.0,3,1,1,0
70,0,daily_wage,female,obc,2.5,1,0,postgraduate,pm_fasal_bima,0.0,2,1,1,0
70,0,daily_wage,female,obc,2.5,1,0,postgraduate,kisan_credit_card,0.0,2,1,1,0
70,0,daily_wage,female,obc,2.5,1,0,postgraduate,national_scholarship_portal,0.0,2,2,1,0
70,0,daily_wage,female,obc,2.5,1,0,postgraduate,pm_scholarship_scheme,0.0,1,2,1,0
70,0,daily_wage,female,obc,2.5,1,0,postgraduate,pm_jeevan_jyoti,0.0,1,1,1,0
70,0,daily_wage,female,obc,2.5,1,0,postgraduate,pm_mudra_yojana,0.0,1,2,1,0
70,0,daily_wage,female,obc,2.5,1,0,postgraduate,startup_india_seed_fund,0.0,0,2,1,0
70,0,daily_wage,female,obc,2.5,1,0,postgraduate,deen_dayal_disability,0.0,1,1,1,0
70,0,daily_wage,female,obc,2.5,1,0,postgraduate,post_matric_sc,0.0,1,2,1,0
70,0,daily_wage,female,obc,2.5,1,0,postgraduate,eklavya_model_school,0.0,0,3,1,0
27,150000,salaried,other,general,5,0,0,postgraduate,pm_suraksha_bima,100.0,2,0,0,1
27,150000,salaried,other,general,5,0,0,postgraduate,pm_jeevan_jyoti,100.0,2,0,0,1
27,150000,salaried,other,general,5,0,0,postgraduate,mgnregs,66.7,2,1,0,1
27,150000,salaried,other,general,5,0,0,postgraduate,pm_kisan,0.0,3,1,1,0
27,150000,salaried,other,general,5,0,0,postgraduate,pm_fasal_bima,0.0,2,1,1,0
27,150000,salaried,other,general,5,0,0,postgraduate,kisan_credit_card,0.0,2,1,1,0
27,150000,salaried,other,general,5,0,0,postgraduate,pm_matru_vandana,0.0,2,1,1,0
27,150000,salaried,other,general,5,0,0,postgraduate,mahila_shakti_kendra,0.0,1,1,1,0
27,150000,salaried,other,general,5,0,0,postgraduate,national_scholarship_portal,0.0,2,2,1,0
27,150000,salaried,other,general,5,0,0,postgraduate,pm_scholarship_scheme,0.0,1,2,1,0
27,150000,salaried,other,general,5,0,0,postgraduate,ayushman_bharat,0.0,0,2,1,0
27,150000,salaried,other,general,5,0,0,postgraduate,pm_awas_yojana_gramin,0.0,2,2,1,0
27,150000,salaried,other,general,5,0,0,postgraduate,pm_mudra_yojana,0.0,2,1,1,0
27,150000,salaried,other,general,5,0,0,postgraduate,startup_india_seed_fund,0.0,1,1,1,0
27,150000,salaried,other,general,5,0,0,postgraduate,deen_dayal_disability,0.0,1,1,1,0
27,150000,salaried,other,general,5,0,0,postgraduate,post_matric_sc,0.0,1,2,1,0
27,150000,salaried,other,general,5,0,0,postgraduate,eklavya_model_school,0.0,0,3,1,0
27,150000,salaried,other,general,5,0,0,postgraduate,indira_gandhi_old_age,0.0,0,3,1,0
58,800000,self_employed,female,sc,0,0,0,secondary,pm_matru_vandana,100.0,3,0,0,1
58,800000,self_employed,female,sc,0,0,0,secondary,pm_mudra_yojana,100.0,3,0,0,1
58,800000,self_employed,female,sc,0,0,0,secondary,startup_india_seed_fund,75.0,1,1,0,1
58,800000,self_employed,female,sc,0,0,0,secondary,pm_suraksha_bima,66.7,1,1,0,1
58,800000,self_employed,female,sc,0,0,0,secondary,mgnregs,66.7,2,1,0,1
58,800000,self_employed,female,sc,0,0,0,secondary,mahila_shakti_kendra,60.0,1,1,0,1
58,800000,self_employed,female,sc,0,0,0,secondary,pm_kisan,0.0,2,2,1,0
58,800000,self_employed,female,sc,0,0,0,secondary,pm_fasal_bima,0.0,1,2,1,0
58,800000,self_employed,female,sc,0,0,0,secondary,kisan_credit_card,0.0,1,2,1,0
58,800000,self_employed,female,sc,0,0,0,secondary,national_scholarship_portal,0.0,1,3,1,0
58,800000,self_employed,female,sc,0,0,0,secondary,pm_scholarship_scheme,0.0,0,3,1,0
58,800000,self_employed,female,sc,0,0,0,secondary,ayushman_bharat,0.0,0,2,1,0
58,800000,self_employed,female,sc,0,0,0,secondary,pm_jeevan_jyoti,0.0,0,2,1,0
58,800000,self_employed,female,sc,0,0,0,secondary,pm_awas_yojana_gramin,0.0,2,2,1,0
58,800000,self_employed,female,sc,0,0,0,secondary,deen_dayal_disability,0.0,0,2,1,0
58,800000,self_employed,female,sc,0,0,0,secondary,post_matric_sc,0.0,1,2,1,0
58,800000,self_employed,female,sc,0,0,0,secondary,eklavya_model_school,0.0,0,3,1,0
58,800000,self_employed,female,sc,0,0,0,secondary,indira_gandhi_old_age,0.0,0,3,1,0
32,250000,self_employed,female,general,0,0,0,primary,pm_matru_vandana,100.0,3,0,0,1
32,250000,self_employed,female,general,0,0,0,primary,mahila_shakti_kendra,100.0,2,0,0,1
32,250000,self_employed,female,general,0,0,0,primary,pm_suraksha_bima,100.0,2,0,0,1
32,250000,self_employed,female,general,0,0,0,primary,pm_jeevan_jyoti,100.0,2,0,0,0
32,250000,self_employed,female,general,0,0,0,primary,pm_mudra_yojana,100.0,3,0,0,1
32,250000,self_employed,female,general,0,0,0,primary,startup_india_seed_fund,100.0,2,0,0,1
32,250000,self_employed,female,general,0,0,0,primary,mgnregs,66.7,2,1,0,1
32,250000,self_employed,female,general,0,0,0,primary,pm_kisan,0.0,2,2,1,0
32,250000,self_employed,female,general,0,0,0,primary,pm_fasal_bima,0.0,1,2,1,0
32,250000,self_employed,female,general,0,0,0,primary,kisan_credit_card,0.0,1,2,1,0
32,250000,self_employed,female,general,0,0,0,primary,national_scholarship_portal,0.0,1,3,1,0
32,250000,self_employed,female,general,0,0,0,primary,pm_scholarship_scheme,0.0,1,2,1,0
32,250000,self_employed,female,general,0,0,0,primary,ayushman_bharat,0.0,0,2,1,0
32,250000,self_employed,female,general,0,0,0,primary,pm_awas_yojana_gramin,0.0,3,1,1,0
32,250000,self_employed,female,general,0,0,0,primary,deen_dayal_disability,0.0,1,1,1,0
32,250000,self_employed,female,general,0,0,0,primary,post_matric_sc,0.0,1,2,1,0
32,250000,self_employed,female,general,0,0,0,primary,eklavya_model_school,0.0,0,3,1,0
32,250000,self_employed,female,general,0,0,0,primary,indira_gandhi_old_age,0.0,0,3,1,0
65,150000,unemployed,female,obc,2.5,0,0,secondary,pm_matru_vandana,100.0,3,0,0,1
65,150000,unemployed,female,obc,2.5,0,0,secondary,mahila_shakti_kendra,100.0,2,0,0,1
65,150000,unemployed,female,obc,2.5,0,0,secondary,pm_suraksha_bima,100.0,2,0,0,1
65,150000,unemployed,female,obc,2.5,0,0,secondary,mgnregs,100.0,3,0,0,1
65,150000,unemployed,female,obc,2.5,0,0,secondary,pm_kisan,0.0,3,1,1,0
65,150000,unemployed,female,obc,2.5,0,0,secondary,pm_fasal_bima,0.0,2,1,1,0
65,150000,unemployed,female,obc,2.5,0,0,secondary,kisan_credit_card,0.0,2,1,1,0
65,150000,unemployed,female,obc,2.5,0,0,secondary,national_scholarship_portal,0.0,2,2,1,0
65,150000,unemployed,female,obc,2.5,0,0,secondary,pm_scholarship_scheme,0.0,1,2,1,0
65,150000,unemployed,female,obc,2.5,0,0,secondary,ayushman_bharat,0.0,0,2,1,0
65,150000,unemployed,female,obc,2.5,0,0,secondary,pm_jeevan_jyoti,0.0,1,1,1,0
65,150000,unemployed,female,obc,2.5,0,0,secondary,pm_awas_yojana_gramin,0.0,3,1,1,0
65,150000,unemployed,female,obc,2.5,0,0,secondary,pm_mudra_yojana,0.0,2,1,1,0
65,150000,unemployed,female,obc,2.5,0,0,secondary,startup_india_seed_fund,0.0,0,2,1,0
65,150000,unemployed,female,obc,2.5,0,0,secondary,deen_dayal_disability,0.0,1,1,1,0
65,150000,unemployed,female,obc,2.5,0,0,secondary,post_matric_sc,0.0,1,2,1,0
65,150000,unemployed,female,obc,2.5,0,0,secondary,eklavya_model_school,0.0,0,3,1,0
65,150000,unemployed,female,obc,2.5,0,0,secondary,indira_gandhi_old_age,0.0,1,2,1,0
65,1500000,self_employed,male,st,0.5,0,0,secondary,pm_mudra_yojana,80.0,2,1,0,1
65,1500000,self_employed,male,st,0.5,0,0,secondary,startup_india_seed_fund,75.0,1,1,0,0
65,1500000,self_employed,male,st,0.5,0,0,secondary,pm_suraksha_bima,66.7,1,1,0,1
65,1500000,self_employed,male,st,0.5,0,0,secondary,mgnregs,66.7,2,1,0,1
65,1500000,self_employed,male,st,0.5,0,0,secondary,pm_kisan,0.0,2,2,1,0
65,1500000,self_employed,male,st,0.5,0,0,secondary,pm_fasal_bima,0.0,2,1,1,0
65,1500000,self_employed,male,st,0.5,0,0,secondary,kisan_credit_card,0.0,2,1,1,0
65,1500000,self_employed,male,st,0.5,0,0,secondary,pm_matru_vandana,0.0,1,2,1,0
65,1500000,self_employed,male,st,0.5,0,0,secondary,mahila_shakti_kendra,0.0,0,2,1,0
65,1500000,self_employed,male,st,0.5,0,0,secondary,national_scholarship_portal,0.0,1,3,1,0
65,1500000,self_employed,male,st,0.5,0,0,secondary,pm_scholarship_scheme,0.0,0,3,1,0
65,1500000,self_employed,male,st,0.5,0,0,secondary,ayushman_bharat,0.0,0,2,1,0
65,1500000,self_employed,male,st,0.5,0,0,secondary,pm_jeevan_jyoti,0.0,0,2,1,0
65,1500000,self_employed,male,st,0.5,0,0,secondary,pm_awas_yojana_gramin,0.0,2,2,1,0
65,1500000,self_employed,male,st,0.5,0,0,secondary,deen_dayal_disability,0.0,0,2,1,0
65,1500000,self_employed,male,st,0.5,0,0,secondary,post_matric_sc,0.0,0,3,1,0
65,1500000,self_employed,male,st,0.5,0,0,secondary,eklavya_model_school,0.0,1,2,1,0
65,1500000,self_employed,male,st,0.5,0,0,secondary,indira_gandhi_old_age,0.0,1,2,1,0
28,250000,unemployed,other,st,8,0,0,postgraduate,pm_suraksha_bima,100.0,2,0,0,1
28,250000,unemployed,other,st,8,0,0,postgraduate,pm_jeevan_jyoti,100.0,2,0,0,1
28,250000,unemployed,other,st,8,0,0,postgraduate,mgnregs,66.7,2,1,0,1
28,250000,unemployed,other,st,8,0,0,postgraduate,pm_kisan,0.0,1,3,1,0
28,250000,unemployed,other,st,8,0,0,postgraduate,pm_fasal_bima,0.0,2,1,1,0
28,250000,unemployed,other,st,8,0,0,postgraduate,kisan_credit_card,0.0,2,1,1,0
28,250000,unemployed,other,st,8,0,0,postgraduate,pm_matru_vandana,0.0,2,1,1,0
28,250000,unemployed,other,st,8,0,0,postgraduate,mahila_shakti_kendra,0.0,1,1,1,0
28,250000,unemployed,other,st,8,0,0,postgraduate,national_scholarship_portal,0.0,3,1,1,0
28,250000,unemployed,other,st,8,0,0,postgraduate,pm_scholarship_scheme,0.0,1,2,1,0
28,250000,unemployed,other,st,8,0,0,postgraduate,ayushman_bharat,0.0,0,2,1,0
28,250000,unemployed,other,st,8,0,0,postgraduate,pm_awas_yojana_gramin,0.0,2,2,1,0
28,250000,unemployed,other,st,8,0,0,postgraduate,pm_mudra_yojana,0.0,2,1,1,0
28,250000,unemployed,other,st,8,0,0,postgraduate,startup_india_seed_fund,0.0,1,1,1,0
28,250000,unemployed,other,st,8,0,0,postgraduate,deen_dayal_disability,0.0,1,1,1,0
28,250000,unemployed,other,st,8,0,0,postgraduate,post_matric_sc,0.0,1,2,1,0
28,250000,unemployed,other,st,8,0,0,postgraduate,eklavya_model_school,0.0,1,2,1,0
28,250000,unemployed,other,st,8,0,0,postgraduate,indira_gandhi_old_age,0.0,0,3,1,0
24,0,salaried,male,general,1,0,0,secondary,pm_suraksha_bima,100.0,2,0,0,1
24,0,salaried,male,general,1,0,0,secondary,pm_jeevan_jyoti,100.0,2,0,0,1
24,0,salaried,male,general,1,0,0,secondary,mgnregs,66.7,2,1,0,1
24,0,salaried,male,general,1,0,0,secondary,pm_kisan,0.0,3,1,1,0
24,0,salaried,male,general,1,0,0,secondary,pm_fasal_bima,0.0,2,1,1,0
24,0,salaried,male,general,1,0,0,secondary,kisan_credit_card,0.0,2,1,1,0
24,0,salaried,male,general,1,0,0,secondary,pm_matru_vandana,0.0,2,1,1,0
24,0,salaried,male,general,1,0,0,secondary,mahila_shakti_kendra,0.0,1,1,1,0
24,0,salaried,male,general,1,0,0,secondary,national_scholarship_portal,0.0,2,2,1,0
24,0,salaried,male,general,1,0,0,secondary,pm_scholarship_scheme,0.0,2,1,1,0
24,0,salaried,male,general,1,0,0,secondary,ayushman_bharat,0.0,1,1,1,0
24,0,salaried,male,general,1,0,0,secondary,pm_awas_yojana_gramin,0.0,3,1,1,0
24,0,salaried,male,general,1,0,0,secondary,pm_mudra_yojana,0.0,2,1,1,0
24,0,salaried,male,general,1,0,0,secondary,startup_india_seed_fund,0.0,1,1,1,0
24,0,salaried,male,general,1,0,0,secondary,deen_dayal_disability,0.0,1,1,1,0
24,0,salaried,male,general,1,0,0,secondary,post_matric_sc,0.0,1,2,1,0
24,0,salaried,male,general,1,0,0,secondary,eklavya_model_school,0.0,0,3,1,0
24,0,salaried,male,general,1,0,0,secondary,indira_gandhi_old_age,0.0,1,2,1,0
31,40000,farmer,other,obc,5,0,0,primary,pm_kisan,100.0,4,0,0,1
31,40000,farmer,other,obc,5,0,0,primary,pm_fasal_bima,100.0,3,0,0,1
31,40000,farmer,other,obc,5,0,0,primary,kisan_credit_card,100.0,3,0,0,1
31,40000,farmer,other,obc,5,0,0,primary,pm_suraksha_bima,100.0,2,0,0,1
31,40000,farmer,other,obc,5,0,0,primary,pm_jeevan_jyoti,100.0,2,0,0,1
31,40000,farmer,other,obc,5,0,0,primary,mgnregs,100.0,3,0,0,1
31,40000,farmer,other,obc,5,0,0,primary,pm_matru_vandana,0.0,2,1,1,0
31,40000,farmer,other,obc,5,0,0,primary,mahila_shakti_kendra,0.0,1,1,1,0
31,40000,farmer,other,obc,5,0,0,primary,national_scholarship_portal,0.0,2,2,1,0
31,40000,farmer,other,obc,5,0,0,primary,pm_scholarship_scheme,0.0,1,2,1,0
31,40000,farmer,other,obc,5,0,0,primary,ayushman_bharat,0.0,1,1,1,0
31,40000,farmer,other,obc,5,0,0,primary,pm_awas_yojana_gramin,0.0,2,2,1,0
31,40000,farmer,other,obc,5,0,0,primary,pm_mudra_yojana,0.0,2,1,1,0
31,40000,farmer,other,obc,5,0,0,primary,startup_india_seed_fund,0.0,1,1,1,0
31,40000,farmer,other,obc,5,0,0,primary,deen_dayal_disability,0.0,1,1,1,0
31,40000,farmer,other,obc,5,0,0,primary,post_matric_sc,0.0,1,2,1,0
31,40000,farmer,other,obc,5,0,0,primary,eklavya_model_school,0.0,0,3,1,0
31,40000,farmer,other,obc,5,0,0,primary,indira_gandhi_old_age,0.0,1,2,1,0
25,250000,other,male,st,0.5,0,0,secondary,pm_suraksha_bima,100.0,2,0,0,1
25,250000,other,male,st,0.5,0,0,secondary,pm_jeevan_jyoti,100.0,2,0,0,1
25,250000,other,male,st,0.5,0,0,secondary,mgnregs,66.7,2,1,0,1
25,250000,other,male,st,0.5,0,0,secondary,pm_kisan,0.0,2,2,1,0
25,250000,other,male,st,0.5,0,0,secondary,pm_fasal_bima,0.0,2,1,1,0
25,250000,other,male,st,0.5,0,0,secondary,kisan_credit_card,0.0,2,1,1,0
25,250000,other,male,st,0.5,0,0,secondary,pm_matru_vandana,0.0,2,1,1,0
25,250000,other,male,st,0.5,0,0,secondary,mahila_shakti_kendra,0.0,1,1,1,0
25,250000,other,male,st,0.5,0,0,secondary,national_scholarship_portal,0.0,3,1,1,0
25,250000,other,male,st,0.5,0,0,secondary,pm_scholarship_scheme,0.0,2,1,1,0
25,250000,other,male,st,0.5,0,0,secondary,ayushman_bharat,0.0,0,2,1,0
25,250000,other,male,st,0.5,0,0,secondary,pm_awas_yojana_gramin,0.0,3,1,1,0
25,250000,other,male,st,0.5,0,0,secondary,pm_mudra_yojana,0.0,2,1,1,0
25,250000,other,male,st,0.5,0,0,secondary,startup_india_seed_fund,0.0,1,1,1,0
25,250000,other,male,st,0.5,0,0,secondary,deen_dayal_disability,0.0,1,1,1,0
25,250000,other,male,st,0.5,0,0,secondary,post_matric_sc,0.0,1,2,1,0
25,250000,other,male,st,0.5,0,0,secondary,eklavya_model_school,0.0,1,2,1,0
25,250000,other,male,st,0.5,0,0,secondary,indira_gandhi_old_age,0.0,0,3,1,0
34,800000,student,other,general,5,1,1,none,pm_suraksha_bima,66.7,1,1,0,1
34,800000,student,other,general,5,1,1,none,pm_jeevan_jyoti,66.7,1,1,0,1
34,800000,student,other,general,5,1,1,none,ayushman_bharat,60.0,1,1,0,1
34,800000,student,other,general,5,1,1,none,deen_dayal_disability,60.0,1,1,0,1
34,800000,student,other,general,5,1,1,none,pm_awas_yojana_gramin,57.1,2,2,0,1
34,800000,student,other,general,5,1,1,none,pm_scholarship_scheme,50.0,1,2,0,0
34,800000,student,other,general,5,1,1,none,national_scholarship_portal,37.5,1,3,0,0
34,800000,student,other,general,5,1,1,none,mgnregs,33.3,1,2,0,0
34,800000,student,other,general,5,1,1,none,pm_kisan,0.0,2,2,1,0
34,800000,student,other,general,5,1,1,none,pm_fasal_bima,0.0,2,1,1,0
34,800000,student,other,general,5,1,1,none,kisan_credit_card,0.0,2,1,1,0
34,800000,student,other,general,5,1,1,none,pm_matru_vandana,0.0,2,1,1,0
34,800000,student,other,general,5,1,1,none,mahila_shakti_kendra,0.0,0,2,1,0
34,800000,student,other,general,5,1,1,none,pm_mudra_yojana,0.0,2,1,1,0
34,800000,student,other,general,5,1,1,none,startup_india_seed_fund,0.0,1,1,1,0
34,800000,student,other,general,5,1,1,none,post_matric_sc,0.0,1,2,1,0
34,800000,student,other,general,5,1,1,none,eklavya_model_school,0.0,1,2,1,0
34,800000,student,other,general,5,1,1,none,indira_gandhi_old_age,0.0,1,2,1,0
24,150000,farmer,female,st,2.5,0,0,secondary,pm_kisan,100.0,4,0,0,1
24,150000,farmer,female,st,2.5,0,0,secondary,pm_fasal_bima,100.0,3,0,0,1
24,150000,farmer,female,st,2.5,0,0,secondary,kisan_credit_card,100.0,3,0,0,0
24,150000,farmer,female,st,2.5,0,0,secondary,pm_matru_vandana,100.0,3,0,0,1
24,150000,farmer,female,st,2.5,0,0,secondary,mahila_shakti_kendra,100.0,2,0,0,1
24,150000,farmer,female,st,2.5,0,0,secondary,pm_suraksha_bima,100.0,2,0,0,1
24,150000,farmer,female,st,2.5,0,0,secondary,pm_jeevan_jyoti,100.0,2,0,0,1
24,150000,farmer,female,st,2.5,0,0,secondary,mgnregs,100.0,3,0,0,1
24,150000,farmer,female,st,2.5,0,0,secondary,national_scholarship_portal,0.0,3,1,1,0
24,150000,farmer,female,st,2.5,0,0,secondary,pm_scholarship_scheme,0.0,2,1,1,0
24,150000,farmer,female,st,2.5,0,0,secondary,ayushman_bharat,0.0,0,2,1,0
24,150000,farmer,female,st,2.5,0,0,secondary,pm_awas_yojana_gramin,0.0,3,1,1,0
24,150000,farmer,female,st,2.5,0,0,secondary,pm_mudra_yojana,0.0,2,1,1,0
24,150000,farmer,female,st,2.5,0,0,secondary,startup_india_seed_fund,0.0,1,1,1,0
24,150000,farmer,female,st,2.5,0,0,secondary,deen_dayal_disability,0.0,1,1,1,0
24,150000,farmer,female,st,2.5,0,0,secondary,post_matric_sc,0.0,1,2,1,0
24,150000,farmer,female,st,2.5,0,0,secondary,eklavya_model_school,0.0,1,2,1,0
24,150000,farmer,female,st,2.5,0,0,secondary,indira_gandhi_old_age,0.0,0,3,1,0
61,1500000,farmer,other,st,0,1,0,postgraduate,pm_kisan,75.0,3,1,0,1
61,1500000,farmer,other,st,0,1,0,postgraduate,indira_gandhi_old_age,75.0,2,1,0,1
61,1500000,farmer,other,st,0,1,0,postgraduate,pm_awas_yojana_gramin,71.4,3,1,0,0
61,1500000,farmer,other,st,0,1,0,postgraduate,pm_fasal_bima,66.7,2,1,0,0
61,1500000,farmer,other,st,0,1,0,postgraduate,kisan_credit_card,66.7,2,1,0,1
61,1500000,farmer,other,st,0,1,0,postgraduate,pm_suraksha_bima,66.7,1,1,0,1
61,1500000,farmer,other,st,0,1,0,postgraduate,mgnregs,66.7,2,1,0,0
61,1500000,farmer,other,st,0,1,0,postgraduate,ayushman_bharat,60.0,1,1,0,1
61,1500000,farmer,other,st,0,1,0,postgraduate,pm_matru_vandana,0.0,1,2,1,0
61,1500000,farmer,other,st,0,1,0,postgraduate,mahila_shakti_kendra,0.0,0,2,1,0
61,1500000,farmer,other,st,0,1,0,postgraduate,national_scholarship_portal,0.0,1,3,1,0
61,1500000,farmer,other,st,0,1,0,postgraduate,pm_scholarship_scheme,0.0,0,3,1,0
61,1500000,farmer,other,st,0,1,0,postgraduate,pm_jeevan_jyoti,0.0,0,2,1,0
61,1500000,farmer,other,st,0,1,0,postgraduate,pm_mudra_yojana,0.0,1,2,1,0
61,1500000,farmer,other,st,0,1,0,postgraduate,startup_india_seed_fund,0.0,0,2,1,0
61,1500000,farmer,other,st,0,1,0,postgraduate,deen_dayal_disability,0.0,0,2,1,0
61,1500000,farmer,other,st,0,1,0,postgraduate,post_matric_sc,0.0,0,3,1,0
61,1500000,farmer,other,st,0,1,0,postgraduate,eklavya_model_school,0.0,1,2,1,0
35,150000,farmer,male,obc,5,1,0,postgraduate,pm_kisan,100.0,4,0,0,1
35,150000,farmer,male,obc,5,1,0,postgraduate,pm_fasal_bima,100.0,3,0,0,1
35,150000,farmer,male,obc,5,1,0,postgraduate,kisan_credit_card,100.0,3,0,0,1
35,150000,farmer,male,obc,5,1,0,postgraduate,pm_suraksha_bima,100.0,2,0,0,1
35,150000,farmer,male,obc,5,1,0,postgraduate,pm_jeevan_jyoti,100.0,2,0,0,1
35,150000,farmer,male,obc,5,1,0,postgraduate,mgnregs,100.0,3,0,0,1
35,150000,farmer,male,obc,5,1,0,postgraduate,pm_awas_yojana_gramin,85.7,3,1,0,1
35,150000,farmer,male,obc,5,1,0,postgraduate,ayushman_bharat,60.0,1,1,0,1
35,150000,farmer,male,obc,5,1,0,postgraduate,pm_matru_vandana,0.0,2,1,1,0
35,150000,farmer,male,obc,5,1,0,postgraduate,mahila_shakti_kendra,0.0,1,1,1,0
35,150000,farmer,male,obc,5,1,0,postgraduate,national_scholarship_portal,0.0,2,2,1,0
35,150000,farmer,male,obc,5,1,0,postgraduate,pm_scholarship_scheme,0.0,1,2,1,0
35,150000,farmer,male,obc,5,1,0,postgraduate,pm_mudra_yojana,0.0,2,1,1,0
35,150000,farmer,male,obc,5,1,0,postgraduate,startup_india_seed_fund,0.0,1,1,1,0
35,150000,farmer,male,obc,5,1,0,postgraduate,deen_dayal_disability,0.0,1,1,1,0
35,150000,farmer,male,obc,5,1,0,postgraduate,post_matric_sc,0.0,1,2,1,0
35,150000,farmer,male,obc,5,1,0,postgraduate,eklavya_model_school,0.0,0,3,1,0
35,150000,farmer,male,obc,5,1,0,postgraduate,indira_gandhi_old_age,0.0,1,2,1,0
59,800000,self_employed,male,obc,8,0,0,none,pm_mudra_yojana,100.0,3,0,0,1
59,800000,self_employed,male,obc,8,0,0,none,startup_india_seed_fund,75.0,1,1,0,1
59,800000,self_employed,male,obc,8,0,0,none,pm_suraksha_bima,66.7,1,1,0,1
59,800000,self_employed,male,obc,8,0,0,none,mgnregs,66.7,2,1,0,0
59,800000,self_employed,male,obc,8,0,0,none,pm_kisan,0.0,1,3,1,0
59,800000,self_employed,male,obc,8,0,0,none,pm_fasal_bima,0.0,2,1,1,0
59,800000,self_employed,male,obc,8,0,0,none,kisan_credit_card,0.0,2,1,1,0
59,800000,self_employed,male,obc,8,0,0,none,pm_matru_vandana,0.0,2,1,1,0
59,800000,self_employed,male,obc,8,0,0,none,mahila_shakti_kendra,0.0,0,2,1,0
59,800000,self_employed,male,obc,8,0,0,none,national_scholarship_portal,0.0,1,3,1,0
59,800000,self_employed,male,obc,8,0,0,none,pm_scholarship_scheme,0.0,0,3,1,0
59,800000,self_employed,male,obc,8,0,0,none,ayushman_bharat,0.0,0,2,1,0
59,800000,self_employed,male,obc,8,0,0,none,pm_jeevan_jyoti,0.0,0,2,1,0
59,800000,self_employed,male,obc,8,0,0,none,pm_awas_yojana_gramin,0.0,1,3,1,0
59,800000,self_employed,male,obc,8,0,0,none,deen_dayal_disability,0.0,0,2,1,0
59,800000,self_employed,male,obc,8,0,0,none,post_matric_sc,0.0,0,3,1,0
59,800000,self_employed,male,obc,8,0,0,none,eklavya_model_school,0.0,0,3,1,0
59,800000,self_employed,male,obc,8,0,0,none,indira_gandhi_old_age,0.0,0,3,1,0
21,90000,farmer,other,st,0,0,1,none,pm_kisan,100.0,4,0,0,1
21,90000,farmer,other,st,0,0,1,none,pm_suraksha_bima,100.0,2,0,0,1
21,90000,farmer,other,st,0,0,1,none,pm_jeevan_jyoti,100.0,2,0,0,1
21,90000,farmer,other,st,0,0,1,none,mgnregs,100.0,3,0,0,1
21,90000,farmer,other,st,0,0,1,none,deen_dayal_disability,100.0,2,0,0,1
21,90000,farmer,other,st,0,0,1,none,pm_fasal_bima,66.7,2,1,0,1
21,90000,farmer,other,st,0,0,1,none,kisan_credit_card,66.7,2,1,0,0
21,90000,farmer,other,st,0,0,1,none,pm_matru_vandana,0.0,2,1,1,0
21,90000,farmer,other,st,0,0,1,none,mahila_shakti_kendra,0.0,1,1,1,0
21,90000,farmer,other,st,0,0,1,none,national_scholarship_portal,0.0,3,1,1,0
21,90000,farmer,other,st,0,0,1,none,pm_scholarship_scheme,0.0,2,1,1,0
21,90000,farmer,other,st,0,0,1,none,ayushman_bharat,0.0,1,1,1,0
21,90000,farmer,other,st,0,0,1,none,pm_awas_yojana_gramin,0.0,3,1,1,0
21,90000,farmer,other,st,0,0,1,none,pm_mudra_yojana,0.0,2,1,1,0
21,90000,farmer,other,st,0,0,1,none,startup_india_seed_fund,0.0,1,1,1,0
21,90000,farmer,other,st,0,0,1,none,post_matric_sc,0.0,1,2,1,0
21,90000,farmer,other,st,0,0,1,none,eklavya_model_school,0.0,1,2,1,0
21,90000,farmer,other,st,0,0,1,none,indira_gandhi_old_age,0.0,1,2,1,0
39,1500000,daily_wage,male,sc,1,1,0,none,pm_awas_yojana_gramin,71.4,3,1,0,0
39,1500000,daily_wage,male,sc,1,1,0,none,pm_suraksha_bima,66.7,1,1,0,1
39,1500000,daily_wage,male,sc,1,1,0,none,pm_jeevan_jyoti,66.7,1,1,0,1
39,1500000,daily_wage,male,sc,1,1,0,none,mgnregs,66.7,2,1,0,1
39,1500000,daily_wage,male,sc,1,1,0,none,ayushman_bharat,60.0,1,1,0,1
39,1500000,daily_wage,male,sc,1,1,0,none,pm_kisan,0.0,2,2,1,0
39,1500000,daily_wage,male,sc,1,1,0,none,pm_fasal_bima,0.0,2,1,1,0
39,1500000,daily_wage,male,sc,1,1,0,none,kisan_credit_card,0.0,2,1,1,0
39,1500000,daily_wage,male,sc,1,1,0,none,pm_matru_vandana,0.0,1,2,1,0
39,1500000,daily_wage,male,sc,1,1,0,none,mahila_shakti_kendra,0.0,0,2,1,0
39,1500000,daily_wage,male,sc,1,1,0,none,national_scholarship_portal,0.0,1,3,1,0
39,1500000,daily_wage,male,sc,1,1,0,none,pm_scholarship_scheme,0.0,0,3,1,0
39,1500000,daily_wage,male,sc,1,1,0,none,pm_mudra_yojana,0.0,1,2,1,0
39,1500000,daily_wage,male,sc,1,1,0,none,startup_india_seed_fund,0.0,1,1,1,0
39,1500000,daily_wage,male,sc,1,1,0,none,deen_dayal_disability,0.0,0,2,1,0
39,1500000,daily_wage,male,sc,1,1,0,none,post_matric_sc,0.0,1,2,1,0
39,1500000,daily_wage,male,sc,1,1,0,none,eklavya_model_school,0.0,0,3,1,0
39,1500000,daily_wage,male,sc,1,1,0,none,indira_gandhi_old_age,0.0,1,2,1,0
76,1500000,student,male,general,5,0,0,secondary,pm_scholarship_scheme,50.0,1,2,0,0
76,1500000,student,male,general,5,0,0,secondary,national_scholarship_portal,37.5,1,3,0,1
76,1500000,student,male,general,5,0,0,secondary,mgnregs,33.3,1,2,0,0
76,1500000,student,male,general,5,0,0,secondary,pm_kisan,0.0,2,2,1,0
76,1500000,student,male,general,5,0,0,secondary,pm_fasal_bima,0.0,2,1,1,0
76,1500000,student,male,general,5,0,0,secondary,kisan_credit_card,0.0,1,2,1,0
76,1500000,student,male,general,5,0,0,secondary,pm_matru_vandana,0.0,1,2,1,0
76,1500000,student,male,general,5,0,0,secondary,mahila_shakti_kendra,0.0,0,2,1,0
76,1500000,student,male,general,5,0,0,secondary,ayushman_bharat,0.0,0,2,1,0
76,1500000,student,male,general,5,0,0,secondary,pm_suraksha_bima,0.0,0,2,1,0
76,1500000,student,male,general,5,0,0,secondary,pm_jeevan_jyoti,0.0,0,2,1,0
76,1500000,student,male,general,5,0,0,secondary,pm_awas_yojana_gramin,0.0,1,3,1,0
76,1500000,student,male,general,5,0,0,secondary,pm_mudra_yojana,0.0,0,3,1,0
76,1500000,student,male,general,5,0,0,secondary,startup_india_seed_fund,0.0,0,2,1,0
76,1500000,student,male,general,5,0,0,secondary,deen_dayal_disability,0.0,0,2,1,0
76,1500000,student,male,general,5,0,0,secondary,post_matric_sc,0.0,1,2,1,0
76,1500000,student,male,general,5,0,0,secondary,eklavya_model_school,0.0,1,2,1,0
76,1500000,student,male,general,5,0,0,secondary,indira_gandhi_old_age,0.0,1,2,1,0
36,0,salaried,other,general,0,0,0,secondary,pm_suraksha_bima,100.0,2,0,0,1
36,0,salaried,other,general,0,0,0,secondary,pm_jeevan_jyoti,100.0,2,0,0,1
36,0,salaried,other,general,0,0,0,secondary,mgnregs,66.7,2,1,0,1
36,0,salaried,other,general,0,0,0,secondary,pm_kisan,0.0,3,1,1,0
36,0,salaried,other,general,0,0,0,secondary,pm_fasal_bima,0.0,1,2,1,0
36,0,salaried,other,general,0,0,0,secondary,kisan_credit_card,0.0,1,2,1,0
36,0,salaried,other,general,0,0,0,secondary,pm_matru_vandana,0.0,2,1,1,0
36,0,salaried,other,general,0,0,0,secondary,mahila_shakti_kendra,0.0,1,1,1,0
36,0,salaried,other,general,0,0,0,secondary,national_scholarship_portal,0.0,1,3,1,0
36,0,salaried,other,general,0,0,0,secondary,pm_scholarship_scheme,0.0,1,2,1,0
36,0,salaried,other,general,0,0,0,secondary,ayushman_bharat,0.0,1,1,1,0
36,0,salaried,other,general,0,0,0,secondary,pm_awas_yojana_gramin,0.0,3,1,1,0
36,0,salaried,other,general,0,0,0,secondary,pm_mudra_yojana,0.0,2,1,1,0
36,0,salaried,other,general,0,0,0,secondary,startup_india_seed_fund,0.0,1,1,1,0
36,0,salaried,other,general,0,0,0,secondary,deen_dayal_disability,0.0,1,1,1,0
36,0,salaried,other,general,0,0,0,secondary,post_matric_sc,0.0,1,2,1,0
36,0,salaried,other,general,0,0,0,secondary,eklavya_model_school,0.0,0,3,1,0
36,0,salaried,other,general,0,0,0,secondary,indira_gandhi_old_age,0.0,1,2,1,0
68,150000,salaried,male,general,2.5,0,0,primary,pm_suraksha_bima,100.0,2,0,0,1
68,150000,salaried,male,general,2.5,0,0,primary,mgnregs,66.7,2,1,0,1
68,150000,salaried,male,general,2.5,0,0,primary,pm_kisan,0.0,3,1,1,0
68,150000,salaried,male,general,2.5,0,0,primary,pm_fasal_bima,0.0,2,1,1,0
68,150000,salaried,male,general,2.5,0,0,primary,kisan_credit_card,0.0,2,1,1,0
68,150000,salaried,male,general,2.5,0,0,primary,pm_matru_vandana,0.0,2,1,1,0
68,150000,salaried,male,general,2.5,0,0,primary,mahila_shakti_kendra,0.0,1,1,1,0
68,150000,salaried,male,general,2.5,0,0,primary,national_scholarship_portal,0.0,1,3,1,0
68,150000,salaried,male,general,2.5,0,0,primary,pm_scholarship_scheme,0.0,1,2,1,0
68,150000,salaried,male,general,2.5,0,0,primary,ayushman_bharat,0.0,0,2,1,0
68,150000,salaried,male,general,2.5,0,0,primary,pm_jeevan_jyoti,0.0,1,1,1,0
68,150000,salaried,male,general,2.5,0,0,primary,pm_awas_yojana_gramin,0.0,3,1,1,0
68,150000,salaried,male,general,2.5,0,0,primary,pm_mudra_yojana,0.0,1,2,1,0
68,150000,salaried,male,general,2.5,0,0,primary,startup_india_seed_fund,0.0,0,2,1,0
68,150000,salaried,male,general,2.5,0,0,primary,deen_dayal_disability,0.0,1,1,1,0
68,150000,salaried,male,general,2.5,0,0,primary,post_matric_sc,0.0,1,2,1,0
68,150000,salaried,male,general,2.5,0,0,primary,eklavya_model_school,0.0,0,3,1,0
68,150000,salaried,male,general,2.5,0,0,primary,indira_gandhi_old_age,0.0,1,2,1,0
40,400000,self_employed,male,sc,0,0,1,primary,pm_suraksha_bima,100.0,2,0,0,1
40,400000,self_employed,male,sc,0,0,1,primary,pm_jeevan_jyoti,100.0,2,0,0,1
40,400000,self_employed,male,sc,0,0,1,primary,pm_mudra_yojana,100.0,3,0,0,1
40,400000,self_employed,male,sc,0,0,1,primary,startup_india_seed_fund,100.0,2,0,0,1
40,400000,self_employed,male,sc,0,0,1,primary,mgnregs,66.7,2,1,0,1
40,400000,self_employed,male,sc,0,0,1,primary,deen_dayal_disability,60.0,1,1,0,0
40,400000,self_employed,male,sc,0,0,1,primary,pm_kisan,0.0,2,2,1,0
40,400000,self_employed,male,sc,0,0,1,primary,pm_fasal_bima,0.0,1,2,1,0
40,400000,self_employed,male,sc,0,0,1,primary,kisan_credit_card,0.0,1,2,1,0
40,400000,self_employed,male,sc,0,0,1,primary,pm_matru_vandana,0.0,2,1,1,0
40,400000,self_employed,male,sc,0,0,1,primary,mahila_shakti_kendra,0.0,0,2,1,0
40,400000,self_employed,male,sc,0,0,1,primary,national_scholarship_portal,0.0,1,3,1,0
40,400000,self_employed,male,sc,0,0,1,primary,pm_scholarship_scheme,0.0,1,2,1,0
40,400000,self_employed,male,sc,0,0,1,primary,ayushman_bharat,0.0,0,2,1,0
40,400000,self_employed,male,sc,0,0,1,primary,pm_awas_yojana_gramin,0.0,2,2,1,0
40,400000,self_employed,male,sc,0,0,1,primary,post_matric_sc,0.0,1,2,1,0
40,400000,self_employed,male,sc,0,0,1,primary,eklavya_model_school,0.0,0,3,1,0
40,400000,self_employed,male,sc,0,0,1,primary,indira_gandhi_old_age,0.0,0,3,1,0
27,800000,other,other,st,2.5,0,0,none,pm_suraksha_bima,66.7,1,1,0,1
27,800000,other,other,st,2.5,0,0,none,pm_jeevan_jyoti,66.7,1,1,0,1
27,800000,other,other,st,2.5,0,0,none,mgnregs,66.7,2,1,0,1
27,800000,other,other,st,2.5,0,0,none,pm_kisan,0.0,2,2,1,0
27,800000,other,other,st,2.5,0,0,none,pm_fasal_bima,0.0,2,1,1,0
27,800000,other,other,st,2.5,0,0,none,kisan_credit_card,0.0,2,1,1,0
27,800000,other,other,st,2.5,0,0,none,pm_matru_vandana,0.0,2,1,1,0
27,800000,other,other,st,2.5,0,0,none,mahila_shakti_kendra,0.0,0,2,1,0
27,800000,other,other,st,2.5,0,0,none,national_scholarship_portal,0.0,2,2,1,0
27,800000,other,other,st,2.5,0,0,none,pm_scholarship_scheme,0.0,0,3,1,0
27,800000,other,other,st,2.5,0,0,none,ayushman_bharat,0.0,0,2,1,0
27,800000,other,other,st,2.5,0,0,none,pm_awas_yojana_gramin,0.0,2,2,1,0
27,800000,other,other,st,2.5,0,0,none,pm_mudra_yojana,0.0,2,1,1,0
27,800000,other,other,st,2.5,0,0,none,startup_india_seed_fund,0.0,1,1,1,0
27,800000,other,other,st,2.5,0,0,none,deen_dayal_disability,0.0,0,2,1,0
27,800000,other,other,st,2.5,0,0,none,post_matric_sc,0.0,0,3,1,0
27,800000,other,other,st,2.5,0,0,none,eklavya_model_school,0.0,1,2,1,0
27,800000,other,other,st,2.5,0,0,none,indira_gandhi_old_age,0.0,0,3,1,0
35,0,salaried,male,general,5,0,1,postgraduate,pm_suraksha_bima,100.0,2,0,0,1
35,0,salaried,male,general,5,0,1,postgraduate,pm_jeevan_jyoti,100.0,2,0,0,1
35,0,salaried,male,general,5,0,1,postgraduate,deen_dayal_disability,100.0,2,0,0,1
35,0,salaried,male,general,5,0,1,postgraduate,mgnregs,66.7,2,1,0,0
35,0,salaried,male,general,5,0,1,postgraduate,pm_kisan,0.0,3,1,1,0
35,0,salaried,male,general,5,0,1,postgraduate,pm_fasal_bima,0.0,2,1,1,0
35,0,salaried,male,general,5,0,1,postgraduate,kisan_credit_card,0.0,2,1,1,0
35,0,salaried,male,general,5,0,1,postgraduate,pm_matru_vandana,0.0,2,1,1,0
35,0,salaried,male,general,5,0,1,postgraduate,mahila_shakti_kendra,0.0,1,1,1,0
35,0,salaried,male,general,5,0,1,postgraduate,national_scholarship_portal,0.0,1,3,1,0
35,0,salaried,male,general,5,0,1,postgraduate,pm_scholarship_scheme,0.0,1,2,1,0
35,0,salaried,male,general,5,0,1,postgraduate,ayushman_bharat,0.0,1,1,1,0
35,0,salaried,male,general,5,0,1,postgraduate,pm_awas_yojana_gramin,0.0,2,2,1,0
35,0,salaried,male,general,5,0,1,postgraduate,pm_mudra_yojana,0.0,2,1,1,0
35,0,salaried,male,general,5,0,1,postgraduate,startup_india_seed_fund,0.0,1,1,1,0
35,0,salaried,male,general,5,0,1,postgraduate,post_matric_sc,0.0,1,2,1,0
35,0,salaried,male,general,5,0,1,postgraduate,eklavya_model_school,0.0,0,3,1,0
35,0,salaried,male,general,5,0,1,postgraduate,indira_gandhi_old_age,0.0,1,2,1,0
43,90000,self_employed,female,obc,0,1,0,primary,pm_matru_vandana,100.0,3,0,0,1
43,90000,self_employed,female,obc,0,1,0,primary,mahila_shakti_kendra,100.0,2,0,0,1
43,90000,self_employed,female,obc,0,1,0,primary,ayushman_bharat,100.0,2,0,0,1
43,90000,self_employed,female,obc,0,1,0,primary,pm_suraksha_bima,100.0,2,0,0,1
43,90000,self_employed,female,obc,0,1,0,primary,pm_jeevan_jyoti,100.0,2,0,0,1
43,90000,self_employed,female,obc,0,1,0,primary,pm_awas_yojana_gramin,100.0,4,0,0,1
43,90000,self_employed,female,obc,0,1,0,primary,mgnregs,100.0,3,0,0,0
43,90000,self_employed,female,obc,0,1,0,primary,pm_mudra_yojana,100.0,3,0,0,1
43,90000,self_employed,female,obc,0,1,0,primary,startup_india_seed_fund,100.0,2,0,0,1
43,90000,self_employed,female,obc,0,1,0,primary,pm_kisan,0.0,3,1,1,0
43,90000,self_employed,female,obc,0,1,0,primary,pm_fasal_bima,0.0,1,2,1,0
43,90000,self_employed,female,obc,0,1,0,primary,kisan_credit_card,0.0,1,2,1,0
43,90000,self_employed,female,obc,0,1,0,primary,national_scholarship_portal,0.0,2,2,1,0
43,90000,self_employed,female,obc,0,1,0,primary,pm_scholarship_scheme,0.0,1,2,1,0
43,90000,self_employed,female,obc,0,1,0,primary,deen_dayal_disability,0.0,1,1,1,0
43,90000,self_employed,female,obc,0,1,0,primary,post_matric_sc,0.0,1,2,1,0
43,90000,self_employed,female,obc,0,1,0,primary,eklavya_model_school,0.0,0,3,1,0
43,90000,self_employed,female,obc,0,1,0,primary,indira_gandhi_old_age,0.0,2,1,1,0
42,40000,daily_wage,female,general,5,0,1,graduate,pm_matru_vandana,100.0,3,0,0,1
42,40000,daily_wage,female,general,5,0,1,graduate,mahila_shakti_kendra,100.0,2,0,0,1
42,40000,daily_wage,female,general,5,0,1,graduate,pm_suraksha_bima,100.0,2,0,0,1
42,40000,daily_wage,female,general,5,0,1,graduate,pm_jeevan_jyoti,100.0,2,0,0,1
42,40000,daily_wage,female,general,5,0,1,graduate,mgnregs,100.0,3,0,0,1
42,40000,daily_wage,female,general,5,0,1,graduate,deen_dayal_disability,100.0,2,0,0,1
42,40000,daily_wage,female,general,5,0,1,graduate,pm_kisan,0.0,3,1,1,0
42,40000,daily_wage,female,general,5,0,1,graduate,pm_fasal_bima,0.0,2,1,1,0
42,40000,daily_wage,female,general,5,0,1,graduate,kisan_credit_card,0.0,2,1,1,0
42,40000,daily_wage,female,general,5,0,1,graduate,national_scholarship_portal,0.0,1,3,1,0
42,40000,daily_wage,female,general,5,0,1,graduate,pm_scholarship_scheme,0.0,1,2,1,0
42,40000,daily_wage,female,general,5,0,1,graduate,ayushman_bharat,0.0,1,1,1,0
42,40000,daily_wage,female,general,5,0,1,graduate,pm_awas_yojana_gramin,0.0,2,2,1,0
42,40000,daily_wage,female,general,5,0,1,graduate,pm_mudra_yojana,0.0,2,1,1,0
42,40000,daily_wage,female,general,5,0,1,graduate,startup_india_seed_fund,0.0,1,1,1,0
42,40000,daily_wage,female,general,5,0,1,graduate,post_matric_sc,0.0,1,2,1,0
42,40000,daily_wage,female,general,5,0,1,graduate,eklavya_model_school,0.0,0,3,1,0
42,40000,daily_wage,female,general,5,0,1,graduate,indira_gandhi_old_age,0.0,1,2,1,0
42,150000,self_employed,female,sc,5,0,1,secondary,pm_matru_vandana,100.0,3,0,0,1
42,150000,self_employed,female,sc,5,0,1,secondary,mahila_shakti_kendra,100.0,2,0,0,1
42,150000,self_employed,female,sc,5,0,1,secondary,pm_suraksha_bima,100.0,2,0,0,1
42,150000,self_employed,female,sc,5,0,1,secondary,pm_jeevan_jyoti,100.0,2,0,0,1
42,150000,self_employed,female,sc,5,0,1,secondary,mgnregs,100.0,3,0,0,1
42,150000,self_employed,female,sc,5,0,1,secondary,pm_mudra_yojana,100.0,3,0,0,0
42,150000,self_employed,female,sc,5,0,1,secondary,startup_india_seed_fund,100.0,2,0,0,1
42,150000,self_employed,female,sc,5,0,1,secondary,deen_dayal_disability,100.0,2,0,0,1
42,150000,self_employed,female,sc,5,0,1,secondary,pm_kisan,0.0,3,1,1,0
42,150000,self_employed,female,sc,5,0,1,secondary,pm_fasal_bima,0.0,2,1,1,0
42,150000,self_employed,female,sc,5,0,1,secondary,kisan_credit_card,0.0,2,1,1,0
42,150000,self_employed,female,sc,5,0,1,secondary,national_scholarship_portal,0.0,2,2,1,0
42,150000,self_employed,female,sc,5,0,1,secondary,pm_scholarship_scheme,0.0,1,2,1,0
42,150000,self_employed,female,sc,5,0,1,secondary,ayushman_bharat,0.0,0,2,1,0
42,150000,self_employed,female,sc,5,0,1,secondary,pm_awas_yojana_gramin,0.0,2,2,1,0
42,150000,self_employed,female,sc,5,0,1,secondary,post_matric_sc,0.0,2,1,1,0
42,150000,self_employed,female,sc,5,0,1,secondary,eklavya_model_school,0.0,0,3,1,0
42,150000,self_employed,female,sc,5,0,1,secondary,indira_gandhi_old_age,0.0,0,3,1,0
66,90000,self_employed,male,general,0.5,1,0,primary,ayushman_bharat,100.0,2,0,0,1
66,90000,self_employed,male,general,0.5,1,0,primary,pm_suraksha_bima,100.0,2,0,0,0
66,90000,self_employed,male,general,0.5,1,0,primary,pm_awas_yojana_gramin,100.0,4,0,0,1
66,90000,self_employed,male,general,0.5,1,0,primary,mgnregs,100.0,3,0,0,1
66,90000,self_employed,male,general,0.5,1,0,primary,indira_gandhi_old_age,100.0,3,0,0,1
66,90000,self_employed,male,general,0.5,1,0,primary,startup_india_seed_fund,75.0,1,1,0,0
66,90000,self_employed,male,general,0.5,1,0,primary,pm_kisan,0.0,3,1,1,0
66,90000,self_employed,male,general,0.5,1,0,primary,pm_fasal_bima,0.0,2,1,1,0
66,90000,self_employed,male,general,0.5,1,0,primary,kisan_credit_card,0.0,2,1,1,0
66,90000,self_employed,male,general,0.5,1,0,primary,pm_matru_vandana,0.0,2,1,1,0
66,90000,self_employed,male,general,0.5,1,0,primary,mahila_shakti_kendra,0.0,1,1,1,0
66,90000,self_employed,male,general,0.5,1,0,primary,national_scholarship_portal,0.0,1,3,1,0
66,90000,self_employed,male,general,0.5,1,0,primary,pm_scholarship_scheme,0.0,1,2,1,0
66,90000,self_employed,male,general,0.5,1,0,primary,pm_jeevan_jyoti,0.0,1,1,1,0
66,90000,self_employed,male,general,0.5,1,0,primary,pm_mudra_yojana,0.0,2,1,1,0
66,90000,self_employed,male,general,0.5,1,0,primary,deen_dayal_disability,0.0,1,1,1,0
66,90000,self_employed,male,general,0.5,1,0,primary,post_matric_sc,0.0,1,2,1,0
66,90000,self_employed,male,general,0.5,1,0,primary,eklavya_model_school,0.0,0,3,1,0
45,400000,salaried,other,sc,5,0,0,postgraduate,pm_suraksha_bima,100.0,2,0,0,1
45,400000,salaried,other,sc,5,0,0,postgraduate,pm_jeevan_jyoti,100.0,2,0,0,1
45,400000,salaried,other,sc,5,0,0,postgraduate,mgnregs,33.3,1,2,0,1
45,400000,salaried,other,sc,5,0,0,postgraduate,pm_kisan,0.0,2,2,1,0
45,400000,salaried,other,sc,5,0,0,postgraduate,pm_fasal_bima,0.0,2,1,1,0
45,400000,salaried,other,sc,5,0,0,postgraduate,kisan_credit_card,0.0,2,1,1,0
45,400000,salaried,other,sc,5,0,0,postgraduate,pm_matru_vandana,0.0,2,1,1,0
45,400000,salaried,other,sc,5,0,0,postgraduate,mahila_shakti_kendra,0.0,0,2,1,0
45,400000,salaried,other,sc,5,0,0,postgraduate,national_scholarship_portal,0.0,1,3,1,0
45,400000,salaried,other,sc,5,0,0,postgraduate,pm_scholarship_scheme,0.0,1,2,1,0
45,400000,salaried,other,sc,5,0,0,postgraduate,ayushman_bharat,0.0,0,2,1,0
45,400000,salaried,other,sc,5,0,0,postgraduate,pm_awas_yojana_gramin,0.0,1,3,1,0
45,400000,salaried,other,sc,5,0,0,postgraduate,pm_mudra_yojana,0.0,2,1,1,0
45,400000,salaried,other,sc,5,0,0,postgraduate,startup_india_seed_fund,0.0,1,1,1,0
45,400000,salaried,other,sc,5,0,0,postgraduate,deen_dayal_disability,0.0,0,2,1,0
45,400000,salaried,other,sc,5,0,0,postgraduate,post_matric_sc,0.0,1,2,1,0
45,400000,salaried,other,sc,5,0,0,postgraduate,eklavya_model_school,0.0,0,3,1,0
45,400000,salaried,other,sc,5,0,0,postgraduate,indira_gandhi_old_age,0.0,0,3,1,0
63,250000,other,male,obc,0.5,0,0,primary,pm_suraksha_bima,100.0,2,0,0,1
63,250000,other,male,obc,0.5,0,0,primary,mgnregs,66.7,2,1,0,0
63,250000,other,male,obc,0.5,0,0,primary,pm_kisan,0.0,2,2,1,0
63,250000,other,male,obc,0.5,0,0,primary,pm_fasal_bima,0.0,2,1,1,0
63,250000,other,male,obc,0.5,0,0,primary,kisan_credit_card,0.0,2,1,1,0
63,250000,other,male,obc,0.5,0,0,primary,pm_matru_vandana,0.0,2,1,1,0
63,250000,other,male,obc,0.5,0,0,primary,mahila_shakti_kendra,0.0,1,1,1,0
63,250000,other,male,obc,0.5,0,0,primary,national_scholarship_portal,0.0,2,2,1,0
63,250000,other,male,obc,0.5,0,0,primary,pm_scholarship_scheme,0.0,1,2,1,0
63,250000,other,male,obc,0.5,0,0,primary,ayushman_bharat,0.0,0,2,1,0
63,250000,other,male,obc,0.5,0,0,primary,pm_jeevan_jyoti,0.0,1,1,1,0
63,250000,other,male,obc,0.5,0,0,primary,pm_awas_yojana_gramin,0.0,3,1,1,0
63,250000,other,male,obc,0.5,0,0,primary,pm_mudra_yojana,0.0,2,1,1,0
63,250000,other,male,obc,0.5,0,0,primary,startup_india_seed_fund,0.0,0,2,1,0
63,250000,other,male,obc,0.5,0,0,primary,deen_dayal_disability,0.0,1,1,1,0
63,250000,other,male,obc,0.5,0,0,primary,post_matric_sc,0.0,1,2,1,0
63,250000,other,male,obc,0.5,0,0,primary,eklavya_model_school,0.0,0,3,1,0
63,250000,other,male,obc,0.5,0,0,primary,indira_gandhi_old_age,0.0,1,2,1,0
35,90000,student,male,general,2.5,1,0,primary,ayushman_bharat,100.0,2,0,0,1
35,90000,student,male,general,2.5,1,0,primary,pm_suraksha_bima,100.0,2,0,0,1
35,90000,student,male,general,2.5,1,0,primary,pm_jeevan_jyoti,100.0,2,0,0,1
35,90000,student,male,general,2.5,1,0,primary,pm_awas_yojana_gramin,100.0,4,0,0,1
35,90000,student,male,general,2.5,1,0,primary,pm_scholarship_scheme,83.3,2,1,0,1
35,90000,student,male,general,2.5,1,0,primary,mgnregs,66.7,2,1,0,1
35,90000,student,male,general,2.5,1,0,primary,national_scholarship_portal,62.5,2,2,0,1
35,90000,student,male,general,2.5,1,0,primary,pm_kisan,0.0,3,1,1,0
35,90000,student,male,general,2.5,1,0,primary,pm_fasal_bima,0.0,2,1,1,0
35,90000,student,male,general,2.5,1,0,primary,kisan_credit_card,0.0,2,1,1,0
35,90000,student,male,general,2.5,1,0,primary,pm_matru_vandana,0.0,2,1,1,0
35,90000,student,male,general,2.5,1,0,primary,mahila_shakti_kendra,0.0,1,1,1,0
35,90000,student,male,general,2.5,1,0,primary,pm_mudra_yojana,0.0,2,1,1,0
35,90000,student,male,general,2.5,1,0,primary,startup_india_seed_fund,0.0,1,1,1,0
35,90000,student,male,general,2.5,1,0,primary,deen_dayal_disability,0.0,1,1,1,0
35,90000,student,male,general,2.5,1,0,primary,post_matric_sc,0.0,2,1,1,0
35,90000,student,male,general,2.5,1,0,primary,eklavya_model_school,0.0,1,2,1,0
35,90000,student,male,general,2.5,1,0,primary,indira_gandhi_old_age,0.0,2,1,1,0
16,400000,unemployed,other,sc,0.5,0,0,postgraduate,pm_kisan,0.0,1,3,1,0
16,400000,unemployed,other,sc,0.5,0,0,postgraduate,pm_fasal_bima,0.0,1,2,1,0
16,400000,unemployed,other,sc,0.5,0,0,postgraduate,kisan_credit_card,0.0,1,2,1,0
16,400000,unemployed,other,sc,0.5,0,0,postgraduate,pm_matru_vandana,0.0,1,2,1,0
16,400000,unemployed,other,sc,0.5,0,0,postgraduate,mahila_shakti_kendra,0.0,0,2,1,0
16,400000,unemployed,other,sc,0.5,0,0,postgraduate,national_scholarship_portal,0.0,2,2,1,0
16,400000,unemployed,other,sc,0.5,0,0,postgraduate,pm_scholarship_scheme,0.0,1,2,1,0
16,400000,unemployed,other,sc,0.5,0,0,postgraduate,ayushman_bharat,0.0,0,2,1,0
16,400000,unemployed,other,sc,0.5,0,0,postgraduate,pm_suraksha_bima,0.0,1,1,1,0
16,400000,unemployed,other,sc,0.5,0,0,postgraduate,pm_jeevan_jyoti,0.0,1,1,1,0
16,400000,unemployed,other,sc,0.5,0,0,postgraduate,pm_awas_yojana_gramin,0.0,1,3,1,0
16,400000,unemployed,other,sc,0.5,0,0,postgraduate,mgnregs,0.0,1,2,1,0
16,400000,unemployed,other,sc,0.5,0,0,postgraduate,pm_mudra_yojana,0.0,1,2,1,0
16,400000,unemployed,other,sc,0.5,0,0,postgraduate,startup_india_seed_fund,0.0,0,2,1,0
16,400000,unemployed,other,sc,0.5,0,0,postgraduate,deen_dayal_disability,0.0,0,2,1,0
16,400000,unemployed,other,sc,0.5,0,0,postgraduate,post_matric_sc,0.0,1,2,1,0
16,400000,unemployed,other,sc,0.5,0,0,postgraduate,eklavya_model_school,0.0,1,2,1,0
16,400000,unemployed,other,sc,0.5,0,0,postgraduate,indira_gandhi_old_age,0.0,0,3,1,0
72,400000,unemployed,male,st,0,0,0,none,mgnregs,66.7,2,1,0,1
72,400000,unemployed,male,st,0,0,0,none,pm_kisan,0.0,2,2,1,0
72,400000,unemployed,male,st,0,0,0,none,pm_fasal_bima,0.0,1,2,1,0
72,400000,unemployed,male,st,0,0,0,none,kisan_credit_card,0.0,1,2,1,0
72,400000,unemployed,male,st,0,0,0,none,pm_matru_vandana,0.0,2,1,1,0
72,400000,unemployed,male,st,0,0,0,none,mahila_shakti_kendra,0.0,0,2,1,0
72,400000,unemployed,male,st,0,0,0,none,national_scholarship_portal,0.0,1,3,1,0
72,400000,unemployed,male,st,0,0,0,none,pm_scholarship_scheme,0.0,1,2,1,0
72,400000,unemployed,male,st,0,0,0,none,ayushman_bharat,0.0,0,2,1,0
72,400000,unemployed,male,st,0,0,0,none,pm_suraksha_bima,0.0,1,1,1,0
72,400000,unemployed,male,st,0,0,0,none,pm_jeevan_jyoti,0.0,1,1,1,0
72,400000,unemployed,male,st,0,0,0,none,pm_awas_yojana_gramin,0.0,2,2,1,0
72,400000,unemployed,male,st,0,0,0,none,pm_mudra_yojana,0.0,1,2,1,0
72,400000,unemployed,male,st,0,0,0,none,startup_india_seed_fund,0.0,0,2,1,0
72,400000,unemployed,male,st,0,0,0,none,deen_dayal_disability,0.0,0,2,1,0
72,400000,unemployed,male,st,0,0,0,none,post_matric_sc,0.0,0,3,1,0
72,400000,unemployed,male,st,0,0,0,none,eklavya_model_school,0.0,1,2,1,0
72,400000,unemployed,male,st,0,0,0,none,indira_gandhi_old_age,0.0,1,2,1,0
61,40000,self_employed,male,obc,2.5,1,0,secondary,ayushman_bharat,100.0,2,0,0,1
61,40000,self_employed,male,obc,2.5,1,0,secondary,pm_suraksha_bima,100.0,2,0,0,1
61,40000,self_employed,male,obc,2.5,1,0,secondary,pm_awas_yojana_gramin,100.0,4,0,0,1
61,40000,self_employed,male,obc,2.5,1,0,secondary,mgnregs,100.0,3,0,0,1
61,40000,self_employed,male,obc,2.5,1,0,secondary,pm_mudra_yojana,100.0,3,0,0,1
61,40000,self_employed,male,obc,2.5,1,0,secondary,indira_gandhi_old_age,100.0,3,0,0,1
61,40000,self_employed,male,obc,2.5,1,0,secondary,startup_india_seed_fund,75.0,1,1,0,0
61,40000,self_employed,male,obc,2.5,1,0,secondary,pm_kisan,0.0,3,1,1,0
61,40000,self_employed,male,obc,2.5,1,0,secondary,pm_fasal_bima,0.0,2,1,1,0
61,40000,self_employed,male,obc,2.5,1,0,secondary,kisan_credit_card,0.0,2,1,1,0
61,40000,self_employed,male,obc,2.5,1,0,secondary,pm_matru_vandana,0.0,2,1,1,0
61,40000,self_employed,male,obc,2.5,1,0,secondary,mahila_shakti_kendra,0.0,1,1,1,0
61,40000,self_employed,male,obc,2.5,1,0,secondary,national_scholarship_portal,0.0,2,2,1,0
61,40000,self_employed,male,obc,2.5,1,0,secondary,pm_scholarship_scheme,0.0,1,2,1,0
61,40000,self_employed,male,obc,2.5,1,0,secondary,pm_jeevan_jyoti,0.0,1,1,1,0
61,40000,self_employed,male,obc,2.5,1,0,secondary,deen_dayal_disability,0.0,1,1,1,0
61,40000,self_employed,male,obc,2.5,1,0,secondary,post_matric_sc,0.0,1,2,1,0
61,40000,self_employed,male,obc,2.5,1,0,secondary,eklavya_model_school,0.0,0,3,1,0
63,800000,self_employed,male,sc,0.5,0,0,postgraduate,pm_mudra_yojana,100.0,3,0,0,0
63,800000,self_employed,male,sc,0.5,0,0,postgraduate,startup_india_seed_fund,75.0,1,1,0,1
63,800000,self_employed,male,sc,0.5,0,0,postgraduate,pm_suraksha_bima,66.7,1,1,0,1
63,800000,self_employed,male,sc,0.5,0,0,postgraduate,mgnregs,66.7,2,1,0,0
63,800000,self_employed,male,sc,0.5,0,0,postgraduate,pm_kisan,0.0,2,2,1,0
63,800000,self_employed,male,sc,0.5,0,0,postgraduate,pm_fasal_bima,0.0,2,1,1,0
63,800000,self_employed,male,sc,0.5,0,0,postgraduate,kisan_credit_card,0.0,2,1,1,0
63,800000,self_employed,male,sc,0.5,0,0,postgraduate,pm_matru_vandana,0.0,2,1,1,0
63,800000,self_employed,male,sc,0.5,0,0,postgraduate,mahila_shakti_kendra,0.0,0,2,1,0
63,800000,self_employed,male,sc,0.5,0,0,postgraduate,national_scholarship_portal,0.0,1,3,1,0
63,800000,self_employed,male,sc,0.5,0,0,postgraduate,pm_scholarship_scheme,0.0,0,3,1,0
63,800000,self_employed,male,sc,0.5,0,0,postgraduate,ayushman_bharat,0.0,0,2,1,0
63,800000,self_employed,male,sc,0.5,0,0,postgraduate,pm_jeevan_jyoti,0.0,0,2,1,0
63,800000,self_employed,male,sc,0.5,0,0,postgraduate,pm_awas_yojana_gramin,0.0,2,2,1,0
63,800000,self_employed,male,sc,0.5,0,0,postgraduate,deen_dayal_disability,0.0,0,2,1,0
63,800000,self_employed,male,sc,0.5,0,0,postgraduate,post_matric_sc,0.0,1,2,1,0
63,800000,self_employed,male,sc,0.5,0,0,postgraduate,eklavya_model_school,0.0,0,3,1,0
63,800000,self_employed,male,sc,0.5,0,0,postgraduate,indira_gandhi_old_age,0.0,1,2,1,0
69,90000,other,other,general,0,0,0,postgraduate,pm_suraksha_bima,100.0,2,0,0,0
69,90000,other,other,general,0,0,0,postgraduate,mgnregs,100.0,3,0,0,1
69,90000,other,other,general,0,0,0,postgraduate,pm_kisan,0.0,3,1,1,0
69,90000,other,other,general,0,0,0,postgraduate,pm_fasal_bima,0.0,1,2,1,0
69,90000,other,other,general,0,0,0,postgraduate,kisan_credit_card,0.0,1,2,1,0
69,90000,other,other,general,0,0,0,postgraduate,pm_matru_vandana,0.0,2,1,1,0
69,90000,other,other,general,0,0,0,postgraduate,mahila_shakti_kendra,0.0,1,1,1,0
69,90000,other,other,general,0,0,0,postgraduate,national_scholarship_portal,0.0,1,3,1,0
69,90000,other,other,general,0,0,0,postgraduate,pm_scholarship_scheme,0.0,1,2,1,0
69,90000,other,other,general,0,0,0,postgraduate,ayushman_bharat,0.0,1,1,1,0
69,90000,other,other,general,0,0,0,postgraduate,pm_jeevan_jyoti,0.0,1,1,1,0
69,90000,other,other,general,0,0,0,postgraduate,pm_awas_yojana_gramin,0.0,3,1,1,0
69,90000,other,other,general,0,0,0,postgraduate,pm_mudra_yojana,0.0,1,2,1,0
69,90000,other,other,general,0,0,0,postgraduate,startup_india_seed_fund,0.0,0,2,1,0
69,90000,other,other,general,0,0,0,postgraduate,deen_dayal_disability,0.0,1,1,1,0
69,90000,other,other,general,0,0,0,postgraduate,post_matric_sc,0.0,1,2,1,0
69,90000,other,other,general,0,0,0,postgraduate,eklavya_model_school,0.0,0,3,1,0
69,90000,other,other,general,0,0,0,postgraduate,indira_gandhi_old_age,0.0,2,1,1,0
68,250000,salaried,male,st,2.5,0,0,primary,pm_suraksha_bima,100.0,2,0,0,1
68,250000,salaried,male,st,2.5,0,0,primary,mgnregs,33.3,1,2,0,1
68,250000,salaried,male,st,2.5,0,0,primary,pm_kisan,0.0,2,2,1,0
68,250000,salaried,male,st,2.5,0,0,primary,pm_fasal_bima,0.0,2,1,1,0
68,250000,salaried,male,st,2.5,0,0,primary,kisan_credit_card,0.0,2,1,1,0
68,250000,salaried,male,st,2.5,0,0,primary,pm_matru_vandana,0.0,2,1,1,0
68,250000,salaried,male,st,2.5,0,0,primary,mahila_shakti_kendra,0.0,1,1,1,0
68,250000,salaried,male,st,2.5,0,0,primary,national_scholarship_portal,0.0,2,2,1,0
68,250000,salaried,male,st,2.5,0,0,primary,pm_scholarship_scheme,0.0,1,2,1,0
68,250000,salaried,male,st,2.5,0,0,primary,ayushman_bharat,0.0,0,2,1,0
68,250000,salaried,male,st,2.5,0,0,primary,pm_jeevan_jyoti,0.0,1,1,1,0
68,250000,salaried,male,st,2.5,0,0,primary,pm_awas_yojana_gramin,0.0,3,1,1,0
68,250000,salaried,male,st,2.5,0,0,primary,pm_mudra_yojana,0.0,1,2,1,0
68,250000,salaried,male,st,2.5,0,0,primary,startup_india_seed_fund,0.0,0,2,1,0
68,250000,salaried,male,st,2.5,0,0,primary,deen_dayal_disability,0.0,1,1,1,0
68,250000,salaried,male,st,2.5,0,0,primary,post_matric_sc,0.0,1,2,1,0
68,250000,salaried,male,st,2.5,0,0,primary,eklavya_model_school,0.0,1,2,1,0
68,250000,salaried,male,st,2.5,0,0,primary,indira_gandhi_old_age,0.0,1,2,1,0
54,1500000,daily_wage,other,st,0,0,0,secondary,pm_suraksha_bima,66.7,1,1,0,0
54,1500000,daily_wage,other,st,0,0,0,secondary,mgnregs,66.7,2,1,0,1
54,1500000,daily_wage,other,st,0,0,0,secondary,pm_kisan,0.0,2,2,1,0
54,1500000,daily_wage,other,st,0,0,0,secondary,pm_fasal_bima,0.0,1,2,1,0
54,1500000,daily_wage,other,st,0,0,0,secondary,kisan_credit_card,0.0,1,2,1,0
54,1500000,daily_wage,other,st,0,0,0,secondary,pm_matru_vandana,0.0,1,2,1,0
54,1500000,daily_wage,other,st,0,0,0,secondary,mahila_shakti_kendra,0.0,0,2,1,0
54,1500000,daily_wage,other,st,0,0,0,secondary,national_scholarship_portal,0.0,1,3,1,0
54,1500000,daily_wage,other,st,0,0,0,secondary,pm_scholarship_scheme,0.0,0,3,1,0
54,1500000,daily_wage,other,st,0,0,0,secondary,ayushman_bharat,0.0,0,2,1,0
54,1500000,daily_wage,other,st,0,0,0,secondary,pm_jeevan_jyoti,0.0,0,2,1,0
54,1500000,daily_wage,other,st,0,0,0,secondary,pm_awas_yojana_gramin,0.0,2,2,1,0
54,1500000,daily_wage,other,st,0,0,0,secondary,pm_mudra_yojana,0.0,1,2,1,0
54,1500000,daily_wage,other,st,0,0,0,secondary,startup_india_seed_fund,0.0,0,2,1,0
54,1500000,daily_wage,other,st,0,0,0,secondary,deen_dayal_disability,0.0,0,2,1,0
54,1500000,daily_wage,other,st,0,0,0,secondary,post_matric_sc,0.0,0,3,1,0
54,1500000,daily_wage,other,st,0,0,0,secondary,eklavya_model_school,0.0,1,2,1,0
54,1500000,daily_wage,other,st,0,0,0,secondary,indira_gandhi_old_age,0.0,0,3,1,0
47,0,farmer,female,st,2.5,0,0,postgraduate,pm_kisan,100.0,4,0,0,1
47,0,farmer,female,st,2.5,0,0,postgraduate,pm_fasal_bima,100.0,3,0,0,1
47,0,farmer,female,st,2.5,0,0,postgraduate,kisan_credit_card,100.0,3,0,0,1
47,0,farmer,female,st,2.5,0,0,postgraduate,pm_matru_vandana,100.0,3,0,0,1
47,0,farmer,female,st,2.5,0,0,postgraduate,mahila_shakti_kendra,100.0,2,0,0,1
47,0,farmer,female,st,2.5,0,0,postgraduate,pm_suraksha_bima,100.0,2,0,0,1
47,0,farmer,female,st,2.5,0,0,postgraduate,pm_jeevan_jyoti,100.0,2,0,0,1
47,0,farmer,female,st,2.5,0,0,postgraduate,mgnregs,100.0,3,0,0,1
47,0,farmer,female,st,2.5,0,0,postgraduate,national_scholarship_portal,0.0,2,2,1,0
47,0,farmer,female,st,2.5,0,0,postgraduate,pm_scholarship_scheme,0.0,1,2,1,0
47,0,farmer,female,st,2.5,0,0,postgraduate,ayushman_bharat,0.0,1,1,1,0
47,0,farmer,female,st,2.5,0,0,postgraduate,pm_awas_yojana_gramin,0.0,3,1,1,0
47,0,farmer,female,st,2.5,0,0,postgraduate,pm_mudra_yojana,0.0,2,1,1,0
47,0,farmer,female,st,2.5,0,0,postgraduate,startup_india_seed_fund,0.0,1,1,1,0
47,0,farmer,female,st,2.5,0,0,postgraduate,deen_dayal_disability,0.0,1,1,1,0
47,0,farmer,female,st,2.5,0,0,postgraduate,post_matric_sc,0.0,1,2,1,0
47,0,farmer,female,st,2.5,0,0,postgraduate,eklavya_model_school,0.0,1,2,1,0
47,0,farmer,female,st,2.5,0,0,postgraduate,indira_gandhi_old_age,0.0,1,2,1,0
61,0,self_employed,female,general,0,0,0,none,pm_matru_vandana,100.0,3,0,0,1
61,0,self_employed,female,general,0,0,0,none,mahila_shakti_kendra,100.0,2,0,0,1
61,0,self_employed,female,general,0,0,0,none,pm_suraksha_bima,100.0,2,0,0,1
61,0,self_employed,female,general,0,0,0,none,mgnregs,100.0,3,0,0,1
61,0,self_employed,female,general,0,0,0,none,pm_mudra_yojana,100.0,3,0,0,1
61,0,self_employed,female,general,0,0,0,none,startup_india_seed_fund,75.0,1,1,0,1
61,0,self_employed,female,general,0,0,0,none,pm_kisan,0.0,3,1,1,0
61,0,self_employed,female,general,0,0,0,none,pm_fasal_bima,0.0,1,2,1,0
61,0,self_employed,female,general,0,0,0,none,kisan_credit_card,0.0,1,2,1,0
61,0,self_employed,female,general,0,0,0,none,national_scholarship_portal,0.0,1,3,1,0
61,0,self_employed,female,general,0,0,0,none,pm_scholarship_scheme,0.0,1,2,1,0
61,0,self_employed,female,general,0,0,0,none,ayushman_bharat,0.0,1,1,1,0
61,0,self_employed,female,general,0,0,0,none,pm_jeevan_jyoti,0.0,1,1,1,0
61,0,self_employed,female,general,0,0,0,none,pm_awas_yojana_gramin,0.0,3,1,1,0
61,0,self_employed,female,general,0,0,0,none,deen_dayal_disability,0.0,1,1,1,0
61,0,self_employed,female,general,0,0,0,none,post_matric_sc,0.0,1,2,1,0
61,0,self_employed,female,general,0,0,0,none,eklavya_model_school,0.0,0,3,1,0
61,0,self_employed,female,general,0,0,0,none,indira_gandhi_old_age,0.0,2,1,1,0
63,1500000,salaried,female,obc,0,1,0,primary,pm_matru_vandana,83.3,2,1,0,0
63,1500000,salaried,female,obc,0,1,0,primary,indira_gandhi_old_age,75.0,2,1,0,1
63,1500000,salaried,female,obc,0,1,0,primary,pm_awas_yojana_gramin,71.4,3,1,0,1
63,1500000,salaried,female,obc,0,1,0,primary,pm_suraksha_bima,66.7,1,1,0,1
63,1500000,salaried,female,obc,0,1,0,primary,mahila_shakti_kendra,60.0,1,1,0,0
63,1500000,salaried,female,obc,0,1,0,primary,ayushman_bharat,60.0,1,1,0,0
63,1500000,salaried,female,obc,0,1,0,primary,mgnregs,33.3,1,2,0,0
63,1500000,salaried,female,obc,0,1,0,primary,pm_kisan,0.0,2,2,1,0
63,1500000,salaried,female,obc,0,1,0,primary,pm_fasal_bima,0.0,1,2,1,0
63,1500000,salaried,female,obc,0,1,0,primary,kisan_credit_card,0.0,1,2,1,0
63,1500000,salaried,female,obc,0,1,0,primary,national_scholarship_portal,0.0,1,3,1,0
63,1500000,salaried,female,obc,0,1,0,primary,pm_scholarship_scheme,0.0,0,3,1,0
63,1500000,salaried,female,obc,0,1,0,primary,pm_jeevan_jyoti,0.0,0,2,1,0
63,1500000,salaried,female,obc,0,1,0,primary,pm_mudra_yojana,0.0,1,2,1,0
63,1500000,salaried,female,obc,0,1,0,primary,startup_india_seed_fund,0.0,0,2,1,0
63,1500000,salaried,female,obc,0,1,0,primary,deen_dayal_disability,0.0,0,2,1,0
63,1500000,salaried,female,obc,0,1,0,primary,post_matric_sc,0.0,0,3,1,0
63,1500000,salaried,female,obc,0,1,0,primary,eklavya_model_school,0.0,0,3,1,0
31,150000,student,other,obc,0,0,0,none,pm_suraksha_bima,100.0,2,0,0,1
31,150000,student,other,obc,0,0,0,none,pm_jeevan_jyoti,100.0,2,0,0,1
31,150000,student,other,obc,0,0,0,none,national_scholarship_portal,87.5,3,1,0,1
31,150000,student,other,obc,0,0,0,none,pm_scholarship_scheme,83.3,2,1,0,0
31,150000,student,other,obc,0,0,0,none,mgnregs,66.7,2,1,0,1
31,150000,student,other,obc,0,0,0,none,pm_kisan,0.0,3,1,1,0
31,150000,student,other,obc,0,0,0,none,pm_fasal_bima,0.0,1,2,1,0
31,150000,student,other,obc,0,0,0,none,kisan_credit_card,0.0,1,2,1,0
31,150000,student,other,obc,0,0,0,none,pm_matru_vandana,0.0,2,1,1,0
31,150000,student,other,obc,0,0,0,none,mahila_shakti_kendra,0.0,1,1,1,0
31,150000,student,other,obc,0,0,0,none,ayushman_bharat,0.0,0,2,1,0
31,150000,student,other,obc,0,0,0,none,pm_awas_yojana_gramin,0.0,3,1,1,0
31,150000,student,other,obc,0,0,0,none,pm_mudra_yojana,0.0,2,1,1,0
31,150000,student,other,obc,0,0,0,none,startup_india_seed_fund,0.0,1,1,1,0
31,150000,student,other,obc,0,0,0,none,deen_dayal_disability,0.0,1,1,1,0
31,150000,student,other,obc,0,0,0,none,post_matric_sc,0.0,2,1,1,0
31,150000,student,other,obc,0,0,0,none,eklavya_model_school,0.0,1,2,1,0
31,150000,student,other,obc,0,0,0,none,indira_gandhi_old_age,0.0,0,3,1,0
31,250000,farmer,male,sc,0,0,0,postgraduate,pm_suraksha_bima,100.0,2,0,0,1
31,250000,farmer,male,sc,0,0,0,postgraduate,pm_jeevan_jyoti,100.0,2,0,0,1
31,250000,farmer,male,sc,0,0,0,postgraduate,pm_kisan,75.0,3,1,0,0
31,250000,farmer,male,sc,0,0,0,postgraduate,pm_fasal_bima,66.7,2,1,0,1
31,250000,farmer,male,sc,0,0,0,postgraduate,kisan_credit_card,66.7,2,1,0,0
31,250000,farmer,male,sc,0,0,0,postgraduate,mgnregs,66.7,2,1,0,1
31,250000,farmer,male,sc,0,0,0,postgraduate,pm_matru_vandana,0.0,2,1,1,0
31,250000,farmer,male,sc,0,0,0,postgraduate,mahila_shakti_kendra,0.0,1,1,1,0
31,250000,farmer,male,sc,0,0,0,postgraduate,national_scholarship_portal,0.0,2,2,1,0
31,250000,farmer,male,sc,0,0,0,postgraduate,pm_scholarship_scheme,0.0,1,2,1,0
31,250000,farmer,male,sc,0,0,0,postgraduate,ayushman_bharat,0.0,0,2,1,0
31,250000,farmer,male,sc,0,0,0,postgraduate,pm_awas_yojana_gramin,0.0,3,1,1,0
31,250000,farmer,male,sc,0,0,0,postgraduate,pm_mudra_yojana,0.0,2,1,1,0
31,250000,farmer,male,sc,0,0,0,postgraduate,startup_india_seed_fund,0.0,1,1,1,0
31,250000,farmer,male,sc,0,0,0,postgraduate,deen_dayal_disability,0.0,1,1,1,0
31,250000,farmer,male,sc,0,0,0,postgraduate,post_matric_sc,0.0,2,1,1,0
31,250000,farmer,male,sc,0,0,0,postgraduate,eklavya_model_school,0.0,0,3,1,0
31,250000,farmer,male,sc,0,0,0,postgraduate,indira_gandhi_old_age,0.0,0,3,1,0
80,40000,farmer,other,general,0,0,0,primary,pm_kisan,100.0,4,0,0,1
80,40000,farmer,other,general,0,0,0,primary,mgnregs,100.0,3,0,0,1
80,40000,farmer,other,general,0,0,0,primary,pm_fasal_bima,66.7,2,1,0,1
80,40000,farmer,other,general,0,0,0,primary,kisan_credit_card,0.0,1,2,1,0
80,40000,farmer,other,general,0,0,0,primary,pm_matru_vandana,0.0,2,1,1,0
80,40000,farmer,other,general,0,0,0,primary,mahila_shakti_kendra,0.0,1,1,1,0
80,40000,farmer,other,general,0,0,0,primary,national_scholarship_portal,0.0,1,3,1,0
80,40000,farmer,other,general,0,0,0,primary,pm_scholarship_scheme,0.0,1,2,1,0
80,40000,farmer,other,general,0,0,0,primary,ayushman_bharat,0.0,1,1,1,0
80,40000,farmer,other,general,0,0,0,primary,pm_suraksha_bima,0.0,1,1,1,0
80,40000,farmer,other,general,0,0,0,primary,pm_jeevan_jyoti,0.0,1,1,1,0
80,40000,farmer,other,general,0,0,0,primary,pm_awas_yojana_gramin,0.0,3,1,1,0
80,40000,farmer,other,general,0,0,0,primary,pm_mudra_yojana,0.0,1,2,1,0
80,40000,farmer,other,general,0,0,0,primary,startup_india_seed_fund,0.0,0,2,1,0
80,40000,farmer,other,general,0,0,0,primary,deen_dayal_disability,0.0,1,1,1,0
80,40000,farmer,other,general,0,0,0,primary,post_matric_sc,0.0,1,2,1,0
80,40000,farmer,other,general,0,0,0,primary,eklavya_model_school,0.0,0,3,1,0
80,40000,farmer,other,general,0,0,0,primary,indira_gandhi_old_age,0.0,2,1,1,0
39,1500000,unemployed,male,obc,1,0,0,graduate,pm_suraksha_bima,66.7,1,1,0,1
39,1500000,unemployed,male,obc,1,0,0,graduate,pm_jeevan_jyoti,66.7,1,1,0,1
39,1500000,unemployed,male,obc,1,0,0,graduate,mgnregs,66.7,2,1,0,1
39,1500000,unemployed,male,obc,1,0,0,graduate,pm_kisan,0.0,2,2,1,0
39,1500000,unemployed,male,obc,1,0,0,graduate,pm_fasal_bima,0.0,2,1,1,0
39,1500000,unemployed,male,obc,1,0,0,graduate,kisan_credit_card,0.0,2,1,1,0
39,1500000,unemployed,male,obc,1,0,0,graduate,pm_matru_vandana,0.0,1,2,1,0
39,1500000,unemployed,male,obc,1,0,0,graduate,mahila_shakti_kendra,0.0,0,2,1,0
39,1500000,unemployed,male,obc,1,0,0,graduate,national_scholarship_portal,0.0,1,3,1,0
39,1500000,unemployed,male,obc,1,0,0,graduate,pm_scholarship_scheme,0.0,0,3,1,0
39,1500000,unemployed,male,obc,1,0,0,graduate,ayushman_bharat,0.0,0,2,1,0
39,1500000,unemployed,male,obc,1,0,0,graduate,pm_awas_yojana_gramin,0.0,2,2,1,0
39,1500000,unemployed,male,obc,1,0,0,graduate,pm_mudra_yojana,0.0,1,2,1,0
39,1500000,unemployed,male,obc,1,0,0,graduate,startup_india_seed_fund,0.0,1,1,1,0
39,1500000,unemployed,male,obc,1,0,0,graduate,deen_dayal_disability,0.0,0,2,1,0
39,1500000,unemployed,male,obc,1,0,0,graduate,post_matric_sc,0.0,0,3,1,0
39,1500000,unemployed,male,obc,1,0,0,graduate,eklavya_model_school,0.0,0,3,1,0
39,1500000,unemployed,male,obc,1,0,0,graduate,indira_gandhi_old_age,0.0,0,3,1,0
52,0,farmer,female,st,1,1,0,secondary,pm_kisan,100.0,4,0,0,1
52,0,farmer,female,st,1,1,0,secondary,pm_fasal_bima,100.0,3,0,0,1
52,0,farmer,female,st,1,1,0,secondary,kisan_credit_card,100.0,3,0,0,1
52,0,farmer,female,st,1,1,0,secondary,pm_matru_vandana,100.0,3,0,0,1
52,0,farmer,female,st,1,1,0,secondary,mahila_shakti_kendra,100.0,2,0,0,1
52,0,farmer,female,st,1,1,0,secondary,ayushman_bharat,100.0,2,0,0,1
52,0,farmer,female,st,1,1,0,secondary,pm_suraksha_bima,100.0,2,0,0,1
52,0,farmer,female,st,1,1,0,secondary,pm_awas_yojana_gramin,100.0,4,0,0,1
52,0,farmer,female,st,1,1,0,secondary,mgnregs,100.0,3,0,0,1
52,0,farmer,female,st,1,1,0,secondary,national_scholarship_portal,0.0,2,2,1,0
52,0,farmer,female,st,1,1,0,secondary,pm_scholarship_scheme,0.0,1,2,1,0
52,0,farmer,female,st,1,1,0,secondary,pm_jeevan_jyoti,0.0,1,1,1,0
52,0,farmer,female,st,1,1,0,secondary,pm_mudra_yojana,0.0,2,1,1,0
52,0,farmer,female,st,1,1,0,secondary,startup_india_seed_fund,0.0,0,2,1,0
52,0,farmer,female,st,1,1,0,secondary,deen_dayal_disability,0.0,1,1,1,0
52,0,farmer,female,st,1,1,0,secondary,post_matric_sc,0.0,1,2,1,0
52,0,farmer,female,st,1,1,0,secondary,eklavya_model_school,0.0,1,2,1,0
52,0,farmer,female,st,1,1,0,secondary,indira_gandhi_old_age,0.0,2,1,1,0
29,90000,farmer,female,obc,0,0,0,none,pm_kisan,100.0,4,0,0,1
29,90000,farmer,female,obc,0,0,0,none,pm_matru_vandana,100.0,3,0,0,1
29,90000,farmer,female,obc,0,0,0,none,mahila_shakti_kendra,100.0,2,0,0,1
29,90000,farmer,female,obc,0,0,0,none,pm_suraksha_bima,100.0,2,0,0,1
29,90000,farmer,female,obc,0,0,0,none,pm_jeevan_jyoti,100.0,2,0,0,1
29,90000,farmer,female,obc,0,0,0,none,mgnregs,100.0,3,0,0,1
29,90000,farmer,female,obc,0,0,0,none,pm_fasal_bima,66.7,2,1,0,1
29,90000,farmer,female,obc,0,0,0,none,kisan_credit_card,66.7,2,1,0,1
29,90000,farmer,female,obc,0,0,0,none,national_scholarship_portal,0.0,3,1,1,0
29,90000,farmer,female,obc,0,0,0,none,pm_scholarship_scheme,0.0,1,2,1,0
29,90000,farmer,female,obc,0,0,0,none,ayushman_bharat,0.0,1,1,1,0
29,90000,farmer,female,obc,0,0,0,none,pm_awas_yojana_gramin,0.0,3,1,1,0
29,90000,farmer,female,obc,0,0,0,none,pm_mudra_yojana,0.0,2,1,1,0
29,90000,farmer,female,obc,0,0,0,none,startup_india_seed_fund,0.0,1,1,1,0
29,90000,farmer,female,obc,0,0,0,none,deen_dayal_disability,0.0,1,1,1,0
29,90000,farmer,female,obc,0,0,0,none,post_matric_sc,0.0,1,2,1,0
29,90000,farmer,female,obc,0,0,0,none,eklavya_model_school,0.0,0,3,1,0
29,90000,farmer,female,obc,0,0,0,none,indira_gandhi_old_age,0.0,1,2,1,0
48,1500000,salaried,male,obc,0,0,0,graduate,pm_suraksha_bima,66.7,1,1,0,1
48,1500000,salaried,male,obc,0,0,0,graduate,pm_jeevan_jyoti,66.7,1,1,0,1
48,1500000,salaried,male,obc,0,0,0,graduate,mgnregs,33.3,1,2,0,1
48,1500000,salaried,male,obc,0,0,0,graduate,pm_kisan,0.0,2,2,1,0
48,1500000,salaried,male,obc,0,0,0,graduate,pm_fasal_bima,0.0,1,2,1,0
48,1500000,salaried,male,obc,0,0,0,graduate,kisan_credit_card,0.0,1,2,1,0
48,1500000,salaried,male,obc,0,0,0,graduate,pm_matru_vandana,0.0,1,2,1,0
48,1500000,salaried,male,obc,0,0,0,graduate,mahila_shakti_kendra,0.0,0,2,1,0
48,1500000,salaried,male,obc,0,0,0,graduate,national_scholarship_portal,0.0,1,3,1,0
48,1500000,salaried,male,obc,0,0,0,graduate,pm_scholarship_scheme,0.0,0,3,1,0
48,1500000,salaried,male,obc,0,0,0,graduate,ayushman_bharat,0.0,0,2,1,0
48,1500000,salaried,male,obc,0,0,0,graduate,pm_awas_yojana_gramin,0.0,2,2,1,0
48,1500000,salaried,male,obc,0,0,0,graduate,pm_mudra_yojana,0.0,1,2,1,0
48,1500000,salaried,male,obc,0,0,0,graduate,startup_india_seed_fund,0.0,1,1,1,0
48,1500000,salaried,male,obc,0,0,0,graduate,deen_dayal_disability,0.0,0,2,1,0
48,1500000,salaried,male,obc,0,0,0,graduate,post_matric_sc,0.0,0,3,1,0
48,1500000,salaried,male,obc,0,0,0,graduate,eklavya_model_school,0.0,0,3,1,0
48,1500000,salaried,male,obc,0,0,0,graduate,indira_gandhi_old_age,0.0,0,3,1,0
25,1500000,other,female,obc,5,0,0,postgraduate,pm_matru_vandana,83.3,2,1,0,1
25,1500000,other,female,obc,5,0,0,postgraduate,pm_suraksha_bima,66.7,1,1,0,0
25,1500000,other,female,obc,5,0,0,postgraduate,pm_jeevan_jyoti,66.7,1,1,0,0
25,1500000,other,female,obc,5,0,0,postgraduate,mgnregs,66.7,2,1,0,1
25,1500000,other,female,obc,5,0,0,postgraduate,mahila_shakti_kendra,60.0,1,1,0,1
25,1500000,other,female,obc,5,0,0,postgraduate,pm_kisan,0.0,2,2,1,0
25,1500000,other,female,obc,5,0,0,postgraduate,pm_fasal_bima,0.0,2,1,1,0
25,1500000,other,female,obc,5,0,0,postgraduate,kisan_credit_card,0.0,2,1,1,0
25,1500000,other,female,obc,5,0,0,postgraduate,national_scholarship_portal,0.0,2,2,1,0
25,1500000,other,female,obc,5,0,0,postgraduate,pm_scholarship_scheme,0.0,1,2,1,0
25,1500000,other,female,obc,5,0,0,postgraduate,ayushman_bharat,0.0,0,2,1,0
25,1500000,other,female,obc,5,0,0,postgraduate,pm_awas_yojana_gramin,0.0,1,3,1,0
25,1500000,other,female,obc,5,0,0,postgraduate,pm_mudra_yojana,0.0,1,2,1,0
25,1500000,other,female,obc,5,0,0,postgraduate,startup_india_seed_fund,0.0,1,1,1,0
25,1500000,other,female,obc,5,0,0,postgraduate,deen_dayal_disability,0.0,0,2,1,0
25,1500000,other,female,obc,5,0,0,postgraduate,post_matric_sc,0.0,0,3,1,0
25,1500000,other,female,obc,5,0,0,postgraduate,eklavya_model_school,0.0,0,3,1,0
25,1500000,other,female,obc,5,0,0,postgraduate,indira_gandhi_old_age,0.0,0,3,1,0
20,0,student,other,sc,0,0,0,graduate,national_scholarship_portal,100.0,4,0,0,1
20,0,student,other,sc,0,0,0,graduate,pm_scholarship_scheme,100.0,3,0,0,1
20,0,student,other,sc,0,0,0,graduate,pm_suraksha_bima,100.0,2,0,0,1
20,0,student,other,sc,0,0,0,graduate,pm_jeevan_jyoti,100.0,2,0,0,1
20,0,student,other,sc,0,0,0,graduate,post_matric_sc,100.0,3,0,0,1
20,0,student,other,sc,0,0,0,graduate,mgnregs,66.7,2,1,0,1
20,0,student,other,sc,0,0,0,graduate,pm_kisan,0.0,3,1,1,0
20,0,student,other,sc,0,0,0,graduate,pm_fasal_bima,0.0,1,2,1,0
20,0,student,other,sc,0,0,0,graduate,kisan_credit_card,0.0,1,2,1,0
20,0,student,other,sc,0,0,0,graduate,pm_matru_vandana,0.0,2,1,1,0
20,0,student,other,sc,0,0,0,graduate,mahila_shakti_kendra,0.0,1,1,1,0
20,0,student,other,sc,0,0,0,graduate,ayushman_bharat,0.0,1,1,1,0
20,0,student,other,sc,0,0,0,graduate,pm_awas_yojana_gramin,0.0,3,1,1,0
20,0,student,other,sc,0,0,0,graduate,pm_mudra_yojana,0.0,2,1,1,0
20,0,student,other,sc,0,0,0,graduate,startup_india_seed_fund,0.0,1,1,1,0
20,0,student,other,sc,0,0,0,graduate,deen_dayal_disability,0.0,1,1,1,0
20,0,student,other,sc,0,0,0,graduate,eklavya_model_school,0.0,1,2,1,0
20,0,student,other,sc,0,0,0,graduate,indira_gandhi_old_age,0.0,1,2,1,0
61,250000,self_employed,male,general,0,1,0,postgraduate,pm_suraksha_bima,100.0,2,0,0,1
61,250000,self_employed,male,general,0,1,0,postgraduate,pm_awas_yojana_gramin,100.0,4,0,0,1
61,250000,self_employed,male,general,0,1,0,postgraduate,pm_mudra_yojana,100.0,3,0,0,1
61,250000,self_employed,male,general,0,1,0,postgraduate,startup_india_seed_fund,75.0,1,1,0,1
61,250000,self_employed,male,general,0,1,0,postgraduate,indira_gandhi_old_age,75.0,2,1,0,1
61,250000,self_employed,male,general,0,1,0,postgraduate,mgnregs,66.7,2,1,0,0
61,250000,self_employed,male,general,0,1,0,postgraduate,ayushman_bharat,60.0,1,1,0,1
61,250000,self_employed,male,general,0,1,0,postgraduate,pm_kisan,0.0,2,2,1,0
61,250000,self_employed,male,general,0,1,0,postgraduate,pm_fasal_bima,0.0,1,2,1,0
61,250000,self_employed,male,general,0,1,0,postgraduate,kisan_credit_card,0.0,1,2,1,0
61,250000,self_employed,male,general,0,1,0,postgraduate,pm_matru_vandana,0.0,2,1,1,0
61,250000,self_employed,male,general,0,1,0,postgraduate,mahila_shakti_kendra,0.0,1,1,1,0
61,250000,self_employed,male,general,0,1,0,postgraduate,national_scholarship_portal,0.0,1,3,1,0
61,250000,self_employed,male,general,0,1,0,postgraduate,pm_scholarship_scheme,0.0,1,2,1,0
61,250000,self_employed,male,general,0,1,0,postgraduate,pm_jeevan_jyoti,0.0,1,1,1,0
61,250000,self_employed,male,general,0,1,0,postgraduate,deen_dayal_disability,0.0,1,1,1,0
61,250000,self_employed,male,general,0,1,0,postgraduate,post_matric_sc,0.0,1,2,1,0
61,250000,self_employed,male,general,0,1,0,postgraduate,eklavya_model_school,0.0,0,3,1,0
37,0,daily_wage,female,general,5,0,0,graduate,pm_matru_vandana,100.0,3,0,0,1
37,0,daily_wage,female,general,5,0,0,graduate,mahila_shakti_kendra,100.0,2,0,0,1
37,0,daily_wage,female,general,5,0,0,graduate,pm_suraksha_bima,100.0,2,0,0,1
37,0,daily_wage,female,general,5,0,0,graduate,pm_jeevan_jyoti,100.0,2,0,0,1
37,0,daily_wage,female,general,5,0,0,graduate,mgnregs,100.0,3,0,0,1
37,0,daily_wage,female,general,5,0,0,graduate,pm_kisan,0.0,3,1,1,0
37,0,daily_wage,female,general,5,0,0,graduate,pm_fasal_bima,0.0,2,1,1,0
37,0,daily_wage,female,general,5,0,0,graduate,kisan_credit_card,0.0,2,1,1,0
37,0,daily_wage,female,general,5,0,0,graduate,national_scholarship_portal,0.0,1,3,1,0
37,0,daily_wage,female,general,5,0,0,graduate,pm_scholarship_scheme,0.0,1,2,1,0
37,0,daily_wage,female,general,5,0,0,graduate,ayushman_bharat,0.0,1,1,1,0
37,0,daily_wage,female,general,5,0,0,graduate,pm_awas_yojana_gramin,0.0,2,2,1,0
37,0,daily_wage,female,general,5,0,0,graduate,pm_mudra_yojana,0.0,2,1,1,0
37,0,daily_wage,female,general,5,0,0,graduate,startup_india_seed_fund,0.0,1,1,1,0
37,0,daily_wage,female,general,5,0,0,graduate,deen_dayal_disability,0.0,1,1,1,0
37,0,daily_wage,female,general,5,0,0,graduate,post_matric_sc,0.0,1,2,1,0
37,0,daily_wage,female,general,5,0,0,graduate,eklavya_model_school,0.0,0,3,1,0
37,0,daily_wage,female,general,5,0,0,graduate,indira_gandhi_old_age,0.0,1,2,1,0
79,400000,student,other,sc,1,1,0,none,pm_scholarship_scheme,83.3,2,1,0,1
79,400000,student,other,sc,1,1,0,none,indira_gandhi_old_age,75.0,2,1,0,1
79,400000,student,other,sc,1,1,0,none,pm_awas_yojana_gramin,71.4,3,1,0,0
79,400000,student,other,sc,1,1,0,none,post_matric_sc,71.4,2,1,0,0
79,400000,student,other,sc,1,1,0,none,national_scholarship_portal,62.5,2,2,0,1
79,400000,student,other,sc,1,1,0,none,ayushman_bharat,60.0,1,1,0,0
79,400000,student,other,sc,1,1,0,none,mgnregs,33.3,1,2,0,1
79,400000,student,other,sc,1,1,0,none,pm_kisan,0.0,2,2,1,0
79,400000,student,other,sc,1,1,0,none,pm_fasal_bima,0.0,2,1,1,0
79,400000,student,other,sc,1,1,0,none,kisan_credit_card,0.0,1,2,1,0
79,400000,student,other,sc,1,1,0,none,pm_matru_vandana,0.0,2,1,1,0
79,400000,student,other,sc,1,1,0,none,mahila_shakti_kendra,0.0,0,2,1,0
79,400000,student,other,sc,1,1,0,none,pm_suraksha_bima,0.0,1,1,1,0
79,400000,student,other,sc,1,1,0,none,pm_jeevan_jyoti,0.0,1,1,1,0
79,400000,student,other,sc,1,1,0,none,pm_mudra_yojana,0.0,1,2,1,0
79,400000,student,other,sc,1,1,0,none,startup_india_seed_fund,0.0,0,2,1,0
79,400000,student,other,sc,1,1,0,none,deen_dayal_disability,0.0,0,2,1,0
79,400000,student,other,sc,1,1,0,none,eklavya_model_school,0.0,1,2,1,0
25,250000,daily_wage,female,st,2.5,0,0,secondary,pm_matru_vandana,100.0,3,0,0,1
25,250000,daily_wage,female,st,2.5,0,0,secondary,mahila_shakti_kendra,100.0,2,0,0,1
25,250000,daily_wage,female,st,2.5,0,0,secondary,pm_suraksha_bima,100.0,2,0,0,1
25,250000,daily_wage,female,st,2.5,0,0,secondary,pm_jeevan_jyoti,100.0,2,0,0,1
25,250000,daily_wage,female,st,2.5,0,0,secondary,mgnregs,66.7,2,1,0,0
25,250000,daily_wage,female,st,2.5,0,0,secondary,pm_kisan,0.0,2,2,1,0
25,250000,daily_wage,female,st,2.5,0,0,secondary,pm_fasal_bima,0.0,2,1,1,0
25,250000,daily_wage,female,st,2.5,0,0,secondary,kisan_credit_card,0.0,2,1,1,0
25,250000,daily_wage,female,st,2.5,0,0,secondary,national_scholarship_portal,0.0,3,1,1,0
25,250000,daily_wage,female,st,2.5,0,0,secondary,pm_scholarship_scheme,0.0,2,1,1,0
25,250000,daily_wage,female,st,2.5,0,0,secondary,ayushman_bharat,0.0,0,2,1,0
25,250000,daily_wage,female,st,2.5,0,0,secondary,pm_awas_yojana_gramin,0.0,3,1,1,0
25,250000,daily_wage,female,st,2.5,0,0,secondary,pm_mudra_yojana,0.0,2,1,1,0
25,250000,daily_wage,female,st,2.5,0,0,secondary,startup_india_seed_fund,0.0,1,1,1,0
25,250000,daily_wage,female,st,2.5,0,0,secondary,deen_dayal_disability,0.0,1,1,1,0
25,250000,daily_wage,female,st,2.5,0,0,secondary,post_matric_sc,0.0,1,2,1,0
25,250000,daily_wage,female,st,2.5,0,0,secondary,eklavya_model_school,0.0,1,2,1,0
25,250000,daily_wage,female,st,2.5,0,0,secondary,indira_gandhi_old_age,0.0,0,3,1,0
50,800000,daily_wage,other,general,0,0,0,primary,pm_suraksha_bima,66.7,1,1,0,1
50,800000,daily_wage,other,general,0,0,0,primary,pm_jeevan_jyoti,66.7,1,1,0,0
50,800000,daily_wage,other,general,0,0,0,primary,mgnregs,66.7,2,1,0,0
50,800000,daily_wage,other,general,0,0,0,primary,pm_kisan,0.0,2,2,1,0
50,800000,daily_wage,other,general,0,0,0,primary,pm_fasal_bima,0.0,1,2,1,0
50,800000,daily_wage,other,general,0,0,0,primary,kisan_credit_card,0.0,1,2,1,0
50,800000,daily_wage,other,general,0,0,0,primary,pm_matru_vandana,0.0,2,1,1,0
50,800000,daily_wage,other,general,0,0,0,primary,mahila_shakti_kendra,0.0,0,2,1,0
50,800000,daily_wage,other,general,0,0,0,primary,national_scholarship_portal,0.0,0,4,1,0
50,800000,daily_wage,other,general,0,0,0,primary,pm_scholarship_scheme,0.0,0,3,1,0
50,800000,daily_wage,other,general,0,0,0,primary,ayushman_bharat,0.0,0,2,1,0
50,800000,daily_wage,other,general,0,0,0,primary,pm_awas_yojana_gramin,0.0,2,2,1,0
50,800000,daily_wage,other,general,0,0,0,primary,pm_mudra_yojana,0.0,2,1,1,0
50,800000,daily_wage,other,general,0,0,0,primary,startup_india_seed_fund,0.0,1,1,1,0
50,800000,daily_wage,other,general,0,0,0,primary,deen_dayal_disability,0.0,0,2,1,0
50,800000,daily_wage,other,general,0,0,0,primary,post_matric_sc,0.0,0,3,1,0
50,800000,daily_wage,other,general,0,0,0,primary,eklavya_model_school,0.0,0,3,1,0
50,800000,daily_wage,other,general,0,0,0,primary,indira_gandhi_old_age,0.0,0,3,1,0
50,250000,unemployed,male,sc,2.5,1,0,primary,pm_suraksha_bima,100.0,2,0,0,1
50,250000,unemployed,male,sc,2.5,1,0,primary,pm_jeevan_jyoti,100.0,2,0,0,1
50,250000,unemployed,male,sc,2.5,1,0,primary,pm_awas_yojana_gramin,100.0,4,0,0,1
50,250000,unemployed,male,sc,2.5,1,0,primary,mgnregs,66.7,2,1,0,1
50,250000,unemployed,male,sc,2.5,1,0,primary,ayushman_bharat,60.0,1,1,0,1
50,250000,unemployed,male,sc,2.5,1,0,primary,pm_kisan,0.0,2,2,1,0
50,250000,unemployed,male,sc,2.5,1,0,primary,pm_fasal_bima,0.0,2,1,1,0
50,250000,unemployed,male,sc,2.5,1,0,primary,kisan_credit_card,0.0,2,1,1,0
50,250000,unemployed,male,sc,2.5,1,0,primary,pm_matru_vandana,0.0,2,1,1,0
50,250000,unemployed,male,sc,2.5,1,0,primary,mahila_shakti_kendra,0.0,1,1,1,0
50,250000,unemployed,male,sc,2.5,1,0,primary,national_scholarship_portal,0.0,2,2,1,0
50,250000,unemployed,male,sc,2.5,1,0,primary,pm_scholarship_scheme,0.0,1,2,1,0
50,250000,unemployed,male,sc,2.5,1,0,primary,pm_mudra_yojana,0.0,2,1,1,0
50,250000,unemployed,male,sc,2.5,1,0,primary,startup_india_seed_fund,0.0,1,1,1,0
50,250000,unemployed,male,sc,2.5,1,0,primary,deen_dayal_disability,0.0,1,1,1,0
50,250000,unemployed,male,sc,2.5,1,0,primary,post_matric_sc,0.0,2,1,1,0
50,250000,unemployed,male,sc,2.5,1,0,primary,eklavya_model_school,0.0,0,3,1,0
50,250000,unemployed,male,sc,2.5,1,0,primary,indira_gandhi_old_age,0.0,1,2,1,0
51,90000,unemployed,male,st,0,0,1,postgraduate,pm_suraksha_bima,100.0,2,0,0,1
51,90000,unemployed,male,st,0,0,1,postgraduate,mgnregs,100.0,3,0,0,1
51,90000,unemployed,male,st,0,0,1,postgraduate,deen_dayal_disability,100.0,2,0,0,1
51,90000,unemployed,male,st,0,0,1,postgraduate,pm_kisan,0.0,3,1,1,0
51,90000,unemployed,male,st,0,0,1,postgraduate,pm_fasal_bima,0.0,1,2,1,0
51,90000,unemployed,male,st,0,0,1,postgraduate,kisan_credit_card,0.0,1,2,1,0
51,90000,unemployed,male,st,0,0,1,postgraduate,pm_matru_vandana,0.0,2,1,1,0
51,90000,unemployed,male,st,0,0,1,postgraduate,mahila_shakti_kendra,0.0,1,1,1,0
51,90000,unemployed,male,st,0,0,1,postgraduate,national_scholarship_portal,0.0,2,2,1,0
51,90000,unemployed,male,st,0,0,1,postgraduate,pm_scholarship_scheme,0.0,1,2,1,0
51,90000,unemployed,male,st,0,0,1,postgraduate,ayushman_bharat,0.0,1,1,1,0
51,90000,unemployed,male,st,0,0,1,postgraduate,pm_jeevan_jyoti,0.0,1,1,1,0
51,90000,unemployed,male,st,0,0,1,postgraduate,pm_awas_yojana_gramin,0.0,3,1,1,0
51,90000,unemployed,male,st,0,0,1,postgraduate,pm_mudra_yojana,0.0,2,1,1,0
51,90000,unemployed,male,st,0,0,1,postgraduate,startup_india_seed_fund,0.0,0,2,1,0
51,90000,unemployed,male,st,0,0,1,postgraduate,post_matric_sc,0.0,1,2,1,0
51,90000,unemployed,male,st,0,0,1,postgraduate,eklavya_model_school,0.0,1,2,1,0
51,90000,unemployed,male,st,0,0,1,postgraduate,indira_gandhi_old_age,0.0,1,2,1,0
33,150000,farmer,other,general,5,0,0,postgraduate,pm_kisan,100.0,4,0,0,1
33,150000,farmer,other,general,5,0,0,postgraduate,pm_fasal_bima,100.0,3,0,0,1
33,150000,farmer,other,general,5,0,0,postgraduate,kisan_credit_card,100.0,3,0,0,1
33,150000,farmer,other,general,5,0,0,postgraduate,pm_suraksha_bima,100.0,2,0,0,1
33,150000,farmer,other,general,5,0,0,postgraduate,pm_jeevan_jyoti,100.0,2,0,0,1
33,150000,farmer,other,general,5,0,0,postgraduate,mgnregs,100.0,3,0,0,1
33,150000,farmer,other,general,5,0,0,postgraduate,pm_matru_vandana,0.0,2,1,1,0
33,150000,farmer,other,general,5,0,0,postgraduate,mahila_shakti_kendra,0.0,1,1,1,0
33,150000,farmer,other,general,5,0,0,postgraduate,national_scholarship_portal,0.0,1,3,1,0
33,150000,farmer,other,general,5,0,0,postgraduate,pm_scholarship_scheme,0.0,1,2,1,0
33,150000,farmer,other,general,5,0,0,postgraduate,ayushman_bharat,0.0,0,2,1,0
33,150000,farmer,other,general,5,0,0,postgraduate,pm_awas_yojana_gramin,0.0,2,2,1,0
33,150000,farmer,other,general,5,0,0,postgraduate,pm_mudra_yojana,0.0,2,1,1,0
33,150000,farmer,other,general,5,0,0,postgraduate,startup_india_seed_fund,0.0,1,1,1,0
33,150000,farmer,other,general,5,0,0,postgraduate,deen_dayal_disability,0.0,1,1,1,0
33,150000,farmer,other,general,5,0,0,postgraduate,post_matric_sc,0.0,1,2,1,0
33,150000,farmer,other,general,5,0,0,postgraduate,eklavya_model_school,0.0,0,3,1,0
33,150000,farmer,other,general,5,0,0,postgraduate,indira_gandhi_old_age,0.0,0,3,1,0
43,250000,salaried,female,sc,0,0,0,none,pm_matru_vandana,100.0,3,0,0,1
43,250000,salaried,female,sc,0,0,0,none,mahila_shakti_kendra,100.0,2,0,0,1
43,250000,salaried,female,sc,0,0,0,none,pm_suraksha_bima,100.0,2,0,0,1
43,250000,salaried,female,sc,0,0,0,none,pm_jeevan_jyoti,100.0,2,0,0,1
43,250000,salaried,female,sc,0,0,0,none,mgnregs,33.3,1,2,0,0
43,250000,salaried,female,sc,0,0,0,none,pm_kisan,0.0,2,2,1,0
43,250000,salaried,female,sc,0,0,0,none,pm_fasal_bima,0.0,1,2,1,0
43,250000,salaried,female,sc,0,0,0,none,kisan_credit_card,0.0,1,2,1,0
43,250000,salaried,female,sc,0,0,0,none,national_scholarship_portal,0.0,2,2,1,0
43,250000,salaried,female,sc,0,0,0,none,pm_scholarship_scheme,0.0,1,2,1,0
43,250000,salaried,female,sc,0,0,0,none,ayushman_bharat,0.0,0,2,1,0
43,250000,salaried,female,sc,0,0,0,none,pm_awas_yojana_gramin,0.0,3,1,1,0
43,250000,salaried,female,sc,0,0,0,none,pm_mudra_yojana,0.0,2,1,1,0
43,250000,salaried,female,sc,0,0,0,none,startup_india_seed_fund,0.0,1,1,1,0
43,250000,salaried,female,sc,0,0,0,none,deen_dayal_disability,0.0,1,1,1,0
43,250000,salaried,female,sc,0,0,0,none,post_matric_sc,0.0,2,1,1,0
43,250000,salaried,female,sc,0,0,0,none,eklavya_model_school,0.0,0,3,1,0
43,250000,salaried,female,sc,0,0,0,none,indira_gandhi_old_age,0.0,0,3,1,0
20,0,unemployed,other,obc,2.5,0,0,secondary,pm_suraksha_bima,100.0,2,0,0,1
20,0,unemployed,other,obc,2.5,0,0,secondary,pm_jeevan_jyoti,100.0,2,0,0,1
20,0,unemployed,other,obc,2.5,0,0,secondary,mgnregs,100.0,3,0,0,1
20,0,unemployed,other,obc,2.5,0,0,secondary,pm_kisan,0.0,3,1,1,0
20,0,unemployed,other,obc,2.5,0,0,secondary,pm_fasal_bima,0.0,2,1,1,0
20,0,unemployed,other,obc,2.5,0,0,secondary,kisan_credit_card,0.0,2,1,1,0
20,0,unemployed,other,obc,2.5,0,0,secondary,pm_matru_vandana,0.0,2,1,1,0
20,0,unemployed,other,obc,2.5,0,0,secondary,mahila_shakti_kendra,0.0,1,1,1,0
20,0,unemployed,other,obc,2.5,0,0,secondary,national_scholarship_portal,0.0,3,1,1,0
20,0,unemployed,other,obc,2.5,0,0,secondary,pm_scholarship_scheme,0.0,2,1,1,0
20,0,unemployed,other,obc,2.5,0,0,secondary,ayushman_bharat,0.0,1,1,1,0
20,0,unemployed,other,obc,2.5,0,0,secondary,pm_awas_yojana_gramin,0.0,3,1,1,0
20,0,unemployed,other,obc,2.5,0,0,secondary,pm_mudra_yojana,0.0,2,1,1,0
20,0,unemployed,other,obc,2.5,0,0,secondary,startup_india_seed_fund,0.0,1,1,1,0
20,0,unemployed,other,obc,2.5,0,0,secondary,deen_dayal_disability,0.0,1,1,1,0
20,0,unemployed,other,obc,2.5,0,0,secondary,post_matric_sc,0.0,1,2,1,0
20,0,unemployed,other,obc,2.5,0,0,secondary,eklavya_model_school,0.0,0,3,1,0
20,0,unemployed,other,obc,2.5,0,0,secondary,indira_gandhi_old_age,0.0,1,2,1,0
48,250000,farmer,male,sc,8,0,0,secondary,pm_fasal_bima,100.0,3,0,0,1
48,250000,farmer,male,sc,8,0,0,secondary,kisan_credit_card,100.0,3,0,0,1
48,250000,farmer,male,sc,8,0,0,secondary,pm_suraksha_bima,100.0,2,0,0,1
48,250000,farmer,male,sc,8,0,0,secondary,pm_jeevan_jyoti,100.0,2,0,0,1
48,250000,farmer,male,sc,8,0,0,secondary,mgnregs,66.7,2,1,0,0
48,250000,farmer,male,sc,8,0,0,secondary,pm_kisan,50.0,2,2,0,1
48,250000,farmer,male,sc,8,0,0,secondary,pm_matru_vandana,0.0,2,1,1,0
48,250000,farmer,male,sc,8,0,0,secondary,mahila_shakti_kendra,0.0,1,1,1,0
48,250000,farmer,male,sc,8,0,0,secondary,national_scholarship_portal,0.0,2,2,1,0
48,250000,farmer,male,sc,8,0,0,secondary,pm_scholarship_scheme,0.0,1,2,1,0
48,250000,farmer,male,sc,8,0,0,secondary,ayushman_bharat,0.0,0,2,1,0
48,250000,farmer,male,sc,8,0,0,secondary,pm_awas_yojana_gramin,0.0,2,2,1,0
48,250000,farmer,male,sc,8,0,0,secondary,pm_mudra_yojana,0.0,2,1,1,0
48,250000,farmer,male,sc,8,0,0,secondary,startup_india_seed_fund,0.0,1,1,1,0
48,250000,farmer,male,sc,8,0,0,secondary,deen_dayal_disability,0.0,1,1,1,0
48,250000,farmer,male,sc,8,0,0,secondary,post_matric_sc,0.0,2,1,1,0
48,250000,farmer,male,sc,8,0,0,secondary,eklavya_model_school,0.0,0,3,1,0
48,250000,farmer,male,sc,8,0,0,secondary,indira_gandhi_old_age,0.0,0,3,1,0
49,40000,self_employed,female,sc,5,1,1,primary,pm_matru_vandana,100.0,3,0,0,1
49,40000,self_employed,female,sc,5,1,1,primary,mahila_shakti_kendra,100.0,2,0,0,1
49,40000,self_employed,female,sc,5,1,1,primary,ayushman_bharat,100.0,2,0,0,1
49,40000,self_employed,female,sc,5,1,1,primary,pm_suraksha_bima,100.0,2,0,0,1
49,40000,self_employed,female,sc,5,1,1,primary,pm_jeevan_jyoti,100.0,2,0,0,1
49,40000,self_employed,female,sc,5,1,1,primary,mgnregs,100.0,3,0,0,1
49,40000,self_employed,female,sc,5,1,1,primary,pm_mudra_yojana,100.0,3,0,0,1
49,40000,self_employed,female,sc,5,1,1,primary,startup_india_seed_fund,100.0,2,0,0,1
49,40000,self_employed,female,sc,5,1,1,primary,deen_dayal_disability,100.0,2,0,0,1
49,40000,self_employed,female,sc,5,1,1,primary,pm_awas_yojana_gramin,85.7,3,1,0,1
49,40000,self_employed,female,sc,5,1,1,primary,pm_kisan,0.0,3,1,1,0
49,40000,self_employed,female,sc,5,1,1,primary,pm_fasal_bima,0.0,2,1,1,0
49,40000,self_employed,female,sc,5,1,1,primary,kisan_credit_card,0.0,2,1,1,0
49,40000,self_employed,female,sc,5,1,1,primary,national_scholarship_portal,0.0,2,2,1,0
49,40000,self_employed,female,sc,5,1,1,primary,pm_scholarship_scheme,0.0,1,2,1,0
49,40000,self_employed,female,sc,5,1,1,primary,post_matric_sc,0.0,2,1,1,0
49,40000,self_employed,female,sc,5,1,1,primary,eklavya_model_school,0.0,0,3,1,0
49,40000,self_employed,female,sc,5,1,1,primary,indira_gandhi_old_age,0.0,2,1,1,0
52,150000,farmer,female,sc,1,0,0,postgraduate,pm_kisan,100.0,4,0,0,1
52,150000,farmer,female,sc,1,0,0,postgraduate,pm_fasal_bima,100.0,3,0,0,1
52,150000,farmer,female,sc,1,0,0,postgraduate,kisan_credit_card,100.0,3,0,0,1
52,150000,farmer,female,sc,1,0,0,postgraduate,pm_matru_vandana,100.0,3,0,0,1
52,150000,farmer,female,sc,1,0,0,postgraduate,mahila_shakti_kendra,100.0,2,0,0,1
52,150000,farmer,female,sc,1,0,0,postgraduate,pm_suraksha_bima,100.0,2,0,0,1
52,150000,farmer,female,sc,1,0,0,postgraduate,mgnregs,100.0,3,0,0,0
52,150000,farmer,female,sc,1,0,0,postgraduate,national_scholarship_portal,0.0,2,2,1,0
52,150000,farmer,female,sc,1,0,0,postgraduate,pm_scholarship_scheme,0.0,1,2,1,0
52,150000,farmer,female,sc,1,0,0,postgraduate,ayushman_bharat,0.0,0,2,1,0
52,150000,farmer,female,sc,1,0,0,postgraduate,pm_jeevan_jyoti,0.0,1,1,1,0
52,150000,farmer,female,sc,1,0,0,postgraduate,pm_awas_yojana_gramin,0.0,3,1,1,0
52,150000,farmer,female,sc,1,0,0,postgraduate,pm_mudra_yojana,0.0,2,1,1,0
52,150000,farmer,female,sc,1,0,0,postgraduate,startup_india_seed_fund,0.0,0,2,1,0
52,150000,farmer,female,sc,1,0,0,postgraduate,deen_dayal_disability,0.0,1,1,1,0
52,150000,farmer,female,sc,1,0,0,postgraduate,post_matric_sc,0.0,2,1,1,0
52,150000,farmer,female,sc,1,0,0,postgraduate,eklavya_model_school,0.0,0,3,1,0
52,150000,farmer,female,sc,1,0,0,postgraduate,indira_gandhi_old_age,0.0,0,3,1,0
37,40000,farmer,other,st,8,0,0,primary,pm_fasal_bima,100.0,3,0,0,1
37,40000,farmer,other,st,8,0,0,primary,kisan_credit_card,100.0,3,0,0,1
37,40000,farmer,other,st,8,0,0,primary,pm_suraksha_bima,100.0,2,0,0,1
37,40000,farmer,other,st,8,0,0,primary,pm_jeevan_jyoti,100.0,2,0,0,1
37,40000,farmer,other,st,8,0,0,primary,mgnregs,100.0,3,0,0,1
37,40000,farmer,other,st,8,0,0,primary,pm_kisan,75.0,3,1,0,1
37,40000,farmer,other,st,8,0,0,primary,pm_matru_vandana,0.0,2,1,1,0
37,40000,farmer,other,st,8,0,0,primary,mahila_shakti_kendra,0.0,1,1,1,0
37,40000,farmer,other,st,8,0,0,primary,national_scholarship_portal,0.0,2,2,1,0
37,40000,farmer,other,st,8,0,0,primary,pm_scholarship_scheme,0.0,1,2,1,0
37,40000,farmer,other,st,8,0,0,primary,ayushman_bharat,0.0,1,1,1,0
37,40000,farmer,other,st,8,0,0,primary,pm_awas_yojana_gramin,0.0,2,2,1,0
37,40000,farmer,other,st,8,0,0,primary,pm_mudra_yojana,0.0,2,1,1,0
37,40000,farmer,other,st,8,0,0,primary,startup_india_seed_fund,0.0,1,1,1,0
37,40000,farmer,other,st,8,0,0,primary,deen_dayal_disability,0.0,1,1,1,0
37,40000,farmer,other,st,8,0,0,primary,post_matric_sc,0.0,1,2,1,0
37,40000,farmer,other,st,8,0,0,primary,eklavya_model_school,0.0,1,2,1,0
37,40000,farmer,other,st,8,0,0,primary,indira_gandhi_old_age,0.0,1,2,1,0
34,0,self_employed,female,obc,1,0,0,graduate,pm_matru_vandana,100.0,3,0,0,1
34,0,self_employed,female,obc,1,0,0,graduate,mahila_shakti_kendra,100.0,2,0,0,1
34,0,self_employed,female,obc,1,0,0,graduate,pm_suraksha_bima,100.0,2,0,0,1
34,0,self_employed,female,obc,1,0,0,graduate,pm_jeevan_jyoti,100.0,2,0,0,1
34,0,self_employed,female,obc,1,0,0,graduate,mgnregs,100.0,3,0,0,1
34,0,self_employed,female,obc,1,0,0,graduate,pm_mudra_yojana,100.0,3,0,0,1
34,0,self_employed,female,obc,1,0,0,graduate,startup_india_seed_fund,100.0,2,0,0,0
34,0,self_employed,female,obc,1,0,0,graduate,pm_kisan,0.0,3,1,1,0
34,0,self_employed,female,obc,1,0,0,graduate,pm_fasal_bima,0.0,2,1,1,0
34,0,self_employed,female,obc,1,0,0,graduate,kisan_credit_card,0.0,2,1,1,0
34,0,self_employed,female,obc,1,0,0,graduate,national_scholarship_portal,0.0,2,2,1,0
34,0,self_employed,female,obc,1,0,0,graduate,pm_scholarship_scheme,0.0,1,2,1,0
34,0,self_employed,female,obc,1,0,0,graduate,ayushman_bharat,0.0,1,1,1,0
34,0,self_employed,female,obc,1,0,0,graduate,pm_awas_yojana_gramin,0.0,3,1,1,0
34,0,self_employed,female,obc,1,0,0,graduate,deen_dayal_disability,0.0,1,1,1,0
34,0,self_employed,female,obc,1,0,0,graduate,post_matric_sc,0.0,1,2,1,0
34,0,self_employed,female,obc,1,0,0,graduate,eklavya_model_school,0.0,0,3,1,0
34,0,self_employed,female,obc,1,0,0,graduate,indira_gandhi_old_age,0.0,1,2,1,0
21,0,self_employed,other,st,1,0,0,postgraduate,pm_suraksha_bima,100.0,2,0,0,1
21,0,self_employed,other,st,1,0,0,postgraduate,pm_jeevan_jyoti,100.0,2,0,0,1
21,0,self_employed,other,st,1,0,0,postgraduate,mgnregs,100.0,3,0,0,1
21,0,self_employed,other,st,1,0,0,postgraduate,pm_mudra_yojana,100.0,3,0,0,1
21,0,self_employed,other,st,1,0,0,postgraduate,startup_india_seed_fund,100.0,2,0,0,1
21,0,self_employed,other,st,1,0,0,postgraduate,pm_kisan,0.0,3,1,1,0
21,0,self_employed,other,st,1,0,0,postgraduate,pm_fasal_bima,0.0,2,1,1,0
21,0,self_employed,other,st,1,0,0,postgraduate,kisan_credit_card,0.0,2,1,1,0
21,0,self_employed,other,st,1,0,0,postgraduate,pm_matru_vandana,0.0,2,1,1,0
21,0,self_employed,other,st,1,0,0,postgraduate,mahila_shakti_kendra,0.0,1,1,1,0
21,0,self_employed,other,st,1,0,0,postgraduate,national_scholarship_portal,0.0,3,1,1,0
21,0,self_employed,other,st,1,0,0,postgraduate,pm_scholarship_scheme,0.0,2,1,1,0
21,0,self_employed,other,st,1,0,0,postgraduate,ayushman_bharat,0.0,1,1,1,0
21,0,self_employed,other,st,1,0,0,postgraduate,pm_awas_yojana_gramin,0.0,3,1,1,0
21,0,self_employed,other,st,1,0,0,postgraduate,deen_dayal_disability,0.0,1,1,1,0
21,0,self_employed,other,st,1,0,0,postgraduate,post_matric_sc,0.0,1,2,1,0
21,0,self_employed,other,st,1,0,0,postgraduate,eklavya_model_school,0.0,1,2,1,0
21,0,self_employed,other,st,1,0,0,postgraduate,indira_gandhi_old_age,0.0,1,2,1,0
21,90000,salaried,female,sc,0.5,0,0,secondary,pm_matru_vandana,100.0,3,0,0,1
21,90000,salaried,female,sc,0.5,0,0,secondary,mahila_shakti_kendra,100.0,2,0,0,1
21,90000,salaried,female,sc,0.5,0,0,secondary,pm_suraksha_bima,100.0,2,0,0,1
21,90000,salaried,female,sc,0.5,0,0,secondary,pm_jeevan_jyoti,100.0,2,0,0,1
21,90000,salaried,female,sc,0.5,0,0,secondary,mgnregs,66.7,2,1,0,1
21,90000,salaried,female,sc,0.5,0,0,secondary,pm_kisan,0.0,3,1,1,0
21,90000,salaried,female,sc,0.5,0,0,secondary,pm_fasal_bima,0.0,2,1,1,0
21,90000,salaried,female,sc,0.5,0,0,secondary,kisan_credit_card,0.0,2,1,1,0
21,90000,salaried,female,sc,0.5,0,0,secondary,national_scholarship_portal,0.0,3,1,1,0
21,90000,salaried,female,sc,0.5,0,0,secondary,pm_scholarship_scheme,0.0,2,1,1,0
21,90000,salaried,female,sc,0.5,0,0,secondary,ayushman_bharat,0.0,1,1,1,0
21,90000,salaried,female,sc,0.5,0,0,secondary,pm_awas_yojana_gramin,0.0,3,1,1,0
21,90000,salaried,female,sc,0.5,0,0,secondary,pm_mudra_yojana,0.0,2,1,1,0
21,90000,salaried,female,sc,0.5,0,0,secondary,startup_india_seed_fund,0.0,1,1,1,0
21,90000,salaried,female,sc,0.5,0,0,secondary,deen_dayal_disability,0.0,1,1,1,0
21,90000,salaried,female,sc,0.5,0,0,secondary,post_matric_sc,0.0,2,1,1,0
21,90000,salaried,female,sc,0.5,0,0,secondary,eklavya_model_school,0.0,0,3,1,0
21,90000,salaried,female,sc,0.5,0,0,secondary,indira_gandhi_old_age,0.0,1,2,1,0
22,150000,student,male,st,0,0,0,graduate,national_scholarship_portal,100.0,4,0,0,0
22,150000,student,male,st,0,0,0,graduate,pm_scholarship_scheme,100.0,3,0,0,1
22,150000,student,male,st,0,0,0,graduate,pm_suraksha_bima,100.0,2,0,0,1
22,150000,student,male,st,0,0,0,graduate,pm_jeevan_jyoti,100.0,2,0,0,1
22,150000,student,male,st,0,0,0,graduate,eklavya_model_school,83.3,2,1,0,1
22,150000,student,male,st,0,0,0,graduate,mgnregs,66.7,2,1,0,1
22,150000,student,male,st,0,0,0,graduate,pm_kisan,0.0,3,1,1,0
22,150000,student,male,st,0,0,0,graduate,pm_fasal_bima,0.0,1,2,1,0
22,150000,student,male,st,0,0,0,graduate,kisan_credit_card,0.0,1,2,1,0
22,150000,student,male,st,0,0,0,graduate,pm_matru_vandana,0.0,2,1,1,0
22,150000,student,male,st,0,0,0,graduate,mahila_shakti_kendra,0.0,1,1,1,0
22,150000,student,male,st,0,0,0,graduate,ayushman_bharat,0.0,0,2,1,0
22,150000,student,male,st,0,0,0,graduate,pm_awas_yojana_gramin,0.0,3,1,1,0
22,150000,student,male,st,0,0,0,graduate,pm_mudra_yojana,0.0,2,1,1,0
22,150000,student,male,st,0,0,0,graduate,startup_india_seed_fund,0.0,1,1,1,0
22,150000,student,male,st,0,0,0,graduate,deen_dayal_disability,0.0,1,1,1,0
22,150000,student,male,st,0,0,0,graduate,post_matric_sc,0.0,2,1,1,0
22,150000,student,male,st,0,0,0,graduate,indira_gandhi_old_age,0.0,0,3,1,0
50,150000,daily_wage,male,obc,0,1,0,none,pm_suraksha_bima,100.0,2,0,0,1
50,150000,daily_wage,male,obc,0,1,0,none,pm_jeevan_jyoti,100.0,2,0,0,1
50,150000,daily_wage,male,obc,0,1,0,none,pm_awas_yojana_gramin,100.0,4,0,0,1
50,150000,daily_wage,male,obc,0,1,0,none,mgnregs,100.0,3,0,0,1
50,150000,daily_wage,male,obc,0,1,0,none,ayushman_bharat,60.0,1,1,0,0
50,150000,daily_wage,male,obc,0,1,0,none,pm_kisan,0.0,3,1,1,0
50,150000,daily_wage,male,obc,0,1,0,none,pm_fasal_bima,0.0,1,2,1,0
50,150000,daily_wage,male,obc,0,1,0,none,kisan_credit_card,0.0,1,2,1,0
50,150000,daily_wage,male,obc,0,1,0,none,pm_matru_vandana,0.0,2,1,1,0
50,150000,daily_wage,male,obc,0,1,0,none,mahila_shakti_kendra,0.0,1,1,1,0
50,150000,daily_wage,male,obc,0,1,0,none,national_scholarship_portal,0.0,2,2,1,0
50,150000,daily_wage,male,obc,0,1,0,none,pm_scholarship_scheme,0.0,1,2,1,0
50,150000,daily_wage,male,obc,0,1,0,none,pm_mudra_yojana,0.0,2,1,1,0
50,150000,daily_wage,male,obc,0,1,0,none,startup_india_seed_fund,0.0,1,1,1,0
50,150000,daily_wage,male,obc,0,1,0,none,deen_dayal_disability,0.0,1,1,1,0
50,150000,daily_wage,male,obc,0,1,0,none,post_matric_sc,0.0,1,2,1,0
50,150000,daily_wage,male,obc,0,1,0,none,eklavya_model_school,0.0,0,3,1,0
50,150000,daily_wage,male,obc,0,1,0,none,indira_gandhi_old_age,0.0,1,2,1,0
77,1500000,unemployed,female,general,0,0,0,secondary,pm_matru_vandana,83.3,2,1,0,1
77,1500000,unemployed,female,general,0,0,0,secondary,mgnregs,66.7,2,1,0,1
77,1500000,unemployed,female,general,0,0,0,secondary,mahila_shakti_kendra,60.0,1,1,0,1
77,1500000,unemployed,female,general,0,0,0,secondary,pm_kisan,0.0,2,2,1,0
77,1500000,unemployed,female,general,0,0,0,secondary,pm_fasal_bima,0.0,1,2,1,0
77,1500000,unemployed,female,general,0,0,0,secondary,kisan_credit_card,0.0,0,3,1,0
77,1500000,unemployed,female,general,0,0,0,secondary,national_scholarship_portal,0.0,0,4,1,0
77,1500000,unemployed,female,general,0,0,0,secondary,pm_scholarship_scheme,0.0,0,3,1,0
77,1500000,unemployed,female,general,0,0,0,secondary,ayushman_bharat,0.0,0,2,1,0
77,1500000,unemployed,female,general,0,0,0,secondary,pm_suraksha_bima,0.0,0,2,1,0
77,1500000,unemployed,female,general,0,0,0,secondary,pm_jeevan_jyoti,0.0,0,2,1,0
77,1500000,unemployed,female,general,0,0,0,secondary,pm_awas_yojana_gramin,0.0,2,2,1,0
77,1500000,unemployed,female,general,0,0,0,secondary,pm_mudra_yojana,0.0,0,3,1,0
77,1500000,unemployed,female,general,0,0,0,secondary,startup_india_seed_fund,0.0,0,2,1,0
77,1500000,unemployed,female,general,0,0,0,secondary,deen_dayal_disability,0.0,0,2,1,0
77,1500000,unemployed,female,general,0,0,0,secondary,post_matric_sc,0.0,0,3,1,0
77,1500000,unemployed,female,general,0,0,0,secondary,eklavya_model_school,0.0,0,3,1,0
77,1500000,unemployed,female,general,0,0,0,secondary,indira_gandhi_old_age,0.0,1,2,1,0
64,40000,salaried,female,obc,8,0,1,primary,pm_matru_vandana,100.0,3,0,0,1
64,40000,salaried,female,obc,8,0,1,primary,mahila_shakti_kendra,100.0,2,0,0,1
64,40000,salaried,female,obc,8,0,1,primary,pm_suraksha_bima,100.0,2,0,0,1
64,40000,salaried,female,obc,8,0,1,primary,deen_dayal_disability,100.0,2,0,0,1
64,40000,salaried,female,obc,8,0,1,primary,mgnregs,66.7,2,1,0,0
64,40000,salaried,female,obc,8,0,1,primary,pm_kisan,0.0,2,2,1,0
64,40000,salaried,female,obc,8,0,1,primary,pm_fasal_bima,0.0,2,1,1,0
64,40000,salaried,female,obc,8,0,1,primary,kisan_credit_card,0.0,2,1,1,0
64,40000,salaried,female,obc,8,0,1,primary,national_scholarship_portal,0.0,2,2,1,0
64,40000,salaried,female,obc,8,0,1,primary,pm_scholarship_scheme,0.0,1,2,1,0
64,40000,salaried,female,obc,8,0,1,primary,ayushman_bharat,0.0,1,1,1,0
64,40000,salaried,female,obc,8,0,1,primary,pm_jeevan_jyoti,0.0,1,1,1,0
64,40000,salaried,female,obc,8,0,1,primary,pm_awas_yojana_gramin,0.0,2,2,1,0
64,40000,salaried,female,obc,8,0,1,primary,pm_mudra_yojana,0.0,2,1,1,0
64,40000,salaried,female,obc,8,0,1,primary,startup_india_seed_fund,0.0,0,2,1,0
64,40000,salaried,female,obc,8,0,1,primary,post_matric_sc,0.0,1,2,1,0
64,40000,salaried,female,obc,8,0,1,primary,eklavya_model_school,0.0,0,3,1,0
64,40000,salaried,female,obc,8,0,1,primary,indira_gandhi_old_age,0.0,2,1,1,0
32,400000,unemployed,male,sc,0,0,0,graduate,pm_suraksha_bima,100.0,2,0,0,1
32,400000,unemployed,male,sc,0,0,0,graduate,pm_jeevan_jyoti,100.0,2,0,0,1
32,400000,unemployed,male,sc,0,0,0,graduate,mgnregs,66.7,2,1,0,1
32,400000,unemployed,male,sc,0,0,0,graduate,pm_kisan,0.0,2,2,1,0
32,400000,unemployed,male,sc,0,0,0,graduate,pm_fasal_bima,0.0,1,2,1,0
32,400000,unemployed,male,sc,0,0,0,graduate,kisan_credit_card,0.0,1,2,1,0
32,400000,unemployed,male,sc,0,0,0,graduate,pm_matru_vandana,0.0,2,1,1,0
32,400000,unemployed,male,sc,0,0,0,graduate,mahila_shakti_kendra,0.0,0,2,1,0
32,400000,unemployed,male,sc,0,0,0,graduate,national_scholarship_portal,0.0,1,3,1,0
32,400000,unemployed,male,sc,0,0,0,graduate,pm_scholarship_scheme,0.0,1,2,1,0
32,400000,unemployed,male,sc,0,0,0,graduate,ayushman_bharat,0.0,0,2,1,0
32,400000,unemployed,male,sc,0,0,0,graduate,pm_awas_yojana_gramin,0.0,2,2,1,0
32,400000,unemployed,male,sc,0,0,0,graduate,pm_mudra_yojana,0.0,2,1,1,0
32,400000,unemployed,male,sc,0,0,0,graduate,startup_india_seed_fund,0.0,1,1,1,0
32,400000,unemployed,male,sc,0,0,0,graduate,deen_dayal_disability,0.0,0,2,1,0
32,400000,unemployed,male,sc,0,0,0,graduate,post_matric_sc,0.0,1,2,1,0
32,400000,unemployed,male,sc,0,0,0,graduate,eklavya_model_school,0.0,0,3,1,0
32,400000,unemployed,male,sc,0,0,0,graduate,indira_gandhi_old_age,0.0,0,3,1,0
70,40000,farmer,other,sc,5,1,0,primary,pm_kisan,100.0,4,0,0,1
70,40000,farmer,other,sc,5,1,0,primary,pm_fasal_bima,100.0,3,0,0,1
70,40000,farmer,other,sc,5,1,0,primary,kisan_credit_card,100.0,3,0,0,1
70,40000,farmer,other,sc,5,1,0,primary,ayushman_bharat,100.0,2,0,0,0
70,40000,farmer,other,sc,5,1,0,primary,pm_suraksha_bima,100.0,2,0,0,1
70,40000,farmer,other,sc,5,1,0,primary,mgnregs,100.0,3,0,0,1
70,40000,farmer,other,sc,5,1,0,primary,indira_gandhi_old_age,100.0,3,0,0,1
70,40000,farmer,other,sc,5,1,0,primary,pm_awas_yojana_gramin,85.7,3,1,0,1
70,40000,farmer,other,sc,5,1,0,primary,pm_matru_vandana,0.0,2,1,1,0
70,40000,farmer,other,sc,5,1,0,primary,mahila_shakti_kendra,0.0,1,1,1,0
70,40000,farmer,other,sc,5,1,0,primary,national_scholarship_portal,0.0,2,2,1,0
70,40000,farmer,other,sc,5,1,0,primary,pm_scholarship_scheme,0.0,1,2,1,0
70,40000,farmer,other,sc,5,1,0,primary,pm_jeevan_jyoti,0.0,1,1,1,0
70,40000,farmer,other,sc,5,1,0,primary,pm_mudra_yojana,0.0,1,2,1,0
70,40000,farmer,other,sc,5,1,0,primary,startup_india_seed_fund,0.0,0,2,1,0
70,40000,farmer,other,sc,5,1,0,primary,deen_dayal_disability,0.0,1,1,1,0
70,40000,farmer,other,sc,5,1,0,primary,post_matric_sc,0.0,2,1,1,0
70,40000,farmer,other,sc,5,1,0,primary,eklavya_model_school,0.0,0,3,1,0
70,800000,farmer,female,sc,0.5,0,0,none,pm_fasal_bima,100.0,3,0,0,1
70,800000,farmer,female,sc,0.5,0,0,none,kisan_credit_card,100.0,3,0,0,1
70,800000,farmer,female,sc,0.5,0,0,none,pm_matru_vandana,100.0,3,0,0,1
70,800000,farmer,female,sc,0.5,0,0,none,pm_kisan,75.0,3,1,0,1
70,800000,farmer,female,sc,0.5,0,0,none,pm_suraksha_bima,66.7,1,1,0,0
70,800000,farmer,female,sc,0.5,0,0,none,mgnregs,66.7,2,1,0,0
70,800000,farmer,female,sc,0.5,0,0,none,mahila_shakti_kendra,60.0,1,1,0,0
70,800000,farmer,female,sc,0.5,0,0,none,national_scholarship_portal,0.0,1,3,1,0
70,800000,farmer,female,sc,0.5,0,0,none,pm_scholarship_scheme,0.0,0,3,1,0
70,800000,farmer,female,sc,0.5,0,0,none,ayushman_bharat,0.0,0,2,1,0
70,800000,farmer,female,sc,0.5,0,0,none,pm_jeevan_jyoti,0.0,0,2,1,0
70,800000,farmer,female,sc,0.5,0,0,none,pm_awas_yojana_gramin,0.0,2,2,1,0
70,800000,farmer,female,sc,0.5,0,0,none,pm_mudra_yojana,0.0,1,2,1,0
70,800000,farmer,female,sc,0.5,0,0,none,startup_india_seed_fund,0.0,0,2,1,0
70,800000,farmer,female,sc,0.5,0,0,none,deen_dayal_disability,0.0,0,2,1,0
70,800000,farmer,female,sc,0.5,0,0,none,post_matric_sc,0.0,1,2,1,0
70,800000,farmer,female,sc,0.5,0,0,none,eklavya_model_school,0.0,0,3,1,0
70,800000,farmer,female,sc,0.5,0,0,none,indira_gandhi_old_age,0.0,1,2,1,0
39,150000,student,male,sc,0,0,1,graduate,pm_suraksha_bima,100.0,2,0,0,1
39,150000,student,male,sc,0,0,1,graduate,pm_jeevan_jyoti,100.0,2,0,0,1
39,150000,student,male,sc,0,0,1,graduate,deen_dayal_disability,100.0,2,0,0,1
39,150000,student,male,sc,0,0,1,graduate,post_matric_sc,100.0,3,0,0,1
39,150000,student,male,sc,0,0,1,graduate,national_scholarship_portal,87.5,3,1,0,1
39,150000,student,male,sc,0,0,1,graduate,pm_scholarship_scheme,83.3,2,1,0,0
39,150000,student,male,sc,0,0,1,graduate,mgnregs,66.7,2,1,0,0
39,150000,student,male,sc,0,0,1,graduate,pm_kisan,0.0,3,1,1,0
39,150000,student,male,sc,0,0,1,graduate,pm_fasal_bima,0.0,1,2,1,0
39,150000,student,male,sc,0,0,1,graduate,kisan_credit_card,0.0,1,2,1,0
39,150000,student,male,sc,0,0,1,graduate,pm_matru_vandana,0.0,2,1,1,0
39,150000,student,male,sc,0,0,1,graduate,mahila_shakti_kendra,0.0,1,1,1,0
39,150000,student,male,sc,0,0,1,graduate,ayushman_bharat,0.0,0,2,1,0
39,150000,student,male,sc,0,0,1,graduate,pm_awas_yojana_gramin,0.0,3,1,1,0
39,150000,student,male,sc,0,0,1,graduate,pm_mudra_yojana,0.0,2,1,1,0
39,150000,student,male,sc,0,0,1,graduate,startup_india_seed_fund,0.0,1,1,1,0
39,150000,student,male,sc,0,0,1,graduate,eklavya_model_school,0.0,1,2,1,0
39,150000,student,male,sc,0,0,1,graduate,indira_gandhi_old_age,0.0,0,3,1,0
27,90000,student,male,obc,8,1,0,none,national_scholarship_portal,100.0,4,0,0,1
27,90000,student,male,obc,8,1,0,none,ayushman_bharat,100.0,2,0,0,1
27,90000,student,male,obc,8,1,0,none,pm_suraksha_bima,100.0,2,0,0,1
27,90000,student,male,obc,8,1,0,none,pm_jeevan_jyoti,100.0,2,0,0,1
27,90000,student,male,obc,8,1,0,none,pm_awas_yojana_gramin,85.7,3,1,0,1
27,90000,student,male,obc,8,1,0,none,pm_scholarship_scheme,83.3,2,1,0,0
27,90000,student,male,obc,8,1,0,none,mgnregs,66.7,2,1,0,1
27,90000,student,male,obc,8,1,0,none,pm_kisan,0.0,2,2,1,0
27,90000,student,male,obc,8,1,0,none,pm_fasal_bima,0.0,2,1,1,0
27,90000,student,male,obc,8,1,0,none,kisan_credit_card,0.0,2,1,1,0
27,90000,student,male,obc,8,1,0,none,pm_matru_vandana,0.0,2,1,1,0
27,90000,student,male,obc,8,1,0,none,mahila_shakti_kendra,0.0,1,1,1,0
27,90000,student,male,obc,8,1,0,none,pm_mudra_yojana,0.0,2,1,1,0
27,90000,student,male,obc,8,1,0,none,startup_india_seed_fund,0.0,1,1,1,0
27,90000,student,male,obc,8,1,0,none,deen_dayal_disability,0.0,1,1,1,0
27,90000,student,male,obc,8,1,0,none,post_matric_sc,0.0,2,1,1,0
27,90000,student,male,obc,8,1,0,none,eklavya_model_school,0.0,1,2,1,0
27,90000,student,male,obc,8,1,0,none,indira_gandhi_old_age,0.0,2,1,1,0
78,1500000,farmer,female,obc,0.5,0,0,none,pm_fasal_bima,100.0,3,0,0,1
78,1500000,farmer,female,obc,0.5,0,0,none,pm_matru_vandana,83.3,2,1,0,0
78,1500000,farmer,female,obc,0.5,0,0,none,pm_kisan,75.0,3,1,0,1
78,1500000,farmer,female,obc,0.5,0,0,none,mgnregs,66.7,2,1,0,1
78,1500000,farmer,female,obc,0.5,0,0,none,mahila_shakti_kendra,60.0,1,1,0,1
78,1500000,farmer,female,obc,0.5,0,0,none,kisan_credit_card,0.0,2,1,1,0
78,1500000,farmer,female,obc,0.5,0,0,none,national_scholarship_portal,0.0,1,3,1,0
78,1500000,farmer,female,obc,0.5,0,0,none,pm_scholarship_scheme,0.0,0,3,1,0
78,1500000,farmer,female,obc,0.5,0,0,none,ayushman_bharat,0.0,0,2,1,0
78,1500000,farmer,female,obc,0.5,0,0,none,pm_suraksha_bima,0.0,0,2,1,0
78,1500000,farmer,female,obc,0.5,0,0,none,pm_jeevan_jyoti,0.0,0,2,1,0
78,1500000,farmer,female,obc,0.5,0,0,none,pm_awas_yojana_gramin,0.0,2,2,1,0
78,1500000,farmer,female,obc,0.5,0,0,none,pm_mudra_yojana,0.0,0,3,1,0
78,1500000,farmer,female,obc,0.5,0,0,none,startup_india_seed_fund,0.0,0,2,1,0
78,1500000,farmer,female,obc,0.5,0,0,none,deen_dayal_disability,0.0,0,2,1,0
78,1500000,farmer,female,obc,0.5,0,0,none,post_matric_sc,0.0,0,3,1,0
78,1500000,farmer,female,obc,0.5,0,0,none,eklavya_model_school,0.0,0,3,1,0
78,1500000,farmer,female,obc,0.5,0,0,none,indira_gandhi_old_age,0.0,1,2,1,0
78,1500000,student,other,general,0,0,0,none,pm_scholarship_scheme,50.0,1,2,0,1
78,1500000,student,other,general,0,0,0,none,national_scholarship_portal,37.5,1,3,0,0
78,1500000,student,other,general,0,0,0,none,mgnregs,33.3,1,2,0,1
78,1500000,student,other,general,0,0,0,none,pm_kisan,0.0,2,2,1,0
78,1500000,student,other,general,0,0,0,none,pm_fasal_bima,0.0,1,2,1,0
78,1500000,student,other,general,0,0,0,none,kisan_credit_card,0.0,0,3,1,0
78,1500000,student,other,general,0,0,0,none,pm_matru_vandana,0.0,1,2,1,0
78,1500000,student,other,general,0,0,0,none,mahila_shakti_kendra,0.0,0,2,1,0
78,1500000,student,other,general,0,0,0,none,ayushman_bharat,0.0,0,2,1,0
78,1500000,student,other,general,0,0,0,none,pm_suraksha_bima,0.0,0,2,1,0
78,1500000,student,other,general,0,0,0,none,pm_jeevan_jyoti,0.0,0,2,1,0
78,1500000,student,other,general,0,0,0,none,pm_awas_yojana_gramin,0.0,2,2,1,0
78,1500000,student,other,general,0,0,0,none,pm_mudra_yojana,0.0,0,3,1,0
78,1500000,student,other,general,0,0,0,none,startup_india_seed_fund,0.0,0,2,1,0
78,1500000,student,other,general,0,0,0,none,deen_dayal_disability,0.0,0,2,1,0
78,1500000,student,other,general,0,0,0,none,post_matric_sc,0.0,1,2,1,0
78,1500000,student,other,general,0,0,0,none,eklavya_model_school,0.0,1,2,1,0
78,1500000,student,other,general,0,0,0,none,indira_gandhi_old_age,0.0,1,2,1,0
71,0,student,female,obc,0.5,0,0,postgraduate,pm_matru_vandana,100.0,3,0,0,1
71,0,student,female,obc,0.5,0,0,postgraduate,mahila_shakti_kendra,100.0,2,0,0,1
71,0,student,female,obc,0.5,0,0,postgraduate,national_scholarship_portal,87.5,3,1,0,1
71,0,student,female,obc,0.5,0,0,postgraduate,pm_scholarship_scheme,83.3,2,1,0,1
71,0,student,female,obc,0.5,0,0,postgraduate,mgnregs,66.7,2,1,0,1
71,0,student,female,obc,0.5,0,0,postgraduate,pm_kisan,0.0,3,1,1,0
71,0,student,female,obc,0.5,0,0,postgraduate,pm_fasal_bima,0.0,2,1,1,0
71,0,student,female,obc,0.5,0,0,postgraduate,kisan_credit_card,0.0,2,1,1,0
71,0,student,female,obc,0.5,0,0,postgraduate,ayushman_bharat,0.0,1,1,1,0
71,0,student,female,obc,0.5,0,0,postgraduate,pm_suraksha_bima,0.0,1,1,1,0
71,0,student,female,obc,0.5,0,0,postgraduate,pm_jeevan_jyoti,0.0,1,1,1,0
71,0,student,female,obc,0.5,0,0,postgraduate,pm_awas_yojana_gramin,0.0,3,1,1,0
71,0,student,female,obc,0.5,0,0,postgraduate,pm_mudra_yojana,0.0,1,2,1,0
71,0,student,female,obc,0.5,0,0,postgraduate,startup_india_seed_fund,0.0,0,2,1,0
71,0,student,female,obc,0.5,0,0,postgraduate,deen_dayal_disability,0.0,1,1,1,0
71,0,student,female,obc,0.5,0,0,postgraduate,post_matric_sc,0.0,2,1,1,0
71,0,student,female,obc,0.5,0,0,postgraduate,eklavya_model_school,0.0,1,2,1,0
71,0,student,female,obc,0.5,0,0,postgraduate,indira_gandhi_old_age,0.0,2,1,1,0
62,1500000,other,male,obc,5,0,0,primary,pm_suraksha_bima,66.7,1,1,0,0
62,1500000,other,male,obc,5,0,0,primary,mgnregs,66.7,2,1,0,1
62,1500000,other,male,obc,5,0,0,primary,pm_kisan,0.0,2,2,1,0
62,1500000,other,male,obc,5,0,0,primary,pm_fasal_bima,0.0,2,1,1,0
62,1500000,other,male,obc,5,0,0,primary,kisan_credit_card,0.0,2,1,1,0
62,1500000,other,male,obc,5,0,0,primary,pm_matru_vandana,0.0,1,2,1,0
62,1500000,other,male,obc,5,0,0,primary,mahila_shakti_kendra,0.0,0,2,1,0
62,1500000,other,male,obc,5,0,0,primary,national_scholarship_portal,0.0,1,3,1,0
62,1500000,other,male,obc,5,0,0,primary,pm_scholarship_scheme,0.0,0,3,1,0
62,1500000,other,male,obc,5,0,0,primary,ayushman_bharat,0.0,0,2,1,0
62,1500000,other,male,obc,5,0,0,primary,pm_jeevan_jyoti,0.0,0,2,1,0
62,1500000,other,male,obc,5,0,0,primary,pm_awas_yojana_gramin,0.0,1,3,1,0
62,1500000,other,male,obc,5,0,0,primary,pm_mudra_yojana,0.0,1,2,1,0
62,1500000,other,male,obc,5,0,0,primary,startup_india_seed_fund,0.0,0,2,1,0
62,1500000,other,male,obc,5,0,0,primary,deen_dayal_disability,0.0,0,2,1,0
62,1500000,other,male,obc,5,0,0,primary,post_matric_sc,0.0,0,3,1,0
62,1500000,other,male,obc,5,0,0,primary,eklavya_model_school,0.0,0,3,1,0
62,1500000,other,male,obc,5,0,0,primary,indira_gandhi_old_age,0.0,1,2,1,0
79,250000,student,male,general,0.5,0,0,primary,pm_scholarship_scheme,83.3,2,1,0,1
79,250000,student,male,general,0.5,0,0,primary,national_scholarship_portal,62.5,2,2,0,1
79,250000,student,male,general,0.5,0,0,primary,mgnregs,33.3,1,2,0,0
79,250000,student,male,general,0.5,0,0,primary,pm_kisan,0.0,2,2,1,0
79,250000,student,male,general,0.5,0,0,primary,pm_fasal_bima,0.0,2,1,1,0
79,250000,student,male,general,0.5,0,0,primary,kisan_credit_card,0.0,1,2,1,0
79,250000,student,male,general,0.5,0,0,primary,pm_matru_vandana,0.0,2,1,1,0
79,250000,student,male,general,0.5,0,0,primary,mahila_shakti_kendra,0.0,1,1,1,0
79,250000,student,male,general,0.5,0,0,primary,ayushman_bharat,0.0,0,2,1,0
79,250000,student,male,general,0.5,0,0,primary,pm_suraksha_bima,0.0,1,1,1,0
79,250000,student,male,general,0.5,0,0,primary,pm_jeevan_jyoti,0.0,1,1,1,0
79,250000,student,male,general,0.5,0,0,primary,pm_awas_yojana_gramin,0.0,3,1,1,0
79,250000,student,male,general,0.5,0,0,primary,pm_mudra_yojana,0.0,1,2,1,0
79,250000,student,male,general,0.5,0,0,primary,startup_india_seed_fund,0.0,0,2,1,0
79,250000,student,male,general,0.5,0,0,primary,deen_dayal_disability,0.0,1,1,1,0
79,250000,student,male,general,0.5,0,0,primary,post_matric_sc,0.0,2,1,1,0
79,250000,student,male,general,0.5,0,0,primary,eklavya_model_school,0.0,1,2,1,0
79,250000,student,male,general,0.5,0,0,primary,indira_gandhi_old_age,0.0,1,2,1,0
31,150000,salaried,female,sc,8,1,0,secondary,pm_matru_vandana,100.0,3,0,0,1
31,150000,salaried,female,sc,8,1,0,secondary,mahila_shakti_kendra,100.0,2,0,0,1
31,150000,salaried,female,sc,8,1,0,secondary,pm_suraksha_bima,100.0,2,0,0,0
31,150000,salaried,female,sc,8,1,0,secondary,pm_jeevan_jyoti,100.0,2,0,0,1
31,150000,salaried,female,sc,8,1,0,secondary,pm_awas_yojana_gramin,85.7,3,1,0,0
31,150000,salaried,female,sc,8,1,0,secondary,mgnregs,66.7,2,1,0,1
31,150000,salaried,female,sc,8,1,0,secondary,ayushman_bharat,60.0,1,1,0,1
31,150000,salaried,female,sc,8,1,0,secondary,pm_kisan,0.0,2,2,1,0
31,150000,salaried,female,sc,8,1,0,secondary,pm_fasal_bima,0.0,2,1,1,0
31,150000,salaried,female,sc,8,1,0,secondary,kisan_credit_card,0.0,2,1,1,0
31,150000,salaried,female,sc,8,1,0,secondary,national_scholarship_portal,0.0,2,2,1,0
31,150000,salaried,female,sc,8,1,0,secondary,pm_scholarship_scheme,0.0,1,2,1,0
31,150000,salaried,female,sc,8,1,0,secondary,pm_mudra_yojana,0.0,2,1,1,0
31,150000,salaried,female,sc,8,1,0,secondary,startup_india_seed_fund,0.0,1,1,1,0
31,150000,salaried,female,sc,8,1,0,secondary,deen_dayal_disability,0.0,1,1,1,0
31,150000,salaried,female,sc,8,1,0,secondary,post_matric_sc,0.0,2,1,1,0
31,150000,salaried,female,sc,8,1,0,secondary,eklavya_model_school,0.0,0,3,1,0
31,150000,salaried,female,sc,8,1,0,secondary,indira_gandhi_old_age,0.0,1,2,1,0
21,40000,student,other,general,0.5,1,0,graduate,pm_scholarship_scheme,100.0,3,0,0,1
21,40000,student,other,general,0.5,1,0,graduate,ayushman_bharat,100.0,2,0,0,1
21,40000,student,other,general,0.5,1,0,graduate,pm_suraksha_bima,100.0,2,0,0,0
21,40000,student,other,general,0.5,1,0,graduate,pm_jeevan_jyoti,100.0,2,0,0,1
21,40000,student,other,general,0.5,1,0,graduate,pm_awas_yojana_gramin,100.0,4,0,0,1
21,40000,student,other,general,0.5,1,0,graduate,national_scholarship_portal,75.0,3,1,0,1
21,40000,student,other,general,0.5,1,0,graduate,mgnregs,66.7,2,1,0,1
21,40000,student,other,general,0.5,1,0,graduate,pm_kisan,0.0,3,1,1,0
21,40000,student,other,general,0.5,1,0,graduate,pm_fasal_bima,0.0,2,1,1,0
21,40000,student,other,general,0.5,1,0,graduate,kisan_credit_card,0.0,2,1,1,0
21,40000,student,other,general,0.5,1,0,graduate,pm_matru_vandana,0.0,2,1,1,0
21,40000,student,other,general,0.5,1,0,graduate,mahila_shakti_kendra,0.0,1,1,1,0
21,40000,student,other,general,0.5,1,0,graduate,pm_mudra_yojana,0.0,2,1,1,0
21,40000,student,other,general,0.5,1,0,graduate,startup_india_seed_fund,0.0,1,1,1,0
21,40000,student,other,general,0.5,1,0,graduate,deen_dayal_disability,0.0,1,1,1,0
21,40000,student,other,general,0.5,1,0,graduate,post_matric_sc,0.0,2,1,1,0
21,40000,student,other,general,0.5,1,0,graduate,eklavya_model_school,0.0,1,2,1,0
21,40000,student,other,general,0.5,1,0,graduate,indira_gandhi_old_age,0.0,2,1,1,0
63,800000,self_employed,other,obc,8,0,0,primary,pm_mudra_yojana,100.0,3,0,0,1
63,800000,self_employed,other,obc,8,0,0,primary,startup_india_seed_fund,75.0,1,1,0,1
63,800000,self_employed,other,obc,8,0,0,primary,pm_suraksha_bima,66.7,1,1,0,0
63,800000,self_employed,other,obc,8,0,0,primary,mgnregs,66.7,2,1,0,1
63,800000,self_employed,other,obc,8,0,0,primary,pm_kisan,0.0,1,3,1,0
63,800000,self_employed,other,obc,8,0,0,primary,pm_fasal_bima,0.0,2,1,1,0
63,800000,self_employed,other,obc,8,0,0,primary,kisan_credit_card,0.0,2,1,1,0
63,800000,self_employed,other,obc,8,0,0,primary,pm_matru_vandana,0.0,2,1,1,0
63,800000,self_employed,other,obc,8,0,0,primary,mahila_shakti_kendra,0.0,0,2,1,0
63,800000,self_employed,other,obc,8,0,0,primary,national_scholarship_portal,0.0,1,3,1,0
63,800000,self_employed,other,obc,8,0,0,primary,pm_scholarship_scheme,0.0,0,3,1,0
63,800000,self_employed,other,obc,8,0,0,primary,ayushman_bharat,0.0,0,2,1,0
63,800000,self_employed,other,obc,8,0,0,primary,pm_jeevan_jyoti,0.0,0,2,1,0
63,800000,self_employed,other,obc,8,0,0,primary,pm_awas_yojana_gramin,0.0,1,3,1,0
63,800000,self_employed,other,obc,8,0,0,primary,deen_dayal_disability,0.0,0,2,1,0
63,800000,self_employed,other,obc,8,0,0,primary,post_matric_sc,0.0,0,3,1,0
63,800000,self_employed,other,obc,8,0,0,primary,eklavya_model_school,0.0,0,3,1,0
63,800000,self_employed,other,obc,8,0,0,primary,indira_gandhi_old_age,0.0,1,2,1,0
34,0,unemployed,other,general,0.5,0,0,primary,pm_suraksha_bima,100.0,2,0,0,1
34,0,unemployed,other,general,0.5,0,0,primary,pm_jeevan_jyoti,100.0,2,0,0,1
34,0,unemployed,other,general,0.5,0,0,primary,mgnregs,100.0,3,0,0,1
34,0,unemployed,other,general,0.5,0,0,primary,pm_kisan,0.0,3,1,1,0
34,0,unemployed,other,general,0.5,0,0,primary,pm_fasal_bima,0.0,2,1,1,0
34,0,unemployed,other,general,0.5,0,0,primary,kisan_credit_card,0.0,2,1,1,0
34,0,unemployed,other,general,0.5,0,0,primary,pm_matru_vandana,0.0,2,1,1,0
34,0,unemployed,other,general,0.5,0,0,primary,mahila_shakti_kendra,0.0,1,1,1,0
34,0,unemployed,other,general,0.5,0,0,primary,national_scholarship_portal,0.0,1,3,1,0
34,0,unemployed,other,general,0.5,0,0,primary,pm_scholarship_scheme,0.0,1,2,1,0
34,0,unemployed,other,general,0.5,0,0,primary,ayushman_bharat,0.0,1,1,1,0
34,0,unemployed,other,general,0.5,0,0,primary,pm_awas_yojana_gramin,0.0,3,1,1,0
34,0,unemployed,other,general,0.5,0,0,primary,pm_mudra_yojana,0.0,2,1,1,0
34,0,unemployed,other,general,0.5,0,0,primary,startup_india_seed_fund,0.0,1,1,1,0
34,0,unemployed,other,general,0.5,0,0,primary,deen_dayal_disability,0.0,1,1,1,0
34,0,unemployed,other,general,0.5,0,0,primary,post_matric_sc,0.0,1,2,1,0
34,0,unemployed,other,general,0.5,0,0,primary,eklavya_model_school,0.0,0,3,1,0
34,0,unemployed,other,general,0.5,0,0,primary,indira_gandhi_old_age,0.0,1,2,1,0
53,800000,salaried,other,sc,5,0,0,secondary,pm_suraksha_bima,66.7,1,1,0,1
53,800000,salaried,other,sc,5,0,0,secondary,mgnregs,33.3,1,2,0,0
53,800000,salaried,other,sc,5,0,0,secondary,pm_kisan,0.0,2,2,1,0
53,800000,salaried,other,sc,5,0,0,secondary,pm_fasal_bima,0.0,2,1,1,0
53,800000,salaried,other,sc,5,0,0,secondary,kisan_credit_card,0.0,2,1,1,0
53,800000,salaried,other,sc,5,0,0,secondary,pm_matru_vandana,0.0,2,1,1,0
53,800000,salaried,other,sc,5,0,0,secondary,mahila_shakti_kendra,0.0,0,2,1,0
53,800000,salaried,other,sc,5,0,0,secondary,national_scholarship_portal,0.0,1,3,1,0
53,800000,salaried,other,sc,5,0,0,secondary,pm_scholarship_scheme,0.0,0,3,1,0
53,800000,salaried,other,sc,5,0,0,secondary,ayushman_bharat,0.0,0,2,1,0
53,800000,salaried,other,sc,5,0,0,secondary,pm_jeevan_jyoti,0.0,0,2,1,0
53,800000,salaried,other,sc,5,0,0,secondary,pm_awas_yojana_gramin,0.0,1,3,1,0
53,800000,salaried,other,sc,5,0,0,secondary,pm_mudra_yojana,0.0,2,1,1,0
53,800000,salaried,other,sc,5,0,0,secondary,startup_india_seed_fund,0.0,0,2,1,0
53,800000,salaried,other,sc,5,0,0,secondary,deen_dayal_disability,0.0,0,2,1,0
53,800000,salaried,other,sc,5,0,0,secondary,post_matric_sc,0.0,1,2,1,0
53,800000,salaried,other,sc,5,0,0,secondary,eklavya_model_school,0.0,0,3,1,0
53,800000,salaried,other,sc,5,0,0,secondary,indira_gandhi_old_age,0.0,0,3,1,0
72,400000,other,other,st,0.5,1,0,graduate,indira_gandhi_old_age,75.0,2,1,0,1
72,400000,other,other,st,0.5,1,0,graduate,pm_awas_yojana_gramin,71.4,3,1,0,1
72,400000,other,other,st,0.5,1,0,graduate,mgnregs,66.7,2,1,0,1
72,400000,other,other,st,0.5,1,0,graduate,ayushman_bharat,60.0,1,1,0,1
72,400000,other,other,st,0.5,1,0,graduate,pm_kisan,0.0,2,2,1,0
72,400000,other,other,st,0.5,1,0,graduate,pm_fasal_bima,0.0,2,1,1,0
72,400000,other,other,st,0.5,1,0,graduate,kisan_credit_card,0.0,2,1,1,0
72,400000,other,other,st,0.5,1,0,graduate,pm_matru_vandana,0.0,2,1,1,0
72,400000,other,other,st,0.5,1,0,graduate,mahila_shakti_kendra,0.0,0,2,1,0
72,400000,other,other,st,0.5,1,0,graduate,national_scholarship_portal,0.0,1,3,1,0
72,400000,other,other,st,0.5,1,0,graduate,pm_scholarship_scheme,0.0,1,2,1,0
72,400000,other,other,st,0.5,1,0,graduate,pm_suraksha_bima,0.0,1,1,1,0
72,400000,other,other,st,0.5,1,0,graduate,pm_jeevan_jyoti,0.0,1,1,1,0
72,400000,other,other,st,0.5,1,0,graduate,pm_mudra_yojana,0.0,1,2,1,0
72,400000,other,other,st,0.5,1,0,graduate,startup_india_seed_fund,0.0,0,2,1,0
72,400000,other,other,st,0.5,1,0,graduate,deen_dayal_disability,0.0,0,2,1,0
72,400000,other,other,st,0.5,1,0,graduate,post_matric_sc,0.0,0,3,1,0
72,400000,other,other,st,0.5,1,0,graduate,eklavya_model_school,0.0,1,2,1,0
49,150000,other,female,st,0,0,0,secondary,pm_matru_vandana,100.0,3,0,0,1
49,150000,other,female,st,0,0,0,secondary,mahila_shakti_kendra,100.0,2,0,0,1
49,150000,other,female,st,0,0,0,secondary,pm_suraksha_bima,100.0,2,0,0,1
49,150000,other,female,st,0,0,0,secondary,pm_jeevan_jyoti,100.0,2,0,0,1
49,150000,other,female,st,0,0,0,secondary,mgnregs,100.0,3,0,0,1
49,150000,other,female,st,0,0,0,secondary,pm_kisan,0.0,3,1,1,0
49,150000,other,female,st,0,0,0,secondary,pm_fasal_bima,0.0,1,2,1,0
49,150000,other,female,st,0,0,0,secondary,kisan_credit_card,0.0,1,2,1,0
49,150000,other,female,st,0,0,0,secondary,national_scholarship_portal,0.0,2,2,1,0
49,150000,other,female,st,0,0,0,secondary,pm_scholarship_scheme,0.0,1,2,1,0
49,150000,other,female,st,0,0,0,secondary,ayushman_bharat,0.0,0,2,1,0
49,150000,other,female,st,0,0,0,secondary,pm_awas_yojana_gramin,0.0,3,1,1,0
49,150000,other,female,st,0,0,0,secondary,pm_mudra_yojana,0.0,2,1,1,0
49,150000,other,female,st,0,0,0,secondary,startup_india_seed_fund,0.0,1,1,1,0
49,150000,other,female,st,0,0,0,secondary,deen_dayal_disability,0.0,1,1,1,0
49,150000,other,female,st,0,0,0,secondary,post_matric_sc,0.0,1,2,1,0
49,150000,other,female,st,0,0,0,secondary,eklavya_model_school,0.0,1,2,1,0
49,150000,other,female,st,0,0,0,secondary,indira_gandhi_old_age,0.0,0,3,1,0
45,400000,self_employed,female,obc,1,0,0,secondary,pm_matru_vandana,100.0,3,0,0,1
45,400000,self_employed,female,obc,1,0,0,secondary,pm_suraksha_bima,100.0,2,0,0,1
45,400000,self_employed,female,obc,1,0,0,secondary,pm_jeevan_jyoti,100.0,2,0,0,1
45,400000,self_employed,female,obc,1,0,0,secondary,pm_mudra_yojana,100.0,3,0,0,0
45,400000,self_employed,female,obc,1,0,0,secondary,startup_india_seed_fund,100.0,2,0,0,1
45,400000,self_employed,female,obc,1,0,0,secondary,mgnregs,66.7,2,1,0,1
45,400000,self_employed,female,obc,1,0,0,secondary,mahila_shakti_kendra,60.0,1,1,0,1
45,400000,self_employed,female,obc,1,0,0,secondary,pm_kisan,0.0,2,2,1,0
45,400000,self_employed,female,obc,1,0,0,secondary,pm_fasal_bima,0.0,2,1,1,0
45,400000,self_employed,female,obc,1,0,0,secondary,kisan_credit_card,0.0,2,1,1,0
45,400000,self_employed,female,obc,1,0,0,secondary,national_scholarship_portal,0.0,1,3,1,0
45,400000,self_employed,female,obc,1,0,0,secondary,pm_scholarship_scheme,0.0,1,2,1,0
45,400000,self_employed,female,obc,1,0,0,secondary,ayushman_bharat,0.0,0,2,1,0
45,400000,self_employed,female,obc,1,0,0,secondary,pm_awas_yojana_gramin,0.0,2,2,1,0
45,400000,self_employed,female,obc,1,0,0,secondary,deen_dayal_disability,0.0,0,2,1,0
45,400000,self_employed,female,obc,1,0,0,secondary,post_matric_sc,0.0,0,3,1,0
45,400000,self_employed,female,obc,1,0,0,secondary,eklavya_model_school,0.0,0,3,1,0
45,400000,self_employed,female,obc,1,0,0,secondary,indira_gandhi_old_age,0.0,0,3,1,0
66,250000,daily_wage,female,st,5,0,0,graduate,pm_matru_vandana,100.0,3,0,0,1
66,250000,daily_wage,female,st,5,0,0,graduate,mahila_shakti_kendra,100.0,2,0,0,1
66,250000,daily_wage,female,st,5,0,0,graduate,pm_suraksha_bima,100.0,2,0,0,1
66,250000,daily_wage,female,st,5,0,0,graduate,mgnregs,66.7,2,1,0,1
66,250000,daily_wage,female,st,5,0,0,graduate,pm_kisan,0.0,2,2,1,0
66,250000,daily_wage,female,st,5,0,0,graduate,pm_fasal_bima,0.0,2,1,1,0
66,250000,daily_wage,female,st,5,0,0,graduate,kisan_credit_card,0.0,2,1,1,0
66,250000,daily_wage,female,st,5,0,0,graduate,national_scholarship_portal,0.0,2,2,1,0
66,250000,daily_wage,female,st,5,0,0,graduate,pm_scholarship_scheme,0.0,1,2,1,0
66,250000,daily_wage,female,st,5,0,0,graduate,ayushman_bharat,0.0,0,2,1,0
66,250000,daily_wage,female,st,5,0,0,graduate,pm_jeevan_jyoti,0.0,1,1,1,0
66,250000,daily_wage,female,st,5,0,0,graduate,pm_awas_yojana_gramin,0.0,2,2,1,0
66,250000,daily_wage,female,st,5,0,0,graduate,pm_mudra_yojana,0.0,1,2,1,0
66,250000,daily_wage,female,st,5,0,0,graduate,startup_india_seed_fund,0.0,0,2,1,0
66,250000,daily_wage,female,st,5,0,0,graduate,deen_dayal_disability,0.0,1,1,1,0
66,250000,daily_wage,female,st,5,0,0,graduate,post_matric_sc,0.0,1,2,1,0
66,250000,daily_wage,female,st,5,0,0,graduate,eklavya_model_school,0.0,1,2,1,0
66,250000,daily_wage,female,st,5,0,0,graduate,indira_gandhi_old_age,0.0,1,2,1,0
76,0,unemployed,male,sc,2.5,0,0,secondary,mgnregs,100.0,3,0,0,1
76,0,unemployed,male,sc,2.5,0,0,secondary,pm_kisan,0.0,3,1,1,0
76,0,unemployed,male,sc,2.5,0,0,secondary,pm_fasal_bima,0.0,2,1,1,0
76,0,unemployed,male,sc,2.5,0,0,secondary,kisan_credit_card,0.0,1,2,1,0
76,0,unemployed,male,sc,2.5,0,0,secondary,pm_matru_vandana,0.0,2,1,1,0
76,0,unemployed,male,sc,2.5,0,0,secondary,mahila_shakti_kendra,0.0,1,1,1,0
76,0,unemployed,male,sc,2.5,0,0,secondary,national_scholarship_portal,0.0,2,2,1,0
76,0,unemployed,male,sc,2.5,0,0,secondary,pm_scholarship_scheme,0.0,1,2,1,0
76,0,unemployed,male,sc,2.5,0,0,secondary,ayushman_bharat,0.0,1,1,1,0
76,0,unemployed,male,sc,2.5,0,0,secondary,pm_suraksha_bima,0.0,1,1,1,0
76,0,unemployed,male,sc,2.5,0,0,secondary,pm_jeevan_jyoti,0.0,1,1,1,0
76,0,unemployed,male,sc,2.5,0,0,secondary,pm_awas_yojana_gramin,0.0,3,1,1,0
76,0,unemployed,male,sc,2.5,0,0,secondary,pm_mudra_yojana,0.0,1,2,1,0
76,0,unemployed,male,sc,2.5,0,0,secondary,startup_india_seed_fund,0.0,0,2,1,0
76,0,unemployed,male,sc,2.5,0,0,secondary,deen_dayal_disability,0.0,1,1,1,0
76,0,unemployed,male,sc,2.5,0,0,secondary,post_matric_sc,0.0,2,1,1,0
76,0,unemployed,male,sc,2.5,0,0,secondary,eklavya_model_school,0.0,0,3,1,0
76,0,unemployed,male,sc,2.5,0,0,secondary,indira_gandhi_old_age,0.0,2,1,1,0
63,250000,self_employed,female,sc,0,0,0,postgraduate,pm_matru_vandana,100.0,3,0,0,0
63,250000,self_employed,female,sc,0,0,0,postgraduate,mahila_shakti_kendra,100.0,2,0,0,1
63,250000,self_employed,female,sc,0,0,0,postgraduate,pm_suraksha_bima,100.0,2,0,0,1
63,250000,self_employed,female,sc,0,0,0,postgraduate,pm_mudra_yojana,100.0,3,0,0,1
63,250000,self_employed,female,sc,0,0,0,postgraduate,startup_india_seed_fund,75.0,1,1,0,1
63,250000,self_employed,female,sc,0,0,0,postgraduate,mgnregs,66.7,2,1,0,1
63,250000,self_employed,female,sc,0,0,0,postgraduate,pm_kisan,0.0,2,2,1,0
63,250000,self_employed,female,sc,0,0,0,postgraduate,pm_fasal_bima,0.0,1,2,1,0
63,250000,self_employed,female,sc,0,0,0,postgraduate,kisan_credit_card,0.0,1,2,1,0
63,250000,self_employed,female,sc,0,0,0,postgraduate,national_scholarship_portal,0.0,2,2,1,0
63,250000,self_employed,female,sc,0,0,0,postgraduate,pm_scholarship_scheme,0.0,1,2,1,0
63,250000,self_employed,female,sc,0,0,0,postgraduate,ayushman_bharat,0.0,0,2,1,0
63,250000,self_employed,female,sc,0,0,0,postgraduate,pm_jeevan_jyoti,0.0,1,1,1,0
63,250000,self_employed,female,sc,0,0,0,postgraduate,pm_awas_yojana_gramin,0.0,3,1,1,0
63,250000,self_employed,female,sc,0,0,0,postgraduate,deen_dayal_disability,0.0,1,1,1,0
63,250000,self_employed,female,sc,0,0,0,postgraduate,post_matric_sc,0.0,2,1,1,0
63,250000,self_employed,female,sc,0,0,0,postgraduate,eklavya_model_school,0.0,0,3,1,0
63,250000,self_employed,female,sc,0,0,0,postgraduate,indira_gandhi_old_age,0.0,1,2,1,0
59,800000,salaried,other,obc,2.5,0,0,graduate,pm_suraksha_bima,66.7,1,1,0,1
59,800000,salaried,other,obc,2.5,0,0,graduate,mgnregs,33.3,1,2,0,0
59,800000,salaried,other,obc,2.5,0,0,graduate,pm_kisan,0.0,2,2,1,0
59,800000,salaried,other,obc,2.5,0,0,graduate,pm_fasal_bima,0.0,2,1,1,0
59,800000,salaried,other,obc,2.5,0,0,graduate,kisan_credit_card,0.0,2,1,1,0
59,800000,salaried,other,obc,2.5,0,0,graduate,pm_matru_vandana,0.0,2,1,1,0
59,800000,salaried,other,obc,2.5,0,0,graduate,mahila_shakti_kendra,0.0,0,2,1,0
59,800000,salaried,other,obc,2.5,0,0,graduate,national_scholarship_portal,0.0,1,3,1,0
59,800000,salaried,other,obc,2.5,0,0,graduate,pm_scholarship_scheme,0.0,0,3,1,0
59,800000,salaried,other,obc,2.5,0,0,graduate,ayushman_bharat,0.0,0,2,1,0
59,800000,salaried,other,obc,2.5,0,0,graduate,pm_jeevan_jyoti,0.0,0,2,1,0
59,800000,salaried,other,obc,2.5,0,0,graduate,pm_awas_yojana_gramin,0.0,2,2,1,0
59,800000,salaried,other,obc,2.5,0,0,graduate,pm_mudra_yojana,0.0,2,1,1,0
59,800000,salaried,other,obc,2.5,0,0,graduate,startup_india_seed_fund,0.0,0,2,1,0
59,800000,salaried,other,obc,2.5,0,0,graduate,deen_dayal_disability,0.0,0,2,1,0
59,800000,salaried,other,obc,2.5,0,0,graduate,post_matric_sc,0.0,0,3,1,0
59,800000,salaried,other,obc,2.5,0,0,graduate,eklavya_model_school,0.0,0,3,1,0
59,800000,salaried,other,obc,2.5,0,0,graduate,indira_gandhi_old_age,0.0,0,3,1,0
68,800000,student,female,sc,0,0,0,secondary,pm_matru_vandana,100.0,3,0,0,1
68,800000,student,female,sc,0,0,0,secondary,post_matric_sc,71.4,2,1,0,0
68,800000,student,female,sc,0,0,0,secondary,pm_suraksha_bima,66.7,1,1,0,1
68,800000,student,female,sc,0,0,0,secondary,national_scholarship_portal,62.5,2,2,0,0
68,800000,student,female,sc,0,0,0,secondary,mahila_shakti_kendra,60.0,1,1,0,0
68,800000,student,female,sc,0,0,0,secondary,pm_scholarship_scheme,50.0,1,2,0,1
68,800000,student,female,sc,0,0,0,secondary,mgnregs,33.3,1,2,0,1
68,800000,student,female,sc,0,0,0,secondary,pm_kisan,0.0,2,2,1,0
68,800000,student,female,sc,0,0,0,secondary,pm_fasal_bima,0.0,1,2,1,0
68,800000,student,female,sc,0,0,0,secondary,kisan_credit_card,0.0,1,2,1,0
68,800000,student,female,sc,0,0,0,secondary,ayushman_bharat,0.0,0,2,1,0
68,800000,student,female,sc,0,0,0,secondary,pm_jeevan_jyoti,0.0,0,2,1,0
68,800000,student,female,sc,0,0,0,secondary,pm_awas_yojana_gramin,0.0,2,2,1,0
68,800000,student,female,sc,0,0,0,secondary,pm_mudra_yojana,0.0,1,2,1,0
68,800000,student,female,sc,0,0,0,secondary,startup_india_seed_fund,0.0,0,2,1,0
68,800000,student,female,sc,0,0,0,secondary,deen_dayal_disability,0.0,0,2,1,0
68,800000,student,female,sc,0,0,0,secondary,eklavya_model_school,0.0,1,2,1,0
68,800000,student,female,sc,0,0,0,secondary,indira_gandhi_old_age,0.0,1,2,1,0
76,0,farmer,other,obc,0.5,0,0,postgraduate,pm_kisan,100.0,4,0,0,1
76,0,farmer,other,obc,0.5,0,0,postgraduate,pm_fasal_bima,100.0,3,0,0,1
76,0,farmer,other,obc,0.5,0,0,postgraduate,mgnregs,100.0,3,0,0,1
76,0,farmer,other,obc,0.5,0,0,postgraduate,kisan_credit_card,0.0,2,1,1,0
76,0,farmer,other,obc,0.5,0,0,postgraduate,pm_matru_vandana,0.0,2,1,1,0
76,0,farmer,other,obc,0.5,0,0,postgraduate,mahila_shakti_kendra,0.0,1,1,1,0
76,0,farmer,other,obc,0.5,0,0,postgraduate,national_scholarship_portal,0.0,2,2,1,0
76,0,farmer,other,obc,0.5,0,0,postgraduate,pm_scholarship_scheme,0.0,1,2,1,0
76,0,farmer,other,obc,0.5,0,0,postgraduate,ayushman_bharat,0.0,1,1,1,0
76,0,farmer,other,obc,0.5,0,0,postgraduate,pm_suraksha_bima,0.0,1,1,1,0
76,0,farmer,other,obc,0.5,0,0,postgraduate,pm_jeevan_jyoti,0.0,1,1,1,0
76,0,farmer,other,obc,0.5,0,0,postgraduate,pm_awas_yojana_gramin,0.0,3,1,1,0
76,0,farmer,other,obc,0.5,0,0,postgraduate,pm_mudra_yojana,0.0,1,2,1,0
76,0,farmer,other,obc,0.5,0,0,postgraduate,startup_india_seed_fund,0.0,0,2,1,0
76,0,farmer,other,obc,0.5,0,0,postgraduate,deen_dayal_disability,0.0,1,1,1,0
76,0,farmer,other,obc,0.5,0,0,postgraduate,post_matric_sc,0.0,1,2,1,0
76,0,farmer,other,obc,0.5,0,0,postgraduate,eklavya_model_school,0.0,0,3,1,0
76,0,farmer,other,obc,0.5,0,0,postgraduate,indira_gandhi_old_age,0.0,2,1,1,0
59,800000,student,female,general,0.5,0,1,none,pm_matru_vandana,100.0,3,0,0,1
59,800000,student,female,general,0.5,0,1,none,pm_suraksha_bima,66.7,1,1,0,1
59,800000,student,female,general,0.5,0,1,none,mahila_shakti_kendra,60.0,1,1,0,1
59,800000,student,female,general,0.5,0,1,none,deen_dayal_disability,60.0,1,1,0,0
59,800000,student,female,general,0.5,0,1,none,pm_scholarship_scheme,50.0,1,2,0,0
59,800000,student,female,general,0.5,0,1,none,national_scholarship_portal,37.5,1,3,0,1
59,800000,student,female,general,0.5,0,1,none,mgnregs,33.3,1,2,0,0
59,800000,student,female,general,0.5,0,1,none,pm_kisan,0.0,2,2,1,0
59,800000,student,female,general,0.5,0,1,none,pm_fasal_bima,0.0,2,1,1,0
59,800000,student,female,general,0.5,0,1,none,kisan_credit_card,0.0,2,1,1,0
59,800000,student,female,general,0.5,0,1,none,ayushman_bharat,0.0,0,2,1,0
59,800000,student,female,general,0.5,0,1,none,pm_jeevan_jyoti,0.0,0,2,1,0
59,800000,student,female,general,0.5,0,1,none,pm_awas_yojana_gramin,0.0,2,2,1,0
59,800000,student,female,general,0.5,0,1,none,pm_mudra_yojana,0.0,2,1,1,0
59,800000,student,female,general,0.5,0,1,none,startup_india_seed_fund,0.0,0,2,1,0
59,800000,student,female,general,0.5,0,1,none,post_matric_sc,0.0,1,2,1,0
59,800000,student,female,general,0.5,0,1,none,eklavya_model_school,0.0,1,2,1,0
59,800000,student,female,general,0.5,0,1,none,indira_gandhi_old_age,0.0,0,3,1,0
49,800000,other,male,general,0,0,0,graduate,pm_suraksha_bima,66.7,1,1,0,1
49,800000,other,male,general,0,0,0,graduate,pm_jeevan_jyoti,66.7,1,1,0,1
49,800000,other,male,general,0,0,0,graduate,mgnregs,66.7,2,1,0,1
49,800000,other,male,general,0,0,0,graduate,pm_kisan,0.0,2,2,1,0
49,800000,other,male,general,0,0,0,graduate,pm_fasal_bima,0.0,1,2,1,0
49,800000,other,male,general,0,0,0,graduate,kisan_credit_card,0.0,1,2,1,0
49,800000,other,male,general,0,0,0,graduate,pm_matru_vandana,0.0,2,1,1,0
49,800000,other,male,general,0,0,0,graduate,mahila_shakti_kendra,0.0,0,2,1,0
49,800000,other,male,general,0,0,0,graduate,national_scholarship_portal,0.0,0,4,1,0
49,800000,other,male,general,0,0,0,graduate,pm_scholarship_scheme,0.0,0,3,1,0
49,800000,other,male,general,0,0,0,graduate,ayushman_bharat,0.0,0,2,1,0
49,800000,other,male,general,0,0,0,graduate,pm_awas_yojana_gramin,0.0,2,2,1,0
49,800000,other,male,general,0,0,0,graduate,pm_mudra_yojana,0.0,2,1,1,0
49,800000,other,male,general,0,0,0,graduate,startup_india_seed_fund,0.0,1,1,1,0
49,800000,other,male,general,0,0,0,graduate,deen_dayal_disability,0.0,0,2,1,0
49,800000,other,male,general,0,0,0,graduate,post_matric_sc,0.0,0,3,1,0
49,800000,other,male,general,0,0,0,graduate,eklavya_model_school,0.0,0,3,1,0
49,800000,other,male,general,0,0,0,graduate,indira_gandhi_old_age,0.0,0,3,1,0
45,0,self_employed,other,general,8,0,0,secondary,pm_suraksha_bima,100.0,2,0,0,1
45,0,self_employed,other,general,8,0,0,secondary,pm_jeevan_jyoti,100.0,2,0,0,1
45,0,self_employed,other,general,8,0,0,secondary,mgnregs,100.0,3,0,0,1
45,0,self_employed,other,general,8,0,0,secondary,pm_mudra_yojana,100.0,3,0,0,1
45,0,self_employed,other,general,8,0,0,secondary,startup_india_seed_fund,100.0,2,0,0,1
45,0,self_employed,other,general,8,0,0,secondary,pm_kisan,0.0,2,2,1,0
45,0,self_employed,other,general,8,0,0,secondary,pm_fasal_bima,0.0,2,1,1,0
45,0,self_employed,other,general,8,0,0,secondary,kisan_credit_card,0.0,2,1,1,0
45,0,self_employed,other,general,8,0,0,secondary,pm_matru_vandana,0.0,2,1,1,0
45,0,self_employed,other,general,8,0,0,secondary,mahila_shakti_kendra,0.0,1,1,1,0
45,0,self_employed,other,general,8,0,0,secondary,national_scholarship_portal,0.0,1,3,1,0
45,0,self_employed,other,general,8,0,0,secondary,pm_scholarship_scheme,0.0,1,2,1,0
45,0,self_employed,other,general,8,0,0,secondary,ayushman_bharat,0.0,1,1,1,0
45,0,self_employed,other,general,8,0,0,secondary,pm_awas_yojana_gramin,0.0,2,2,1,0
45,0,self_employed,other,general,8,0,0,secondary,deen_dayal_disability,0.0,1,1,1,0
45,0,self_employed,other,general,8,0,0,secondary,post_matric_sc,0.0,1,2,1,0
45,0,self_employed,other,general,8,0,0,secondary,eklavya_model_school,0.0,0,3,1,0
45,0,self_employed,other,general,8,0,0,secondary,indira_gandhi_old_age,0.0,1,2,1,0
73,0,farmer,female,sc,0,1,0,graduate,pm_kisan,100.0,4,0,0,1
73,0,farmer,female,sc,0,1,0,graduate,pm_matru_vandana,100.0,3,0,0,1
73,0,farmer,female,sc,0,1,0,graduate,mahila_shakti_kendra,100.0,2,0,0,1
73,0,farmer,female,sc,0,1,0,graduate,ayushman_bharat,100.0,2,0,0,1
73,0,farmer,female,sc,0,1,0,graduate,pm_awas_yojana_gramin,100.0,4,0,0,1
73,0,farmer,female,sc,0,1,0,graduate,mgnregs,100.0,3,0,0,1
73,0,farmer,female,sc,0,1,0,graduate,indira_gandhi_old_age,100.0,3,0,0,1
73,0,farmer,female,sc,0,1,0,graduate,pm_fasal_bima,66.7,2,1,0,1
73,0,farmer,female,sc,0,1,0,graduate,kisan_credit_card,66.7,2,1,0,1
73,0,farmer,female,sc,0,1,0,graduate,national_scholarship_portal,0.0,2,2,1,0
73,0,farmer,female,sc,0,1,0,graduate,pm_scholarship_scheme,0.0,1,2,1,0
73,0,farmer,female,sc,0,1,0,graduate,pm_suraksha_bima,0.0,1,1,1,0
73,0,farmer,female,sc,0,1,0,graduate,pm_jeevan_jyoti,0.0,1,1,1,0
73,0,farmer,female,sc,0,1,0,graduate,pm_mudra_yojana,0.0,1,2,1,0
73,0,farmer,female,sc,0,1,0,graduate,startup_india_seed_fund,0.0,0,2,1,0
73,0,farmer,female,sc,0,1,0,graduate,deen_dayal_disability,0.0,1,1,1,0
73,0,farmer,female,sc,0,1,0,graduate,post_matric_sc,0.0,2,1,1,0
73,0,farmer,female,sc,0,1,0,graduate,eklavya_model_school,0.0,0,3,1,0
56,400000,unemployed,female,st,0,0,0,primary,pm_matru_vandana,100.0,3,0,0,1
56,400000,unemployed,female,st,0,0,0,primary,pm_suraksha_bima,100.0,2,0,0,1
56,400000,unemployed,female,st,0,0,0,primary,mgnregs,66.7,2,1,0,1
56,400000,unemployed,female,st,0,0,0,primary,mahila_shakti_kendra,60.0,1,1,0,1
56,400000,unemployed,female,st,0,0,0,primary,pm_kisan,0.0,2,2,1,0
56,400000,unemployed,female,st,0,0,0,primary,pm_fasal_bima,0.0,1,2,1,0
56,400000,unemployed,female,st,0,0,0,primary,kisan_credit_card,0.0,1,2,1,0
56,400000,unemployed,female,st,0,0,0,primary,national_scholarship_portal,0.0,1,3,1,0
56,400000,unemployed,female,st,0,0,0,primary,pm_scholarship_scheme,0.0,1,2,1,0
56,400000,unemployed,female,st,0,0,0,primary,ayushman_bharat,0.0,0,2,1,0
56,400000,unemployed,female,st,0,0,0,primary,pm_jeevan_jyoti,0.0,1,1,1,0
56,400000,unemployed,female,st,0,0,0,primary,pm_awas_yojana_gramin,0.0,2,2,1,0
56,400000,unemployed,female,st,0,0,0,primary,pm_mudra_yojana,0.0,2,1,1,0
56,400000,unemployed,female,st,0,0,0,primary,startup_india_seed_fund,0.0,0,2,1,0
56,400000,unemployed,female,st,0,0,0,primary,deen_dayal_disability,0.0,0,2,1,0
56,400000,unemployed,female,st,0,0,0,primary,post_matric_sc,0.0,0,3,1,0
56,400000,unemployed,female,st,0,0,0,primary,eklavya_model_school,0.0,1,2,1,0
56,400000,unemployed,female,st,0,0,0,primary,indira_gandhi_old_age,0.0,0,3,1,0
38,800000,daily_wage,other,st,2.5,1,0,none,pm_awas_yojana_gramin,71.4,3,1,0,1
38,800000,daily_wage,other,st,2.5,1,0,none,pm_suraksha_bima,66.7,1,1,0,1
38,800000,daily_wage,other,st,2.5,1,0,none,pm_jeevan_jyoti,66.7,1,1,0,1
38,800000,daily_wage,other,st,2.5,1,0,none,mgnregs,66.7,2,1,0,1
38,800000,daily_wage,other,st,2.5,1,0,none,ayushman_bharat,60.0,1,1,0,0
38,800000,daily_wage,other,st,2.5,1,0,none,pm_kisan,0.0,2,2,1,0
38,800000,daily_wage,other,st,2.5,1,0,none,pm_fasal_bima,0.0,2,1,1,0
38,800000,daily_wage,other,st,2.5,1,0,none,kisan_credit_card,0.0,2,1,1,0
38,800000,daily_wage,other,st,2.5,1,0,none,pm_matru_vandana,0.0,2,1,1,0
38,800000,daily_wage,other,st,2.5,1,0,none,mahila_shakti_kendra,0.0,0,2,1,0
38,800000,daily_wage,other,st,2.5,1,0,none,national_scholarship_portal,0.0,1,3,1,0
38,800000,daily_wage,other,st,2.5,1,0,none,pm_scholarship_scheme,0.0,0,3,1,0
38,800000,daily_wage,other,st,2.5,1,0,none,pm_mudra_yojana,0.0,2,1,1,0
38,800000,daily_wage,other,st,2.5,1,0,none,startup_india_seed_fund,0.0,1,1,1,0
38,800000,daily_wage,other,st,2.5,1,0,none,deen_dayal_disability,0.0,0,2,1,0
38,800000,daily_wage,other,st,2.5,1,0,none,post_matric_sc,0.0,0,3,1,0
38,800000,daily_wage,other,st,2.5,1,0,none,eklavya_model_school,0.0,1,2,1,0
38,800000,daily_wage,other,st,2.5,1,0,none,indira_gandhi_old_age,0.0,1,2,1,0
17,40000,salaried,female,obc,0,1,1,secondary,mahila_shakti_kendra,100.0,2,0,0,1
17,40000,salaried,female,obc,0,1,1,secondary,ayushman_bharat,100.0,2,0,0,1
17,40000,salaried,female,obc,0,1,1,secondary,deen_dayal_disability,100.0,2,0,0,0
17,40000,salaried,female,obc,0,1,1,secondary,pm_kisan,0.0,2,2,1,0
17,40000,salaried,female,obc,0,1,1,secondary,pm_fasal_bima,0.0,0,3,1,0
17,40000,salaried,female,obc,0,1,1,secondary,kisan_credit_card,0.0,0,3,1,0
17,40000,salaried,female,obc,0,1,1,secondary,pm_matru_vandana,0.0,2,1,1,0
17,40000,salaried,female,obc,0,1,1,secondary,national_scholarship_portal,0.0,3,1,1,0
17,40000,salaried,female,obc,0,1,1,secondary,pm_scholarship_scheme,0.0,1,2,1,0
17,40000,salaried,female,obc,0,1,1,secondary,pm_suraksha_bima,0.0,1,1,1,0
17,40000,salaried,female,obc,0,1,1,secondary,pm_jeevan_jyoti,0.0,1,1,1,0
17,40000,salaried,female,obc,0,1,1,secondary,pm_awas_yojana_gramin,0.0,3,1,1,0
17,40000,salaried,female,obc,0,1,1,secondary,mgnregs,0.0,1,2,1,0
17,40000,salaried,female,obc,0,1,1,secondary,pm_mudra_yojana,0.0,1,2,1,0
17,40000,salaried,female,obc,0,1,1,secondary,startup_india_seed_fund,0.0,0,2,1,0
17,40000,salaried,female,obc,0,1,1,secondary,post_matric_sc,0.0,1,2,1,0
17,40000,salaried,female,obc,0,1,1,secondary,eklavya_model_school,0.0,1,2,1,0
17,40000,salaried,female,obc,0,1,1,secondary,indira_gandhi_old_age,0.0,2,1,1,0
62,0,self_employed,female,obc,0,0,0,none,pm_matru_vandana,100.0,3,0,0,1
62,0,self_employed,female,obc,0,0,0,none,mahila_shakti_kendra,100.0,2,0,0,1
62,0,self_employed,female,obc,0,0,0,none,pm_suraksha_bima,100.0,2,0,0,1
62,0,self_employed,female,obc,0,0,0,none,mgnregs,100.0,3,0,0,1
62,0,self_employed,female,obc,0,0,0,none,pm_mudra_yojana,100.0,3,0,0,1
62,0,self_employed,female,obc,0,0,0,none,startup_india_seed_fund,75.0,1,1,0,1
62,0,self_employed,female,obc,0,0,0,none,pm_kisan,0.0,3,1,1,0
62,0,self_employed,female,obc,0,0,0,none,pm_fasal_bima,0.0,1,2,1,0
62,0,self_employed,female,obc,0,0,0,none,kisan_credit_card,0.0,1,2,1,0
62,0,self_employed,female,obc,0,0,0,none,national_scholarship_portal,0.0,2,2,1,0
62,0,self_employed,female,obc,0,0,0,none,pm_scholarship_scheme,0.0,1,2,1,0
62,0,self_employed,female,obc,0,0,0,none,ayushman_bharat,0.0,1,1,1,0
62,0,self_employed,female,obc,0,0,0,none,pm_jeevan_jyoti,0.0,1,1,1,0
62,0,self_employed,female,obc,0,0,0,none,pm_awas_yojana_gramin,0.0,3,1,1,0
62,0,self_employed,female,obc,0,0,0,none,deen_dayal_disability,0.0,1,1,1,0
62,0,self_employed,female,obc,0,0,0,none,post_matric_sc,0.0,1,2,1,0
62,0,self_employed,female,obc,0,0,0,none,eklavya_model_school,0.0,0,3,1,0
62,0,self_employed,female,obc,0,0,0,none,indira_gandhi_old_age,0.0,2,1,1,0
45,250000,student,other,general,5,0,0,postgraduate,pm_suraksha_bima,100.0,2,0,0,1
45,250000,student,other,general,5,0,0,postgraduate,pm_jeevan_jyoti,100.0,2,0,0,1
45,250000,student,other,general,5,0,0,postgraduate,pm_scholarship_scheme,83.3,2,1,0,1
45,250000,student,other,general,5,0,0,postgraduate,national_scholarship_portal,62.5,2,2,0,1
45,250000,student,other,general,5,0,0,postgraduate,mgnregs,33.3,1,2,0,0
45,250000,student,other,general,5,0,0,postgraduate,pm_kisan,0.0,2,2,1,0
45,250000,student,other,general,5,0,0,postgraduate,pm_fasal_bima,0.0,2,1,1,0
45,250000,student,other,general,5,0,0,postgraduate,kisan_credit_card,0.0,2,1,1,0
45,250000,student,other,general,5,0,0,postgraduate,pm_matru_vandana,0.0,2,1,1,0
45,250000,student,other,general,5,0,0,postgraduate,mahila_shakti_kendra,0.0,1,1,1,0
45,250000,student,other,general,5,0,0,postgraduate,ayushman_bharat,0.0,0,2,1,0
45,250000,student,other,general,5,0,0,postgraduate,pm_awas_yojana_gramin,0.0,2,2,1,0
45,250000,student,other,general,5,0,0,postgraduate,pm_mudra_yojana,0.0,2,1,1,0
45,250000,student,other,general,5,0,0,postgraduate,startup_india_seed_fund,0.0,1,1,1,0
45,250000,student,other,general,5,0,0,postgraduate,deen_dayal_disability,0.0,1,1,1,0
45,250000,student,other,general,5,0,0,postgraduate,post_matric_sc,0.0,2,1,1,0
45,250000,student,other,general,5,0,0,postgraduate,eklavya_model_school,0.0,1,2,1,0
45,250000,student,other,general,5,0,0,postgraduate,indira_gandhi_old_age,0.0,0,3,1,0
79,400000,daily_wage,male,obc,0.5,0,0,secondary,mgnregs,66.7,2,1,0,1
79,400000,daily_wage,male,obc,0.5,0,0,secondary,pm_kisan,0.0,2,2,1,0
79,400000,daily_wage,male,obc,0.5,0,0,secondary,pm_fasal_bima,0.0,2,1,1,0
79,400000,daily_wage,male,obc,0.5,0,0,secondary,kisan_credit_card,0.0,1,2,1,0
79,400000,daily_wage,male,obc,0.5,0,0,secondary,pm_matru_vandana,0.0,2,1,1,0
79,400000,daily_wage,male,obc,0.5,0,0,secondary,mahila_shakti_kendra,0.0,0,2,1,0
79,400000,daily_wage,male,obc,0.5,0,0,secondary,national_scholarship_portal,0.0,1,3,1,0
79,400000,daily_wage,male,obc,0.5,0,0,secondary,pm_scholarship_scheme,0.0,1,2,1,0
79,400000,daily_wage,male,obc,0.5,0,0,secondary,ayushman_bharat,0.0,0,2,1,0
79,400000,daily_wage,male,obc,0.5,0,0,secondary,pm_suraksha_bima,0.0,1,1,1,0
79,400000,daily_wage,male,obc,0.5,0,0,secondary,pm_jeevan_jyoti,0.0,1,1,1,0
79,400000,daily_wage,male,obc,0.5,0,0,secondary,pm_awas_yojana_gramin,0.0,2,2,1,0
79,400000,daily_wage,male,obc,0.5,0,0,secondary,pm_mudra_yojana,0.0,1,2,1,0
79,400000,daily_wage,male,obc,0.5,0,0,secondary,startup_india_seed_fund,0.0,0,2,1,0
79,400000,daily_wage,male,obc,0.5,0,0,secondary,deen_dayal_disability,0.0,0,2,1,0
79,400000,daily_wage,male,obc,0.5,0,0,secondary,post_matric_sc,0.0,0,3,1,0
79,400000,daily_wage,male,obc,0.5,0,0,secondary,eklavya_model_school,0.0,0,3,1,0
79,400000,daily_wage,male,obc,0.5,0,0,secondary,indira_gandhi_old_age,0.0,1,2,1,0
19,150000,unemployed,female,general,0,1,0,none,pm_matru_vandana,100.0,3,0,0,1
19,150000,unemployed,female,general,0,1,0,none,mahila_shakti_kendra,100.0,2,0,0,1
19,150000,unemployed,female,general,0,1,0,none,pm_suraksha_bima,100.0,2,0,0,1
19,150000,unemployed,female,general,0,1,0,none,pm_jeevan_jyoti,100.0,2,0,0,1
19,150000,unemployed,female,general,0,1,0,none,pm_awas_yojana_gramin,100.0,4,0,0,1
19,150000,unemployed,female,general,0,1,0,none,mgnregs,100.0,3,0,0,1
19,150000,unemployed,female,general,0,1,0,none,ayushman_bharat,60.0,1,1,0,0
19,150000,unemployed,female,general,0,1,0,none,pm_kisan,0.0,3,1,1,0
19,150000,unemployed,female,general,0,1,0,none,pm_fasal_bima,0.0,1,2,1,0
19,150000,unemployed,female,general,0,1,0,none,kisan_credit_card,0.0,1,2,1,0
19,150000,unemployed,female,general,0,1,0,none,national_scholarship_portal,0.0,2,2,1,0
19,150000,unemployed,female,general,0,1,0,none,pm_scholarship_scheme,0.0,2,1,1,0
19,150000,unemployed,female,general,0,1,0,none,pm_mudra_yojana,0.0,2,1,1,0
19,150000,unemployed,female,general,0,1,0,none,startup_india_seed_fund,0.0,1,1,1,0
19,150000,unemployed,female,general,0,1,0,none,deen_dayal_disability,0.0,1,1,1,0
19,150000,unemployed,female,general,0,1,0,none,post_matric_sc,0.0,1,2,1,0
19,150000,unemployed,female,general,0,1,0,none,eklavya_model_school,0.0,0,3,1,0
19,150000,unemployed,female,general,0,1,0,none,indira_gandhi_old_age,0.0,1,2,1,0
72,40000,unemployed,female,general,0,0,0,none,pm_matru_vandana,100.0,3,0,0,1
72,40000,unemployed,female,general,0,0,0,none,mahila_shakti_kendra,100.0,2,0,0,1
72,40000,unemployed,female,general,0,0,0,none,mgnregs,100.0,3,0,0,1
72,40000,unemployed,female,general,0,0,0,none,pm_kisan,0.0,3,1,1,0
72,40000,unemployed,female,general,0,0,0,none,pm_fasal_bima,0.0,1,2,1,0
72,40000,unemployed,female,general,0,0,0,none,kisan_credit_card,0.0,1,2,1,0
72,40000,unemployed,female,general,0,0,0,none,national_scholarship_portal,0.0,1,3,1,0
72,40000,unemployed,female,general,0,0,0,none,pm_scholarship_scheme,0.0,1,2,1,0
72,40000,unemployed,female,general,0,0,0,none,ayushman_bharat,0.0,1,1,1,0
72,40000,unemployed,female,general,0,0,0,none,pm_suraksha_bima,0.0,1,1,1,0
72,40000,unemployed,female,general,0,0,0,none,pm_jeevan_jyoti,0.0,1,1,1,0
72,40000,unemployed,female,general,0,0,0,none,pm_awas_yojana_gramin,0.0,3,1,1,0
72,40000,unemployed,female,general,0,0,0,none,pm_mudra_yojana,0.0,1,2,1,0
72,40000,unemployed,female,general,0,0,0,none,startup_india_seed_fund,0.0,0,2,1,0
72,40000,unemployed,female,general,0,0,0,none,deen_dayal_disability,0.0,1,1,1,0
72,40000,unemployed,female,general,0,0,0,none,post_matric_sc,0.0,1,2,1,0
72,40000,unemployed,female,general,0,0,0,none,eklavya_model_school,0.0,0,3,1,0
72,40000,unemployed,female,general,0,0,0,none,indira_gandhi_old_age,0.0,2,1,1,0
23,0,self_employed,female,st,2.5,0,0,postgraduate,pm_matru_vandana,100.0,3,0,0,1
23,0,self_employed,female,st,2.5,0,0,postgraduate,mahila_shakti_kendra,100.0,2,0,0,1
23,0,self_employed,female,st,2.5,0,0,postgraduate,pm_suraksha_bima,100.0,2,0,0,1
23,0,self_employed,female,st,2.5,0,0,postgraduate,pm_jeevan_jyoti,100.0,2,0,0,1
23,0,self_employed,female,st,2.5,0,0,postgraduate,mgnregs,100.0,3,0,0,1
23,0,self_employed,female,st,2.5,0,0,postgraduate,pm_mudra_yojana,100.0,3,0,0,1
23,0,self_employed,female,st,2.5,0,0,postgraduate,startup_india_seed_fund,100.0,2,0,0,1
23,0,self_employed,female,st,2.5,0,0,postgraduate,pm_kisan,0.0,3,1,1,0
23,0,self_employed,female,st,2.5,0,0,postgraduate,pm_fasal_bima,0.0,2,1,1,0
23,0,self_employed,female,st,2.5,0,0,postgraduate,kisan_credit_card,0.0,2,1,1,0
23,0,self_employed,female,st,2.5,0,0,postgraduate,national_scholarship_portal,0.0,3,1,1,0
23,0,self_employed,female,st,2.5,0,0,postgraduate,pm_scholarship_scheme,0.0,2,1,1,0
23,0,self_employed,female,st,2.5,0,0,postgraduate,ayushman_bharat,0.0,1,1,1,0
23,0,self_employed,female,st,2.5,0,0,postgraduate,pm_awas_yojana_gramin,0.0,3,1,1,0
23,0,self_employed,female,st,2.5,0,0,postgraduate,deen_dayal_disability,0.0,1,1,1,0
23,0,self_employed,female,st,2.5,0,0,postgraduate,post_matric_sc,0.0,1,2,1,0
23,0,self_employed,female,st,2.5,0,0,postgraduate,eklavya_model_school,0.0,1,2,1,0
23,0,self_employed,female,st,2.5,0,0,postgraduate,indira_gandhi_old_age,0.0,1,2,1,0
40,90000,unemployed,other,sc,1,0,0,primary,pm_suraksha_bima,100.0,2,0,0,1
40,90000,unemployed,other,sc,1,0,0,primary,pm_jeevan_jyoti,100.0,2,0,0,1
40,90000,unemployed,other,sc,1,0,0,primary,mgnregs,100.0,3,0,0,1
40,90000,unemployed,other,sc,1,0,0,primary,pm_kisan,0.0,3,1,1,0
40,90000,unemployed,other,sc,1,0,0,primary,pm_fasal_bima,0.0,2,1,1,0
40,90000,unemployed,other,sc,1,0,0,primary,kisan_credit_card,0.0,2,1,1,0
40,90000,unemployed,other,sc,1,0,0,primary,pm_matru_vandana,0.0,2,1,1,0
40,90000,unemployed,other,sc,1,0,0,primary,mahila_shakti_kendra,0.0,1,1,1,0
40,90000,unemployed,other,sc,1,0,0,primary,national_scholarship_portal,0.0,2,2,1,0
40,90000,unemployed,other,sc,1,0,0,primary,pm_scholarship_scheme,0.0,1,2,1,0
40,90000,unemployed,other,sc,1,0,0,primary,ayushman_bharat,0.0,1,1,1,0
40,90000,unemployed,other,sc,1,0,0,primary,pm_awas_yojana_gramin,0.0,3,1,1,0
40,90000,unemployed,other,sc,1,0,0,primary,pm_mudra_yojana,0.0,2,1,1,0
40,90000,unemployed,other,sc,1,0,0,primary,startup_india_seed_fund,0.0,1,1,1,0
40,90000,unemployed,other,sc,1,0,0,primary,deen_dayal_disability,0.0,1,1,1,0
40,90000,unemployed,other,sc,1,0,0,primary,post_matric_sc,0.0,2,1,1,0
40,90000,unemployed,other,sc,1,0,0,primary,eklavya_model_school,0.0,0,3,1,0
40,90000,unemployed,other,sc,1,0,0,primary,indira_gandhi_old_age,0.0,1,2,1,0
61,250000,daily_wage,other,obc,1,0,0,secondary,pm_suraksha_bima,100.0,2,0,0,1
61,250000,daily_wage,other,obc,1,0,0,secondary,mgnregs,66.7,2,1,0,1
61,250000,daily_wage,other,obc,1,0,0,secondary,pm_kisan,0.0,2,2,1,0
61,250000,daily_wage,other,obc,1,0,0,secondary,pm_fasal_bima,0.0,2,1,1,0
61,250000,daily_wage,other,obc,1,0,0,secondary,kisan_credit_card,0.0,2,1,1,0
61,250000,daily_wage,other,obc,1,0,0,secondary,pm_matru_vandana,0.0,2,1,1,0
61,250000,daily_wage,other,obc,1,0,0,secondary,mahila_shakti_kendra,0.0,1,1,1,0
61,250000,daily_wage,other,obc,1,0,0,secondary,national_scholarship_portal,0.0,2,2,1,0
61,250000,daily_wage,other,obc,1,0,0,secondary,pm_scholarship_scheme,0.0,1,2,1,0
61,250000,daily_wage,other,obc,1,0,0,secondary,ayushman_bharat,0.0,0,2,1,0
61,250000,daily_wage,other,obc,1,0,0,secondary,pm_jeevan_jyoti,0.0,1,1,1,0
61,250000,daily_wage,other,obc,1,0,0,secondary,pm_awas_yojana_gramin,0.0,3,1,1,0
61,250000,daily_wage,other,obc,1,0,0,secondary,pm_mudra_yojana,0.0,2,1,1,0
61,250000,daily_wage,other,obc,1,0,0,secondary,startup_india_seed_fund,0.0,0,2,1,0
61,250000,daily_wage,other,obc,1,0,0,secondary,deen_dayal_disability,0.0,1,1,1,0
61,250000,daily_wage,other,obc,1,0,0,secondary,post_matric_sc,0.0,1,2,1,0
61,250000,daily_wage,other,obc,1,0,0,secondary,eklavya_model_school,0.0,0,3,1,0
61,250000,daily_wage,other,obc,1,0,0,secondary,indira_gandhi_old_age,0.0,1,2,1,0
22,800000,self_employed,male,obc,0,0,0,graduate,pm_mudra_yojana,100.0,3,0,0,1
22,800000,self_employed,male,obc,0,0,0,graduate,startup_india_seed_fund,100.0,2,0,0,1
22,800000,self_employed,male,obc,0,0,0,graduate,pm_suraksha_bima,66.7,1,1,0,1
22,800000,self_employed,male,obc,0,0,0,graduate,pm_jeevan_jyoti,66.7,1,1,0,1
22,800000,self_employed,male,obc,0,0,0,graduate,mgnregs,66.7,2,1,0,1
22,800000,self_employed,male,obc,0,0,0,graduate,pm_kisan,0.0,2,2,1,0
22,800000,self_employed,male,obc,0,0,0,graduate,pm_fasal_bima,0.0,1,2,1,0
22,800000,self_employed,male,obc,0,0,0,graduate,kisan_credit_card,0.0,1,2,1,0
22,800000,self_employed,male,obc,0,0,0,graduate,pm_matru_vandana,0.0,2,1,1,0
22,800000,self_employed,male,obc,0,0,0,graduate,mahila_shakti_kendra,0.0,0,2,1,0
22,800000,self_employed,male,obc,0,0,0,graduate,national_scholarship_portal,0.0,2,2,1,0
22,800000,self_employed,male,obc,0,0,0,graduate,pm_scholarship_scheme,0.0,1,2,1,0
22,800000,self_employed,male,obc,0,0,0,graduate,ayushman_bharat,0.0,0,2,1,0
22,800000,self_employed,male,obc,0,0,0,graduate,pm_awas_yojana_gramin,0.0,2,2,1,0
22,800000,self_employed,male,obc,0,0,0,graduate,deen_dayal_disability,0.0,0,2,1,0
22,800000,self_employed,male,obc,0,0,0,graduate,post_matric_sc,0.0,0,3,1,0
22,800000,self_employed,male,obc,0,0,0,graduate,eklavya_model_school,0.0,0,3,1,0
22,800000,self_employed,male,obc,0,0,0,graduate,indira_gandhi_old_age,0.0,0,3,1,0
44,0,unemployed,male,obc,2.5,1,0,secondary,ayushman_bharat,100.0,2,0,0,1
44,0,unemployed,male,obc,2.5,1,0,secondary,pm_suraksha_bima,100.0,2,0,0,1
44,0,unemployed,male,obc,2.5,1,0,secondary,pm_jeevan_jyoti,100.0,2,0,0,1
44,0,unemployed,male,obc,2.5,1,0,secondary,pm_awas_yojana_gramin,100.0,4,0,0,1
44,0,unemployed,male,obc,2.5,1,0,secondary,mgnregs,100.0,3,0,0,1
44,0,unemployed,male,obc,2.5,1,0,secondary,pm_kisan,0.0,3,1,1,0
44,0,unemployed,male,obc,2.5,1,0,secondary,pm_fasal_bima,0.0,2,1,1,0
44,0,unemployed,male,obc,2.5,1,0,secondary,kisan_credit_card,0.0,2,1,1,0
44,0,unemployed,male,obc,2.5,1,0,secondary,pm_matru_vandana,0.0,2,1,1,0
44,0,unemployed,male,obc,2.5,1,0,secondary,mahila_shakti_kendra,0.0,1,1,1,0
44,0,unemployed,male,obc,2.5,1,0,secondary,national_scholarship_portal,0.0,2,2,1,0
44,0,unemployed,male,obc,2.5,1,0,secondary,pm_scholarship_scheme,0.0,1,2,1,0
44,0,unemployed,male,obc,2.5,1,0,secondary,pm_mudra_yojana,0.0,2,1,1,0
44,0,unemployed,male,obc,2.5,1,0,secondary,startup_india_seed_fund,0.0,1,1,1,0
44,0,unemployed,male,obc,2.5,1,0,secondary,deen_dayal_disability,0.0,1,1,1,0
44,0,unemployed,male,obc,2.5,1,0,secondary,post_matric_sc,0.0,1,2,1,0
44,0,unemployed,male,obc,2.5,1,0,secondary,eklavya_model_school,0.0,0,3,1,0
44,0,unemployed,male,obc,2.5,1,0,secondary,indira_gandhi_old_age,0.0,2,1,1,0
62,0,farmer,male,obc,0,1,0,primary,pm_kisan,100.0,4,0,0,1
62,0,farmer,male,obc,0,1,0,primary,ayushman_bharat,100.0,2,0,0,1
62,0,farmer,male,obc,0,1,0,primary,pm_suraksha_bima,100.0,2,0,0,1
62,0,farmer,male,obc,0,1,0,primary,pm_awas_yojana_gramin,100.0,4,0,0,1
62,0,farmer,male,obc,0,1,0,primary,mgnregs,100.0,3,0,0,1
62,0,farmer,male,obc,0,1,0,primary,indira_gandhi_old_age,100.0,3,0,0,1
62,0,farmer,male,obc,0,1,0,primary,pm_fasal_bima,66.7,2,1,0,1
62,0,farmer,male,obc,0,1,0,primary,kisan_credit_card,66.7,2,1,0,1
62,0,farmer,male,obc,0,1,0,primary,pm_matru_vandana,0.0,2,1,1,0
62,0,farmer,male,obc,0,1,0,primary,mahila_shakti_kendra,0.0,1,1,1,0
62,0,farmer,male,obc,0,1,0,primary,national_scholarship_portal,0.0,2,2,1,0
62,0,farmer,male,obc,0,1,0,primary,pm_scholarship_scheme,0.0,1,2,1,0
62,0,farmer,male,obc,0,1,0,primary,pm_jeevan_jyoti,0.0,1,1,1,0
62,0,farmer,male,obc,0,1,0,primary,pm_mudra_yojana,0.0,2,1,1,0
62,0,farmer,male,obc,0,1,0,primary,startup_india_seed_fund,0.0,0,2,1,0
62,0,farmer,male,obc,0,1,0,primary,deen_dayal_disability,0.0,1,1,1,0
62,0,farmer,male,obc,0,1,0,primary,post_matric_sc,0.0,1,2,1,0
62,0,farmer,male,obc,0,1,0,primary,eklavya_model_school,0.0,0,3,1,0
71,40000,farmer,male,obc,0,0,0,secondary,pm_kisan,100.0,4,0,0,1
71,40000,farmer,male,obc,0,0,0,secondary,mgnregs,100.0,3,0,0,1
71,40000,farmer,male,obc,0,0,0,secondary,pm_fasal_bima,66.7,2,1,0,1
71,40000,farmer,male,obc,0,0,0,secondary,kisan_credit_card,66.7,2,1,0,1
71,40000,farmer,male,obc,0,0,0,secondary,pm_matru_vandana,0.0,2,1,1,0
71,40000,farmer,male,obc,0,0,0,secondary,mahila_shakti_kendra,0.0,1,1,1,0
71,40000,farmer,male,obc,0,0,0,secondary,national_scholarship_portal,0.0,2,2,1,0
71,40000,farmer,male,obc,0,0,0,secondary,pm_scholarship_scheme,0.0,1,2,1,0
71,40000,farmer,male,obc,0,0,0,secondary,ayushman_bharat,0.0,1,1,1,0
71,40000,farmer,male,obc,0,0,0,secondary,pm_suraksha_bima,0.0,1,1,1,0
71,40000,farmer,male,obc,0,0,0,secondary,pm_jeevan_jyoti,0.0,1,1,1,0
71,40000,farmer,male,obc,0,0,0,secondary,pm_awas_yojana_gramin,0.0,3,1,1,0
71,40000,farmer,male,obc,0,0,0,secondary,pm_mudra_yojana,0.0,1,2,1,0
71,40000,farmer,male,obc,0,0,0,secondary,startup_india_seed_fund,0.0,0,2,1,0
71,40000,farmer,male,obc,0,0,0,secondary,deen_dayal_disability,0.0,1,1,1,0
71,40000,farmer,male,obc,0,0,0,secondary,post_matric_sc,0.0,1,2,1,0
71,40000,farmer,male,obc,0,0,0,secondary,eklavya_model_school,0.0,0,3,1,0
71,40000,farmer,male,obc,0,0,0,secondary,indira_gandhi_old_age,0.0,2,1,1,0
22,250000,other,male,st,5,1,0,postgraduate,pm_suraksha_bima,100.0,2,0,0,1
22,250000,other,male,st,5,1,0,postgraduate,pm_jeevan_jyoti,100.0,2,0,0,1
22,250000,other,male,st,5,1,0,postgraduate,pm_awas_yojana_gramin,85.7,3,1,0,1
22,250000,other,male,st,5,1,0,postgraduate,mgnregs,66.7,2,1,0,0
22,250000,other,male,st,5,1,0,postgraduate,ayushman_bharat,60.0,1,1,0,1
22,250000,other,male,st,5,1,0,postgraduate,pm_kisan,0.0,2,2,1,0
22,250000,other,male,st,5,1,0,postgraduate,pm_fasal_bima,0.0,2,1,1,0
22,250000,other,male,st,5,1,0,postgraduate,kisan_credit_card,0.0,2,1,1,0
22,250000,other,male,st,5,1,0,postgraduate,pm_matru_vandana,0.0,2,1,1,0
22,250000,other,male,st,5,1,0,postgraduate,mahila_shakti_kendra,0.0,1,1,1,0
22,250000,other,male,st,5,1,0,postgraduate,national_scholarship_portal,0.0,3,1,1,0
22,250000,other,male,st,5,1,0,postgraduate,pm_scholarship_scheme,0.0,2,1,1,0
22,250000,other,male,st,5,1,0,postgraduate,pm_mudra_yojana,0.0,2,1,1,0
22,250000,other,male,st,5,1,0,postgraduate,startup_india_seed_fund,0.0,1,1,1,0
22,250000,other,male,st,5,1,0,postgraduate,deen_dayal_disability,0.0,1,1,1,0
22,250000,other,male,st,5,1,0,postgraduate,post_matric_sc,0.0,1,2,1,0
22,250000,other,male,st,5,1,0,postgraduate,eklavya_model_school,0.0,1,2,1,0
22,250000,other,male,st,5,1,0,postgraduate,indira_gandhi_old_age,0.0,1,2,1,0
79,1500000,self_employed,other,st,8,0,1,primary,startup_india_seed_fund,75.0,1,1,0,1
79,1500000,self_employed,other,st,8,0,1,primary,mgnregs,66.7,2,1,0,1
79,1500000,self_employed,other,st,8,0,1,primary,deen_dayal_disability,60.0,1,1,0,1
79,1500000,self_employed,other,st,8,0,1,primary,pm_kisan,0.0,1,3,1,0
79,1500000,self_employed,other,st,8,0,1,primary,pm_fasal_bima,0.0,2,1,1,0
79,1500000,self_employed,other,st,8,0,1,primary,kisan_credit_card,0.0,1,2,1,0
79,1500000,self_employed,other,st,8,0,1,primary,pm_matru_vandana,0.0,1,2,1,0
79,1500000,self_employed,other,st,8,0,1,primary,mahila_shakti_kendra,0.0,0,2,1,0
79,1500000,self_employed,other,st,8,0,1,primary,national_scholarship_portal,0.0,1,3,1,0
79,1500000,self_employed,other,st,8,0,1,primary,pm_scholarship_scheme,0.0,0,3,1,0
79,1500000,self_employed,other,st,8,0,1,primary,ayushman_bharat,0.0,0,2,1,0
79,1500000,self_employed,other,st,8,0,1,primary,pm_suraksha_bima,0.0,0,2,1,0
79,1500000,self_employed,other,st,8,0,1,primary,pm_jeevan_jyoti,0.0,0,2,1,0
79,1500000,self_employed,other,st,8,0,1,primary,pm_awas_yojana_gramin,0.0,1,3,1,0
79,1500000,self_employed,other,st,8,0,1,primary,pm_mudra_yojana,0.0,1,2,1,0
79,1500000,self_employed,other,st,8,0,1,primary,post_matric_sc,0.0,0,3,1,0
79,1500000,self_employed,other,st,8,0,1,primary,eklavya_model_school,0.0,1,2,1,0
79,1500000,self_employed,other,st,8,0,1,primary,indira_gandhi_old_age,0.0,1,2,1,0
63,250000,daily_wage,male,obc,0.5,0,0,postgraduate,pm_suraksha_bima,100.0,2,0,0,1
63,250000,daily_wage,male,obc,0.5,0,0,postgraduate,mgnregs,66.7,2,1,0,1
63,250000,daily_wage,male,obc,0.5,0,0,postgraduate,pm_kisan,0.0,2,2,1,0
63,250000,daily_wage,male,obc,0.5,0,0,postgraduate,pm_fasal_bima,0.0,2,1,1,0
63,250000,daily_wage,male,obc,0.5,0,0,postgraduate,kisan_credit_card,0.0,2,1,1,0
63,250000,daily_wage,male,obc,0.5,0,0,postgraduate,pm_matru_vandana,0.0,2,1,1,0
63,250000,daily_wage,male,obc,0.5,0,0,postgraduate,mahila_shakti_kendra,0.0,1,1,1,0
63,250000,daily_wage,male,obc,0.5,0,0,postgraduate,national_scholarship_portal,0.0,2,2,1,0
63,250000,daily_wage,male,obc,0.5,0,0,postgraduate,pm_scholarship_scheme,0.0,1,2,1,0
63,250000,daily_wage,male,obc,0.5,0,0,postgraduate,ayushman_bharat,0.0,0,2,1,0
63,250000,daily_wage,male,obc,0.5,0,0,postgraduate,pm_jeevan_jyoti,0.0,1,1,1,0
63,250000,daily_wage,male,obc,0.5,0,0,postgraduate,pm_awas_yojana_gramin,0.0,3,1,1,0
63,250000,daily_wage,male,obc,0.5,0,0,postgraduate,pm_mudra_yojana,0.0,2,1,1,0
63,250000,daily_wage,male,obc,0.5,0,0,postgraduate,startup_india_seed_fund,0.0,0,2,1,0
63,250000,daily_wage,male,obc,0.5,0,0,postgraduate,deen_dayal_disability,0.0,1,1,1,0
63,250000,daily_wage,male,obc,0.5,0,0,postgraduate,post_matric_sc,0.0,1,2,1,0
63,250000,daily_wage,male,obc,0.5,0,0,postgraduate,eklavya_model_school,0.0,0,3,1,0
63,250000,daily_wage,male,obc,0.5,0,0,postgraduate,indira_gandhi_old_age,0.0,1,2,1,0
68,400000,other,female,sc,1,1,0,secondary,pm_matru_vandana,100.0,3,0,0,1
68,400000,other,female,sc,1,1,0,secondary,pm_suraksha_bima,100.0,2,0,0,1
68,400000,other,female,sc,1,1,0,secondary,indira_gandhi_old_age,75.0,2,1,0,1
68,400000,other,female,sc,1,1,0,secondary,pm_awas_yojana_gramin,71.4,3,1,0,1
68,400000,other,female,sc,1,1,0,secondary,mgnregs,66.7,2,1,0,1
68,400000,other,female,sc,1,1,0,secondary,mahila_shakti_kendra,60.0,1,1,0,1
68,400000,other,female,sc,1,1,0,secondary,ayushman_bharat,60.0,1,1,0,1
68,400000,other,female,sc,1,1,0,secondary,pm_kisan,0.0,2,2,1,0
68,400000,other,female,sc,1,1,0,secondary,pm_fasal_bima,0.0,2,1,1,0
68,400000,other,female,sc,1,1,0,secondary,kisan_credit_card,0.0,2,1,1,0
68,400000,other,female,sc,1,1,0,secondary,national_scholarship_portal,0.0,1,3,1,0
68,400000,other,female,sc,1,1,0,secondary,pm_scholarship_scheme,0.0,1,2,1,0
68,400000,other,female,sc,1,1,0,secondary,pm_jeevan_jyoti,0.0,1,1,1,0
68,400000,other,female,sc,1,1,0,secondary,pm_mudra_yojana,0.0,1,2,1,0
68,400000,other,female,sc,1,1,0,secondary,startup_india_seed_fund,0.0,0,2,1,0
68,400000,other,female,sc,1,1,0,secondary,deen_dayal_disability,0.0,0,2,1,0
68,400000,other,female,sc,1,1,0,secondary,post_matric_sc,0.0,1,2,1,0
68,400000,other,female,sc,1,1,0,secondary,eklavya_model_school,0.0,0,3,1,0
51,150000,unemployed,other,obc,5,0,0,secondary,pm_suraksha_bima,100.0,2,0,0,1
51,150000,unemployed,other,obc,5,0,0,secondary,mgnregs,100.0,3,0,0,1
51,150000,unemployed,other,obc,5,0,0,secondary,pm_kisan,0.0,3,1,1,0
51,150000,unemployed,other,obc,5,0,0,secondary,pm_fasal_bima,0.0,2,1,1,0
51,150000,unemployed,other,obc,5,0,0,secondary,kisan_credit_card,0.0,2,1,1,0
51,150000,unemployed,other,obc,5,0,0,secondary,pm_matru_vandana,0.0,2,1,1,0
51,150000,unemployed,other,obc,5,0,0,secondary,mahila_shakti_kendra,0.0,1,1,1,0
51,150000,unemployed,other,obc,5,0,0,secondary,national_scholarship_portal,0.0,2,2,1,0
51,150000,unemployed,other,obc,5,0,0,secondary,pm_scholarship_scheme,0.0,1,2,1,0
51,150000,unemployed,other,obc,5,0,0,secondary,ayushman_bharat,0.0,0,2,1,0
51,150000,unemployed,other,obc,5,0,0,secondary,pm_jeevan_jyoti,0.0,1,1,1,0
51,150000,unemployed,other,obc,5,0,0,secondary,pm_awas_yojana_gramin,0.0,2,2,1,0
51,150000,unemployed,other,obc,5,0,0,secondary,pm_mudra_yojana,0.0,2,1,1,0
51,150000,unemployed,other,obc,5,0,0,secondary,startup_india_seed_fund,0.0,0,2,1,0
51,150000,unemployed,other,obc,5,0,0,secondary,deen_dayal_disability,0.0,1,1,1,0
51,150000,unemployed,other,obc,5,0,0,secondary,post_matric_sc,0.0,1,2,1,0
51,150000,unemployed,other,obc,5,0,0,secondary,eklavya_model_school,0.0,0,3,1,0
51,150000,unemployed,other,obc,5,0,0,secondary,indira_gandhi_old_age,0.0,0,3,1,0
